Timestamp,Gender,Age,Arm,Status,Movement,AccelX,AccelY,AccelZ,GyroX,GyroY,GyroZ,AngleX,AngleY,AngleZ,ElbowAngle,ForearmAngle
1,F,11,R,H,STEADY,0.045,-0.009,-0.092,-0.183,-0.202,0.076,-174.2,-26.0,-11.6,0.0,-11.6
11,F,11,R,H,STEADY,0.086,-0.017,-0.174,-0.467,-0.379,0.144,-174.3,-26.0,-11.5,0.0,-11.5
21,F,11,R,H,STEADY,0.122,-0.024,-0.248,-0.796,-0.530,0.209,-174.5,-26.1,-11.1,0.0,-11.1
31,F,11,R,H,STEADY,0.155,-0.029,-0.315,-1.119,-0.674,0.274,-174.7,-26.1,-10.7,0.0,-10.7
41,F,11,R,H,STEADY,0.184,-0.034,-0.374,-1.369,-0.778,0.344,-174.8,-26.1,-10.5,0.0,-10.5
51,F,11,R,H,STEADY,0.210,-0.038,-0.427,-1.554,-0.876,0.409,-174.9,-26.1,-10.4,0.0,-10.4
61,F,11,R,H,STEADY,0.234,-0.043,-0.476,-1.673,-0.974,0.477,-174.9,-26.1,-10.4,0.0,-10.4
71,F,11,R,H,STEADY,0.255,-0.047,-0.519,-1.721,-1.063,0.526,-174.8,-26.0,-10.4,0.0,-10.4
81,F,11,R,H,STEADY,0.273,-0.050,-0.558,-1.696,-1.161,0.586,-174.9,-26.0,-10.4,0.0,-10.4
91,F,11,R,H,STEADY,0.290,-0.053,-0.592,-1.649,-1.260,0.674,-174.9,-26.0,-10.3,0.0,-10.3
101,F,11,R,H,STEADY,0.306,-0.055,-0.624,-1.593,-1.318,0.757,-174.9,-26.0,-10.3,0.0,-10.3
111,F,11,R,H,STEADY,0.320,-0.058,-0.653,-1.526,-1.338,0.828,-174.9,-26.0,-10.3,0.0,-10.3
121,F,11,R,H,STEADY,0.333,-0.061,-0.678,-1.489,-1.336,0.876,-174.9,-26.1,-10.4,0.0,-10.4
131,F,11,R,H,STEADY,0.345,-0.063,-0.702,-1.495,-1.324,0.904,-174.8,-26.1,-10.4,0.0,-10.4
141,F,11,R,H,STEADY,0.356,-0.065,-0.723,-1.535,-1.307,0.924,-174.8,-26.1,-10.4,0.0,-10.4
151,F,11,R,H,STEADY,0.366,-0.067,-0.743,-1.632,-1.275,0.952,-174.8,-26.1,-10.4,0.0,-10.4
161,F,11,R,H,STEADY,0.374,-0.069,-0.760,-1.763,-1.208,0.976,-174.8,-26.1,-10.4,0.0,-10.4
171,F,11,R,H,STEADY,0.382,-0.071,-0.775,-1.927,-1.133,0.979,-174.8,-26.2,-10.5,0.0,-10.5
181,F,11,R,H,STEADY,0.389,-0.072,-0.789,-2.123,-1.039,0.961,-174.8,-26.2,-10.4,0.0,-10.4
191,F,11,R,H,STEADY,0.396,-0.073,-0.801,-2.337,-0.941,0.924,-174.8,-26.2,-10.5,0.0,-10.5
201,F,11,R,H,STEADY,0.401,-0.074,-0.812,-2.534,-0.848,0.899,-174.8,-26.2,-10.4,0.0,-10.4
211,F,11,R,H,STEADY,0.407,-0.074,-0.822,-2.686,-0.769,0.866,-174.8,-26.2,-10.4,0.0,-10.4
221,F,11,R,H,STEADY,0.411,-0.075,-0.831,-2.799,-0.689,0.842,-174.9,-26.2,-10.3,0.0,-10.3
231,F,11,R,H,STEADY,0.415,-0.075,-0.838,-2.887,-0.614,0.832,-174.9,-26.2,-10.3,0.0,-10.3
241,F,11,R,H,STEADY,0.418,-0.075,-0.846,-2.916,-0.538,0.819,-174.9,-26.2,-10.2,0.0,-10.2
251,F,11,R,H,STEADY,0.421,-0.076,-0.852,-2.874,-0.469,0.800,-174.9,-26.2,-10.2,0.0,-10.2
261,F,11,R,H,STEADY,0.424,-0.076,-0.858,-2.758,-0.407,0.793,-174.9,-26.2,-10.2,0.0,-10.2
271,F,11,R,H,STEADY,0.427,-0.077,-0.864,-2.581,-0.345,0.813,-174.9,-26.2,-10.2,0.0,-10.2
281,F,11,R,H,STEADY,0.429,-0.077,-0.869,-2.384,-0.292,0.814,-174.9,-26.2,-10.2,0.0,-10.2
291,F,11,R,H,STEADY,0.431,-0.078,-0.874,-2.196,-0.230,0.815,-174.9,-26.2,-10.2,0.0,-10.2
301,F,11,R,H,STEADY,0.433,-0.079,-0.879,-2.011,-0.163,0.817,-174.9,-26.2,-10.3,0.0,-10.3
311,F,11,R,H,STEADY,0.436,-0.079,-0.882,-1.872,-0.109,0.828,-174.9,-26.2,-10.3,0.0,-10.3
322,F,11,R,H,STEADY,0.437,-0.080,-0.885,-1.790,-0.058,0.840,-174.8,-26.2,-10.4,0.0,-10.4
332,F,11,R,H,STEADY,0.439,-0.081,-0.889,-1.784,-0.035,0.819,-174.8,-26.2,-10.4,0.0,-10.4
342,F,11,R,H,STEADY,0.441,-0.081,-0.891,-1.828,-0.027,0.775,-174.8,-26.2,-10.5,0.0,-10.5
352,F,11,R,H,STEADY,0.442,-0.082,-0.892,-1.900,-0.056,0.709,-174.7,-26.3,-10.5,0.0,-10.5
362,F,11,R,H,STEADY,0.444,-0.083,-0.894,-1.978,-0.111,0.615,-174.7,-26.3,-10.6,0.0,-10.6
372,F,11,R,H,STEADY,0.446,-0.083,-0.893,-2.014,-0.225,0.501,-174.7,-26.4,-10.6,0.0,-10.6
382,F,11,R,H,STEADY,0.447,-0.084,-0.893,-2.021,-0.419,0.371,-174.6,-26.5,-10.6,0.0,-10.6
392,F,11,R,H,STEADY,0.447,-0.084,-0.893,-2.017,-0.691,0.246,-174.6,-26.5,-10.6,0.0,-10.6
402,F,11,R,H,STEADY,0.447,-0.084,-0.894,-2.006,-1.040,0.118,-174.7,-26.5,-10.6,0.0,-10.6
412,F,11,R,H,STEADY,0.448,-0.083,-0.896,-1.943,-1.403,-0.010,-174.7,-26.4,-10.5,0.0,-10.5
422,F,11,R,H,STEADY,0.448,-0.082,-0.898,-1.835,-1.741,-0.130,-174.8,-26.4,-10.4,0.0,-10.4
432,F,11,R,H,STEADY,0.448,-0.080,-0.901,-1.708,-2.066,-0.232,-174.9,-26.4,-10.2,0.0,-10.2
442,F,11,R,H,STEADY,0.449,-0.079,-0.904,-1.563,-2.379,-0.300,-175.0,-26.3,-10.0,0.0,-10.0
452,F,11,R,H,STEADY,0.449,-0.078,-0.908,-1.363,-2.674,-0.358,-175.1,-26.2,-9.8,0.0,-9.8
462,F,11,R,H,STEADY,0.449,-0.077,-0.911,-1.114,-2.953,-0.392,-175.2,-26.2,-9.7,0.0,-9.7
472,F,11,R,H,STEADY,0.449,-0.076,-0.914,-0.769,-3.201,-0.407,-175.3,-26.1,-9.6,0.0,-9.6
482,F,11,R,H,STEADY,0.448,-0.075,-0.917,-0.353,-3.394,-0.379,-175.3,-26.0,-9.5,0.0,-9.5
492,F,11,R,H,STEADY,0.447,-0.075,-0.920,0.114,-3.552,-0.332,-175.3,-25.9,-9.6,0.0,-9.6
502,F,11,R,H,STEADY,0.448,-0.076,-0.922,0.557,-3.659,-0.275,-175.3,-25.8,-9.6,0.0,-9.6
512,F,11,R,H,STEADY,0.448,-0.076,-0.923,0.897,-3.749,-0.213,-175.3,-25.8,-9.6,0.0,-9.6
522,F,11,R,H,STEADY,0.448,-0.077,-0.926,1.097,-3.818,-0.172,-175.3,-25.8,-9.7,0.0,-9.7
532,F,11,R,H,STEADY,0.449,-0.078,-0.927,1.152,-3.863,-0.144,-175.2,-25.8,-9.8,0.0,-9.8
542,F,11,R,H,STEADY,0.449,-0.079,-0.927,1.076,-3.883,-0.142,-175.1,-25.8,-10.0,0.0,-10.0
552,F,11,R,H,STEADY,0.450,-0.079,-0.926,0.918,-3.882,-0.141,-175.1,-25.8,-10.0,0.0,-10.0
562,F,11,R,H,STEADY,0.450,-0.079,-0.926,0.700,-3.850,-0.154,-175.1,-25.8,-10.0,0.0,-10.0
572,F,11,R,H,STEADY,0.450,-0.080,-0.926,0.436,-3.778,-0.150,-175.1,-25.8,-10.1,0.0,-10.1
582,F,11,R,H,STEADY,0.449,-0.081,-0.925,0.185,-3.725,-0.117,-175.0,-25.8,-10.2,0.0,-10.2
592,F,11,R,H,STEADY,0.449,-0.081,-0.924,-0.033,-3.703,-0.081,-175.0,-25.8,-10.2,0.0,-10.2
602,F,11,R,H,STEADY,0.449,-0.081,-0.923,-0.234,-3.699,-0.047,-175.0,-25.9,-10.2,0.0,-10.2
612,F,11,R,H,STEADY,0.448,-0.081,-0.922,-0.402,-3.694,-0.031,-175.0,-25.9,-10.2,0.0,-10.2
622,F,11,R,H,STEADY,0.448,-0.081,-0.921,-0.531,-3.709,-0.024,-175.0,-25.9,-10.3,0.0,-10.3
633,F,11,R,H,STEADY,0.448,-0.081,-0.920,-0.608,-3.742,-0.033,-174.9,-25.9,-10.3,0.0,-10.3
643,F,11,R,H,STEADY,0.448,-0.082,-0.919,-0.611,-3.795,-0.040,-174.9,-25.9,-10.3,0.0,-10.3
653,F,11,R,H,STEADY,0.447,-0.081,-0.919,-0.560,-3.860,-0.031,-175.0,-25.9,-10.3,0.0,-10.3
663,F,11,R,H,STEADY,0.447,-0.081,-0.919,-0.477,-3.924,-0.030,-175.0,-25.9,-10.2,0.0,-10.2
673,F,11,R,H,STEADY,0.447,-0.081,-0.919,-0.363,-3.972,-0.030,-175.0,-25.8,-10.2,0.0,-10.2
683,F,11,R,H,STEADY,0.447,-0.080,-0.919,-0.243,-4.016,-0.021,-175.0,-25.8,-10.2,0.0,-10.2
693,F,11,R,H,STEADY,0.447,-0.080,-0.921,-0.123,-4.029,0.007,-175.0,-25.8,-10.2,0.0,-10.2
703,F,11,R,H,STEADY,0.447,-0.080,-0.921,0.010,-4.022,0.039,-175.0,-25.8,-10.1,0.0,-10.1
713,F,11,R,H,STEADY,0.446,-0.080,-0.921,0.153,-4.017,0.068,-175.0,-25.8,-10.2,0.0,-10.2
723,F,11,R,H,STEADY,0.446,-0.080,-0.922,0.325,-3.980,0.089,-175.0,-25.7,-10.2,0.0,-10.2
733,F,11,R,H,STEADY,0.446,-0.080,-0.922,0.478,-3.895,0.128,-175.0,-25.7,-10.2,0.0,-10.2
743,F,11,R,H,STEADY,0.445,-0.081,-0.921,0.612,-3.766,0.163,-175.0,-25.7,-10.3,0.0,-10.3
753,F,11,R,H,STEADY,0.445,-0.082,-0.921,0.712,-3.628,0.185,-174.9,-25.7,-10.4,0.0,-10.4
763,F,11,R,H,STEADY,0.445,-0.083,-0.920,0.724,-3.482,0.193,-174.9,-25.7,-10.5,0.0,-10.5
773,F,11,R,H,STEADY,0.445,-0.083,-0.920,0.653,-3.350,0.188,-174.8,-25.7,-10.6,0.0,-10.6
783,F,11,R,H,STEADY,0.444,-0.083,-0.919,0.526,-3.229,0.210,-174.8,-25.7,-10.6,0.0,-10.6
793,F,11,R,H,STEADY,0.444,-0.083,-0.919,0.404,-3.103,0.236,-174.8,-25.7,-10.6,0.0,-10.6
803,F,11,R,H,STEADY,0.443,-0.083,-0.920,0.332,-2.953,0.277,-174.8,-25.6,-10.6,0.0,-10.6
813,F,11,R,H,STEADY,0.442,-0.083,-0.920,0.328,-2.807,0.295,-174.8,-25.6,-10.7,0.0,-10.7
823,F,11,R,H,STEADY,0.442,-0.083,-0.921,0.367,-2.644,0.300,-174.8,-25.5,-10.7,0.0,-10.7
833,F,11,R,H,STEADY,0.441,-0.083,-0.922,0.444,-2.494,0.309,-174.8,-25.5,-10.7,0.0,-10.7
843,F,11,R,H,STEADY,0.441,-0.083,-0.921,0.505,-2.364,0.326,-174.8,-25.5,-10.7,0.0,-10.7
853,F,11,R,H,STEADY,0.441,-0.084,-0.922,0.508,-2.245,0.356,-174.8,-25.5,-10.7,0.0,-10.7
863,F,11,R,H,STEADY,0.440,-0.084,-0.922,0.442,-2.108,0.392,-174.8,-25.4,-10.8,0.0,-10.8
873,F,11,R,H,STEADY,0.440,-0.085,-0.921,0.315,-1.938,0.416,-174.7,-25.4,-10.9,0.0,-10.9
883,F,11,R,H,STEADY,0.440,-0.086,-0.921,0.147,-1.755,0.429,-174.7,-25.4,-11.0,0.0,-11.0
893,F,11,R,H,STEADY,0.440,-0.086,-0.921,-0.041,-1.568,0.429,-174.7,-25.4,-11.1,0.0,-11.1
903,F,11,R,H,STEADY,0.440,-0.087,-0.921,-0.230,-1.397,0.436,-174.6,-25.5,-11.1,0.0,-11.1
913,F,11,R,H,STEADY,0.440,-0.087,-0.920,-0.392,-1.279,0.435,-174.6,-25.5,-11.2,0.0,-11.2
923,F,11,R,H,STEADY,0.441,-0.088,-0.919,-0.535,-1.193,0.444,-174.6,-25.5,-11.2,0.0,-11.2
933,F,11,R,H,STEADY,0.441,-0.088,-0.918,-0.672,-1.115,0.441,-174.5,-25.6,-11.3,0.0,-11.3
944,F,11,R,H,STEADY,0.442,-0.089,-0.918,-0.800,-1.053,0.444,-174.5,-25.6,-11.3,0.0,-11.3
954,F,11,R,H,STEADY,0.442,-0.089,-0.918,-0.897,-1.009,0.443,-174.5,-25.6,-11.3,0.0,-11.3
964,F,11,R,H,STEADY,0.443,-0.089,-0.918,-0.977,-1.011,0.439,-174.5,-25.6,-11.4,0.0,-11.4
974,F,11,R,H,STEADY,0.443,-0.088,-0.919,-1.014,-1.018,0.439,-174.5,-25.6,-11.3,0.0,-11.3
984,F,11,R,H,STEADY,0.443,-0.089,-0.920,-0.968,-1.040,0.449,-174.5,-25.6,-11.3,0.0,-11.3
994,F,11,R,H,STEADY,0.442,-0.089,-0.920,-0.880,-1.063,0.457,-174.5,-25.5,-11.4,0.0,-11.4
1004,F,11,R,H,STEADY,0.441,-0.089,-0.921,-0.779,-1.086,0.471,-174.5,-25.5,-11.5,0.0,-11.5
1014,F,11,R,H,STEADY,0.440,-0.090,-0.922,-0.678,-1.109,0.493,-174.4,-25.4,-11.6,0.0,-11.6
1024,F,11,R,H,STEADY,0.438,-0.090,-0.923,-0.596,-1.113,0.540,-174.4,-25.3,-11.7,0.0,-11.7
1034,F,11,R,H,STEADY,0.437,-0.091,-0.924,-0.550,-1.122,0.583,-174.4,-25.2,-11.8,0.0,-11.8
1044,F,11,R,H,STEADY,0.435,-0.092,-0.924,-0.552,-1.110,0.626,-174.3,-25.1,-11.9,0.0,-11.9
1054,F,11,R,H,STEADY,0.434,-0.091,-0.924,-0.567,-1.086,0.685,-174.4,-25.1,-11.9,0.0,-11.9
1064,F,11,R,H,STEADY,0.434,-0.091,-0.925,-0.536,-1.040,0.779,-174.4,-25.0,-11.8,0.0,-11.8
1074,F,11,R,H,STEADY,0.434,-0.090,-0.924,-0.465,-0.998,0.883,-174.4,-25.1,-11.8,0.0,-11.8
1084,F,11,R,H,STEADY,0.434,-0.090,-0.924,-0.340,-0.977,0.984,-174.4,-25.1,-11.7,0.0,-11.7
1094,F,11,R,H,STEADY,0.435,-0.089,-0.924,-0.207,-0.945,1.084,-174.5,-25.1,-11.6,0.0,-11.6
1104,F,11,R,H,STEADY,0.436,-0.089,-0.923,-0.073,-0.905,1.176,-174.5,-25.2,-11.5,0.0,-11.5
1114,F,11,R,H,STEADY,0.437,-0.089,-0.922,0.038,-0.855,1.250,-174.5,-25.3,-11.5,0.0,-11.5
1124,F,11,R,H,STEADY,0.438,-0.090,-0.922,0.101,-0.803,1.293,-174.4,-25.3,-11.6,0.0,-11.6
1134,F,11,R,H,STEADY,0.438,-0.091,-0.921,0.101,-0.747,1.334,-174.4,-25.3,-11.7,0.0,-11.7
1144,F,11,R,H,STEADY,0.440,-0.091,-0.920,0.009,-0.703,1.375,-174.3,-25.4,-11.7,0.0,-11.7
1154,F,11,R,H,STEADY,0.441,-0.091,-0.920,-0.168,-0.682,1.394,-174.3,-25.5,-11.7,0.0,-11.7
1164,F,11,R,H,STEADY,0.441,-0.092,-0.919,-0.402,-0.721,1.398,-174.3,-25.5,-11.7,0.0,-11.7
1174,F,11,R,H,STEADY,0.442,-0.091,-0.919,-0.644,-0.779,1.378,-174.3,-25.6,-11.7,0.0,-11.7
1184,F,11,R,H,STEADY,0.443,-0.091,-0.918,-0.842,-0.861,1.325,-174.3,-25.7,-11.6,0.0,-11.6
1194,F,11,R,H,STEADY,0.444,-0.090,-0.918,-1.013,-0.956,1.251,-174.4,-25.7,-11.5,0.0,-11.5
1204,F,11,R,H,STEADY,0.444,-0.090,-0.917,-1.140,-1.021,1.188,-174.4,-25.7,-11.4,0.0,-11.4
1214,F,11,R,H,STEADY,0.445,-0.089,-0.917,-1.187,-1.100,1.124,-174.4,-25.8,-11.4,0.0,-11.4
1224,F,11,R,H,STEADY,0.446,-0.089,-0.916,-1.136,-1.192,1.073,-174.4,-25.8,-11.3,0.0,-11.3
1234,F,11,R,H,STEADY,0.446,-0.090,-0.916,-1.014,-1.299,1.028,-174.4,-25.9,-11.4,0.0,-11.4
1244,F,11,R,H,STEADY,0.446,-0.090,-0.915,-0.875,-1.377,0.969,-174.4,-25.9,-11.4,0.0,-11.4
1255,F,11,R,H,STEADY,0.446,-0.090,-0.916,-0.788,-1.443,0.905,-174.4,-25.9,-11.5,0.0,-11.5
1265,F,11,R,H,STEADY,0.447,-0.091,-0.916,-0.733,-1.476,0.864,-174.3,-25.9,-11.5,0.0,-11.5
1275,F,11,R,H,STEADY,0.447,-0.092,-0.917,-0.719,-1.505,0.839,-174.3,-25.9,-11.6,0.0,-11.6
1285,F,11,R,H,STEADY,0.447,-0.092,-0.918,-0.752,-1.513,0.829,-174.2,-25.8,-11.7,0.0,-11.7
1295,F,11,R,H,STEADY,0.447,-0.093,-0.918,-0.836,-1.483,0.827,-174.2,-25.8,-11.7,0.0,-11.7
1305,F,11,R,H,STEADY,0.447,-0.093,-0.918,-0.949,-1.420,0.832,-174.2,-25.8,-11.8,0.0,-11.8
1315,F,11,R,H,STEADY,0.447,-0.093,-0.917,-1.046,-1.340,0.863,-174.2,-25.9,-11.8,0.0,-11.8
1325,F,11,R,H,STEADY,0.447,-0.094,-0.917,-1.115,-1.264,0.903,-174.2,-25.9,-11.8,0.0,-11.8
1335,F,11,R,H,STEADY,0.447,-0.094,-0.916,-1.155,-1.185,0.944,-174.1,-25.9,-11.9,0.0,-11.9
1345,F,11,R,H,STEADY,0.447,-0.094,-0.916,-1.183,-1.133,0.990,-174.1,-25.9,-11.9,0.0,-11.9
1355,F,11,R,H,STEADY,0.447,-0.094,-0.915,-1.191,-1.120,1.037,-174.1,-25.9,-11.9,0.0,-11.9
1365,F,11,R,H,STEADY,0.446,-0.095,-0.915,-1.173,-1.119,1.079,-174.1,-25.9,-12.0,0.0,-12.0
1375,F,11,R,H,STEADY,0.446,-0.095,-0.915,-1.138,-1.120,1.104,-174.0,-25.9,-12.1,0.0,-12.1
1385,F,11,R,H,STEADY,0.446,-0.095,-0.915,-1.089,-1.152,1.129,-174.1,-25.8,-12.1,0.0,-12.1
1395,F,11,R,H,STEADY,0.445,-0.094,-0.915,-1.011,-1.153,1.140,-174.1,-25.8,-12.0,0.0,-12.0
1405,F,11,R,H,STEADY,0.445,-0.093,-0.917,-0.885,-1.137,1.145,-174.2,-25.8,-11.9,0.0,-11.9
1415,F,11,R,H,STEADY,0.445,-0.092,-0.918,-0.712,-1.107,1.145,-174.2,-25.7,-11.7,0.0,-11.7
1425,F,11,R,H,STEADY,0.444,-0.092,-0.919,-0.486,-1.056,1.156,-174.3,-25.7,-11.6,0.0,-11.6
1435,F,11,R,H,STEADY,0.444,-0.091,-0.921,-0.206,-1.002,1.147,-174.3,-25.6,-11.6,0.0,-11.6
1445,F,11,R,H,STEADY,0.443,-0.091,-0.922,0.053,-0.971,1.110,-174.3,-25.6,-11.6,0.0,-11.6
1455,F,11,R,H,STEADY,0.442,-0.091,-0.922,0.194,-0.960,1.068,-174.3,-25.5,-11.7,0.0,-11.7
1465,F,11,R,H,STEADY,0.440,-0.092,-0.922,0.153,-0.918,1.049,-174.3,-25.4,-11.9,0.0,-11.9
1475,F,11,R,H,STEADY,0.439,-0.094,-0.922,-0.032,-0.870,1.040,-174.2,-25.4,-12.0,0.0,-12.0
1485,F,11,R,H,STEADY,0.439,-0.095,-0.922,-0.326,-0.814,1.042,-174.1,-25.3,-12.2,0.0,-12.2
1495,F,11,R,H,STEADY,0.439,-0.095,-0.921,-0.684,-0.779,1.052,-174.1,-25.4,-12.2,0.0,-12.2
1505,F,11,R,H,STEADY,0.439,-0.095,-0.920,-1.041,-0.744,1.051,-174.1,-25.4,-12.2,0.0,-12.2
1515,F,11,R,H,STEADY,0.439,-0.095,-0.918,-1.354,-0.728,1.035,-174.1,-25.5,-12.2,0.0,-12.2
1525,F,11,R,H,STEADY,0.440,-0.094,-0.916,-1.573,-0.728,1.013,-174.1,-25.5,-12.1,0.0,-12.1
1535,F,11,R,H,STEADY,0.440,-0.094,-0.915,-1.675,-0.743,0.990,-174.1,-25.6,-12.0,0.0,-12.0
1545,F,11,R,H,STEADY,0.440,-0.093,-0.914,-1.713,-0.777,0.979,-174.2,-25.6,-12.0,0.0,-12.0
1555,F,11,R,H,STEADY,0.441,-0.093,-0.914,-1.704,-0.799,0.978,-174.2,-25.6,-12.0,0.0,-12.0
1566,F,11,R,H,STEADY,0.441,-0.093,-0.914,-1.659,-0.830,0.982,-174.2,-25.7,-11.9,0.0,-11.9
1576,F,11,R,H,STEADY,0.441,-0.093,-0.913,-1.578,-0.902,0.970,-174.2,-25.7,-11.9,0.0,-11.9
1586,F,11,R,H,STEADY,0.442,-0.093,-0.914,-1.509,-0.992,0.958,-174.2,-25.7,-11.9,0.0,-11.9
1596,F,11,R,H,STEADY,0.442,-0.093,-0.915,-1.483,-1.086,0.946,-174.2,-25.7,-11.9,0.0,-11.9
1606,F,11,R,H,STEADY,0.442,-0.093,-0.916,-1.475,-1.185,0.928,-174.2,-25.7,-11.9,0.0,-11.9
1616,F,11,R,H,STEADY,0.443,-0.094,-0.917,-1.453,-1.294,0.921,-174.1,-25.6,-12.0,0.0,-12.0
1626,F,11,R,H,STEADY,0.443,-0.094,-0.918,-1.452,-1.371,0.919,-174.1,-25.6,-12.0,0.0,-12.0
1636,F,11,R,H,STEADY,0.444,-0.094,-0.919,-1.495,-1.416,0.911,-174.1,-25.7,-12.0,0.0,-12.0
1646,F,11,R,H,STEADY,0.444,-0.094,-0.919,-1.572,-1.446,0.921,-174.1,-25.7,-12.0,0.0,-12.0
1656,F,11,R,H,STEADY,0.445,-0.094,-0.918,-1.658,-1.479,0.919,-174.2,-25.7,-11.9,0.0,-11.9
1666,F,11,R,H,STEADY,0.445,-0.094,-0.919,-1.711,-1.520,0.907,-174.2,-25.7,-11.9,0.0,-11.9
1676,F,11,R,H,STEADY,0.445,-0.093,-0.918,-1.772,-1.564,0.883,-174.2,-25.8,-11.8,0.0,-11.8
1686,F,11,R,H,STEADY,0.446,-0.093,-0.918,-1.808,-1.592,0.840,-174.2,-25.8,-11.8,0.0,-11.8
1696,F,11,R,H,STEADY,0.446,-0.093,-0.917,-1.807,-1.609,0.800,-174.2,-25.8,-11.8,0.0,-11.8
1706,F,11,R,H,STEADY,0.447,-0.093,-0.916,-1.822,-1.617,0.773,-174.2,-25.9,-11.7,0.0,-11.7
1716,F,11,R,H,STEADY,0.448,-0.093,-0.916,-1.885,-1.628,0.751,-174.2,-25.9,-11.7,0.0,-11.7
1726,F,11,R,H,STEADY,0.448,-0.093,-0.916,-1.953,-1.653,0.740,-174.2,-25.9,-11.7,0.0,-11.7
1736,F,11,R,H,STEADY,0.447,-0.092,-0.916,-2.049,-1.714,0.729,-174.2,-25.9,-11.7,0.0,-11.7
1746,F,11,R,H,STEADY,0.447,-0.092,-0.917,-2.158,-1.782,0.729,-174.3,-25.9,-11.7,0.0,-11.7
1756,F,11,R,H,STEADY,0.447,-0.092,-0.917,-2.277,-1.838,0.726,-174.3,-25.8,-11.6,0.0,-11.6
1766,F,11,R,H,STEADY,0.446,-0.092,-0.918,-2.381,-1.867,0.744,-174.3,-25.8,-11.6,0.0,-11.6
1776,F,11,R,H,STEADY,0.446,-0.091,-0.919,-2.426,-1.904,0.766,-174.4,-25.8,-11.5,0.0,-11.5
1786,F,11,R,H,STEADY,0.445,-0.090,-0.920,-2.417,-1.969,0.791,-174.4,-25.7,-11.5,0.0,-11.5
1796,F,11,R,H,STEADY,0.444,-0.090,-0.922,-2.365,-2.040,0.811,-174.4,-25.6,-11.5,0.0,-11.5
1806,F,11,R,H,STEADY,0.444,-0.089,-0.923,-2.301,-2.089,0.813,-174.5,-25.6,-11.4,0.0,-11.4
1816,F,11,R,H,STEADY,0.443,-0.088,-0.924,-2.224,-2.109,0.823,-174.5,-25.5,-11.3,0.0,-11.3
1826,F,11,R,H,STEADY,0.443,-0.088,-0.924,-2.104,-2.096,0.846,-174.6,-25.5,-11.2,0.0,-11.2
1836,F,11,R,H,STEADY,0.443,-0.088,-0.925,-1.957,-2.057,0.868,-174.6,-25.5,-11.2,0.0,-11.2
1846,F,11,R,H,STEADY,0.443,-0.087,-0.925,-1.766,-2.018,0.890,-174.6,-25.5,-11.2,0.0,-11.2
1856,F,11,R,H,STEADY,0.443,-0.087,-0.924,-1.583,-1.952,0.922,-174.6,-25.5,-11.2,0.0,-11.2
1866,F,11,R,H,STEADY,0.443,-0.088,-0.924,-1.415,-1.869,0.964,-174.6,-25.5,-11.2,0.0,-11.2
1877,F,11,R,H,STEADY,0.443,-0.088,-0.924,-1.287,-1.780,1.008,-174.6,-25.5,-11.3,0.0,-11.3
1887,F,11,R,H,STEADY,0.443,-0.089,-0.923,-1.215,-1.680,1.055,-174.5,-25.5,-11.3,0.0,-11.3
1897,F,11,R,H,STEADY,0.442,-0.090,-0.922,-1.240,-1.560,1.074,-174.4,-25.5,-11.5,0.0,-11.5
1907,F,11,R,H,STEADY,0.442,-0.090,-0.922,-1.345,-1.412,1.087,-174.4,-25.5,-11.5,0.0,-11.5
1917,F,11,R,H,STEADY,0.442,-0.090,-0.922,-1.505,-1.247,1.101,-174.4,-25.5,-11.5,0.0,-11.5
1927,F,11,R,H,STEADY,0.442,-0.091,-0.921,-1.677,-1.075,1.144,-174.4,-25.5,-11.6,0.0,-11.6
1937,F,11,R,H,STEADY,0.441,-0.090,-0.921,-1.830,-0.904,1.195,-174.4,-25.5,-11.6,0.0,-11.6
1947,F,11,R,H,STEADY,0.441,-0.090,-0.921,-1.966,-0.727,1.243,-174.4,-25.5,-11.5,0.0,-11.5
1957,F,11,R,H,STEADY,0.441,-0.089,-0.921,-2.056,-0.566,1.287,-174.5,-25.5,-11.4,0.0,-11.4
1967,F,11,R,H,STEADY,0.441,-0.089,-0.920,-2.107,-0.423,1.320,-174.5,-25.5,-11.4,0.0,-11.4
1977,F,11,R,H,STEADY,0.442,-0.089,-0.920,-2.119,-0.278,1.355,-174.5,-25.5,-11.4,0.0,-11.4
1987,F,11,R,H,STEADY,0.442,-0.089,-0.920,-2.143,-0.138,1.401,-174.5,-25.6,-11.4,0.0,-11.4
1997,F,11,R,H,STEADY,0.443,-0.089,-0.919,-2.192,-0.026,1.451,-174.4,-25.6,-11.4,0.0,-11.4
2007,F,11,R,H,STEADY,0.443,-0.090,-0.918,-2.266,0.074,1.472,-174.4,-25.7,-11.4,0.0,-11.4
2017,F,11,R,H,STEADY,0.444,-0.090,-0.917,-2.358,0.143,1.483,-174.4,-25.7,-11.4,0.0,-11.4
2027,F,11,R,H,STEADY,0.445,-0.090,-0.916,-2.481,0.198,1.465,-174.4,-25.8,-11.4,0.0,-11.4
2037,F,11,R,H,STEADY,0.446,-0.090,-0.915,-2.595,0.216,1.457,-174.4,-25.9,-11.4,0.0,-11.4
2047,F,11,R,H,STEADY,0.447,-0.089,-0.915,-2.677,0.201,1.429,-174.4,-25.9,-11.3,0.0,-11.3
2057,F,11,R,H,STEADY,0.447,-0.089,-0.914,-2.709,0.160,1.407,-174.5,-26.0,-11.2,0.0,-11.2
2067,F,11,R,H,STEADY,0.448,-0.088,-0.914,-2.704,0.105,1.375,-174.5,-26.0,-11.1,0.0,-11.1
2077,F,11,R,H,STEADY,0.448,-0.088,-0.913,-2.659,0.046,1.335,-174.5,-26.0,-11.0,0.0,-11.0
2087,F,11,R,H,STEADY,0.448,-0.087,-0.914,-2.555,-0.020,1.283,-174.6,-26.0,-11.0,0.0,-11.0
2097,F,11,R,H,STEADY,0.449,-0.087,-0.915,-2.397,-0.094,1.248,-174.6,-26.0,-11.0,0.0,-11.0
2107,F,11,R,H,STEADY,0.448,-0.087,-0.915,-2.215,-0.177,1.197,-174.6,-26.0,-11.0,0.0,-11.0
2117,F,11,R,H,STEADY,0.448,-0.087,-0.915,-2.065,-0.249,1.176,-174.6,-26.0,-11.0,0.0,-11.0
2127,F,11,R,H,STEADY,0.448,-0.087,-0.915,-1.948,-0.326,1.168,-174.6,-26.0,-11.0,0.0,-11.0
2137,F,11,R,H,STEADY,0.448,-0.087,-0.915,-1.843,-0.395,1.177,-174.6,-26.0,-11.0,0.0,-11.0
2147,F,11,R,H,STEADY,0.448,-0.087,-0.915,-1.746,-0.461,1.188,-174.6,-26.0,-11.0,0.0,-11.0
2157,F,11,R,H,STEADY,0.448,-0.087,-0.916,-1.698,-0.525,1.179,-174.6,-26.0,-11.0,0.0,-11.0
2167,F,11,R,H,STEADY,0.449,-0.087,-0.915,-1.689,-0.595,1.170,-174.6,-26.0,-11.0,0.0,-11.0
2177,F,11,R,H,STEADY,0.449,-0.087,-0.915,-1.741,-0.637,1.177,-174.6,-26.0,-10.9,0.0,-10.9
2188,F,11,R,H,STEADY,0.449,-0.086,-0.914,-1.821,-0.667,1.194,-174.6,-26.1,-10.9,0.0,-10.9
2198,F,11,R,H,STEADY,0.449,-0.086,-0.913,-1.931,-0.679,1.207,-174.6,-26.1,-10.9,0.0,-10.9
2208,F,11,R,H,STEADY,0.450,-0.086,-0.913,-2.037,-0.694,1.232,-174.6,-26.1,-10.9,0.0,-10.9
2218,F,11,R,H,STEADY,0.450,-0.086,-0.913,-2.158,-0.710,1.245,-174.6,-26.1,-10.8,0.0,-10.8
2228,F,11,R,H,STEADY,0.450,-0.086,-0.914,-2.351,-0.741,1.263,-174.6,-26.1,-10.8,0.0,-10.8
2238,F,11,R,H,STEADY,0.451,-0.086,-0.914,-2.616,-0.769,1.278,-174.6,-26.1,-10.8,0.0,-10.8
2248,F,11,R,H,STEADY,0.451,-0.086,-0.916,-2.950,-0.803,1.304,-174.7,-26.1,-10.8,0.0,-10.8
2258,F,11,R,H,STEADY,0.450,-0.086,-0.917,-3.342,-0.838,1.361,-174.7,-26.1,-10.8,0.0,-10.8
2268,F,11,R,H,STEADY,0.450,-0.086,-0.920,-3.746,-0.863,1.426,-174.7,-26.0,-10.8,0.0,-10.8
2278,F,11,R,H,STEADY,0.449,-0.085,-0.921,-4.136,-0.865,1.491,-174.7,-25.9,-10.7,0.0,-10.7
2288,F,11,R,H,STEADY,0.449,-0.084,-0.922,-4.492,-0.828,1.560,-174.8,-25.9,-10.6,0.0,-10.6
2298,F,11,R,H,STEADY,0.449,-0.083,-0.922,-4.755,-0.778,1.620,-174.8,-25.9,-10.5,0.0,-10.5
2308,F,11,R,H,STEADY,0.450,-0.083,-0.921,-4.920,-0.747,1.667,-174.9,-25.9,-10.4,0.0,-10.4
2318,F,11,R,H,STEADY,0.450,-0.082,-0.921,-4.968,-0.731,1.702,-174.9,-26.0,-10.3,0.0,-10.3
2328,F,11,R,H,STEADY,0.450,-0.082,-0.920,-4.867,-0.748,1.727,-174.9,-26.0,-10.3,0.0,-10.3
2338,F,11,R,H,STEADY,0.450,-0.082,-0.919,-4.646,-0.799,1.727,-174.9,-26.0,-10.3,0.0,-10.3
2348,F,11,R,H,STEADY,0.450,-0.081,-0.918,-4.342,-0.838,1.700,-174.9,-26.0,-10.2,0.0,-10.2
2358,F,11,R,H,STEADY,0.451,-0.081,-0.916,-3.991,-0.887,1.686,-175.0,-26.1,-10.1,0.0,-10.1
2368,F,11,R,H,STEADY,0.451,-0.080,-0.916,-3.630,-0.972,1.676,-175.0,-26.1,-10.0,0.0,-10.0
2378,F,11,R,H,STEADY,0.452,-0.079,-0.915,-3.233,-1.098,1.660,-175.0,-26.2,-10.0,0.0,-10.0
2388,F,11,R,H,STEADY,0.452,-0.079,-0.915,-2.776,-1.240,1.618,-175.1,-26.2,-9.9,0.0,-9.9
2398,F,11,R,H,STEADY,0.453,-0.079,-0.914,-2.278,-1.381,1.581,-175.1,-26.3,-9.9,0.0,-9.9
2408,F,11,R,H,STEADY,0.453,-0.079,-0.914,-1.834,-1.522,1.534,-175.1,-26.3,-9.9,0.0,-9.9
2418,F,11,R,H,STEADY,0.453,-0.079,-0.915,-1.457,-1.682,1.484,-175.1,-26.3,-9.9,0.0,-9.9
2428,F,11,R,H,STEADY,0.453,-0.079,-0.916,-1.189,-1.864,1.443,-175.1,-26.3,-9.9,0.0,-9.9
2438,F,11,R,H,STEADY,0.453,-0.080,-0.917,-1.038,-2.037,1.405,-175.0,-26.2,-10.0,0.0,-10.0
2448,F,11,R,H,STEADY,0.453,-0.080,-0.918,-1.031,-2.204,1.368,-175.0,-26.2,-10.1,0.0,-10.1
2458,F,11,R,H,STEADY,0.453,-0.080,-0.919,-1.159,-2.339,1.325,-175.0,-26.1,-10.1,0.0,-10.1
2468,F,11,R,H,STEADY,0.452,-0.080,-0.921,-1.368,-2.447,1.271,-175.0,-26.1,-10.1,0.0,-10.1
2478,F,11,R,H,STEADY,0.452,-0.080,-0.921,-1.633,-2.536,1.210,-175.1,-26.0,-10.0,0.0,-10.0
2488,F,11,R,H,STEADY,0.452,-0.079,-0.922,-1.869,-2.616,1.149,-175.1,-26.0,-9.9,0.0,-9.9
2499,F,11,R,H,STEADY,0.451,-0.079,-0.922,-2.050,-2.676,1.095,-175.1,-26.0,-9.9,0.0,-9.9
2509,F,11,R,H,STEADY,0.451,-0.078,-0.922,-2.127,-2.736,1.049,-175.2,-26.0,-9.8,0.0,-9.8
2519,F,11,R,H,STEADY,0.451,-0.077,-0.922,-2.123,-2.764,1.009,-175.2,-26.0,-9.7,0.0,-9.7
2529,F,11,R,H,STEADY,0.450,-0.077,-0.921,-2.097,-2.777,0.972,-175.2,-25.9,-9.7,0.0,-9.7
2539,F,11,R,H,STEADY,0.449,-0.076,-0.921,-2.039,-2.787,0.917,-175.3,-25.9,-9.6,0.0,-9.6
2549,F,11,R,H,STEADY,0.449,-0.076,-0.920,-2.014,-2.787,0.863,-175.3,-25.9,-9.6,0.0,-9.6
2559,F,11,R,H,STEADY,0.449,-0.076,-0.920,-2.031,-2.795,0.796,-175.3,-25.9,-9.6,0.0,-9.6
2569,F,11,R,H,STEADY,0.448,-0.076,-0.920,-2.092,-2.793,0.735,-175.3,-25.9,-9.6,0.0,-9.6
2579,F,11,R,H,STEADY,0.447,-0.076,-0.920,-2.113,-2.797,0.670,-175.3,-25.8,-9.7,0.0,-9.7
2589,F,11,R,H,STEADY,0.446,-0.076,-0.920,-2.141,-2.779,0.616,-175.3,-25.8,-9.6,0.0,-9.6
2599,F,11,R,H,STEADY,0.446,-0.076,-0.920,-2.159,-2.751,0.560,-175.3,-25.8,-9.7,0.0,-9.7
2609,F,11,R,H,STEADY,0.445,-0.076,-0.920,-2.162,-2.725,0.522,-175.3,-25.8,-9.7,0.0,-9.7
2619,F,11,R,H,STEADY,0.445,-0.076,-0.920,-2.160,-2.713,0.491,-175.3,-25.7,-9.7,0.0,-9.7
2629,F,11,R,H,STEADY,0.444,-0.076,-0.919,-2.163,-2.689,0.462,-175.3,-25.7,-9.7,0.0,-9.7
2639,F,11,R,H,STEADY,0.444,-0.075,-0.919,-2.161,-2.656,0.436,-175.3,-25.7,-9.6,0.0,-9.6
2649,F,11,R,H,STEADY,0.444,-0.075,-0.918,-2.145,-2.626,0.408,-175.3,-25.8,-9.6,0.0,-9.6
2659,F,11,R,H,STEADY,0.445,-0.076,-0.917,-2.128,-2.606,0.384,-175.3,-25.8,-9.6,0.0,-9.6
2669,F,11,R,H,STEADY,0.445,-0.075,-0.916,-2.101,-2.584,0.345,-175.3,-25.8,-9.6,0.0,-9.6
2679,F,11,R,H,STEADY,0.446,-0.076,-0.916,-2.048,-2.581,0.318,-175.3,-25.9,-9.6,0.0,-9.6
2689,F,11,R,H,STEADY,0.445,-0.075,-0.915,-1.965,-2.602,0.304,-175.3,-25.9,-9.6,0.0,-9.6
2699,F,11,R,H,STEADY,0.445,-0.075,-0.915,-1.833,-2.622,0.293,-175.3,-25.9,-9.6,0.0,-9.6
2709,F,11,R,H,STEADY,0.445,-0.075,-0.914,-1.691,-2.637,0.271,-175.3,-25.9,-9.6,0.0,-9.6
2719,F,11,R,H,STEADY,0.444,-0.075,-0.914,-1.579,-2.652,0.256,-175.3,-25.9,-9.6,0.0,-9.6
2729,F,11,R,H,STEADY,0.444,-0.075,-0.914,-1.506,-2.657,0.251,-175.3,-25.9,-9.6,0.0,-9.6
2739,F,11,R,H,STEADY,0.445,-0.075,-0.914,-1.471,-2.665,0.255,-175.3,-25.9,-9.6,0.0,-9.6
2749,F,11,R,H,STEADY,0.444,-0.076,-0.914,-1.580,-2.643,0.267,-175.3,-25.8,-9.7,0.0,-9.7
2759,F,11,R,H,STEADY,0.444,-0.076,-0.915,-1.837,-2.613,0.284,-175.2,-25.8,-9.8,0.0,-9.8
2769,F,11,R,H,STEADY,0.444,-0.077,-0.916,-2.136,-2.595,0.285,-175.2,-25.8,-9.9,0.0,-9.9
2779,F,11,R,H,STEADY,0.444,-0.078,-0.916,-2.478,-2.577,0.249,-175.2,-25.8,-9.9,0.0,-9.9
2789,F,11,R,H,STEADY,0.443,-0.077,-0.917,-2.880,-2.582,0.200,-175.2,-25.7,-9.9,0.0,-9.9
2799,F,11,R,H,STEADY,0.443,-0.077,-0.919,-3.257,-2.622,0.146,-175.2,-25.6,-9.9,0.0,-9.9
2810,F,11,R,H,STEADY,0.441,-0.076,-0.922,-3.509,-2.675,0.105,-175.3,-25.5,-9.8,0.0,-9.8
2820,F,11,R,H,STEADY,0.441,-0.075,-0.923,-3.645,-2.732,0.097,-175.4,-25.5,-9.6,0.0,-9.6
2830,F,11,R,H,STEADY,0.441,-0.074,-0.924,-3.654,-2.785,0.095,-175.4,-25.4,-9.5,0.0,-9.5
2840,F,11,R,H,STEADY,0.441,-0.072,-0.925,-3.576,-2.806,0.095,-175.5,-25.4,-9.3,0.0,-9.3
2850,F,11,R,H,STEADY,0.441,-0.071,-0.926,-3.411,-2.808,0.098,-175.6,-25.4,-9.2,0.0,-9.2
2860,F,11,R,H,STEADY,0.440,-0.071,-0.928,-3.188,-2.816,0.109,-175.6,-25.3,-9.1,0.0,-9.1
2870,F,11,R,H,STEADY,0.440,-0.071,-0.928,-2.948,-2.829,0.146,-175.6,-25.3,-9.1,0.0,-9.1
2880,F,11,R,H,STEADY,0.440,-0.071,-0.928,-2.718,-2.837,0.199,-175.6,-25.3,-9.1,0.0,-9.1
2890,F,11,R,H,STEADY,0.440,-0.071,-0.928,-2.493,-2.838,0.252,-175.6,-25.3,-9.2,0.0,-9.2
2900,F,11,R,H,STEADY,0.440,-0.071,-0.928,-2.315,-2.826,0.293,-175.6,-25.3,-9.2,0.0,-9.2
2910,F,11,R,H,STEADY,0.440,-0.071,-0.927,-2.187,-2.780,0.337,-175.6,-25.3,-9.2,0.0,-9.2
2920,F,11,R,H,STEADY,0.440,-0.071,-0.926,-2.041,-2.720,0.387,-175.6,-25.4,-9.2,0.0,-9.2
2930,F,11,R,H,STEADY,0.440,-0.072,-0.926,-1.870,-2.669,0.447,-175.6,-25.4,-9.2,0.0,-9.2
2940,F,11,R,H,STEADY,0.440,-0.071,-0.925,-1.717,-2.628,0.489,-175.6,-25.4,-9.2,0.0,-9.2
2950,F,11,R,H,STEADY,0.440,-0.072,-0.924,-1.598,-2.568,0.530,-175.6,-25.4,-9.3,0.0,-9.3
2960,F,11,R,H,STEADY,0.441,-0.072,-0.923,-1.542,-2.495,0.577,-175.5,-25.5,-9.3,0.0,-9.3
2970,F,11,R,H,STEADY,0.441,-0.072,-0.922,-1.522,-2.419,0.642,-175.5,-25.5,-9.3,0.0,-9.3
2980,F,11,R,H,STEADY,0.441,-0.072,-0.921,-1.555,-2.347,0.717,-175.5,-25.5,-9.3,0.0,-9.3
2990,F,11,R,H,STEADY,0.441,-0.072,-0.920,-1.636,-2.302,0.760,-175.5,-25.5,-9.3,0.0,-9.3
3000,F,11,R,H,STEADY,0.441,-0.073,-0.919,-1.692,-2.326,0.782,-175.5,-25.6,-9.4,0.0,-9.4
3010,F,11,R,H,STEADY,0.441,-0.073,-0.918,-1.755,-2.415,0.793,-175.5,-25.6,-9.4,0.0,-9.4
3020,F,11,R,H,STEADY,0.441,-0.073,-0.919,-1.827,-2.552,0.817,-175.5,-25.5,-9.4,0.0,-9.4
3030,F,11,R,H,STEADY,0.440,-0.072,-0.920,-1.838,-2.758,0.873,-175.5,-25.5,-9.3,0.0,-9.3
3040,F,11,R,H,STEADY,0.440,-0.072,-0.923,-1.776,-2.972,0.940,-175.5,-25.5,-9.3,0.0,-9.3
3050,F,11,R,H,STEADY,0.440,-0.072,-0.924,-1.667,-3.172,0.993,-175.6,-25.4,-9.2,0.0,-9.2
3060,F,11,R,H,STEADY,0.440,-0.071,-0.925,-1.534,-3.349,1.033,-175.6,-25.4,-9.1,0.0,-9.1
3070,F,11,R,H,STEADY,0.439,-0.070,-0.927,-1.348,-3.491,1.069,-175.7,-25.3,-9.0,0.0,-9.0
3080,F,11,R,H,STEADY,0.439,-0.070,-0.927,-1.117,-3.608,1.097,-175.7,-25.3,-9.0,0.0,-9.0
3090,F,11,R,H,STEADY,0.439,-0.070,-0.929,-0.902,-3.724,1.119,-175.7,-25.2,-9.0,0.0,-9.0
3100,F,11,R,H,STEADY,0.439,-0.070,-0.930,-0.767,-3.818,1.138,-175.7,-25.2,-9.1,0.0,-9.1
3110,F,11,R,H,STEADY,0.438,-0.070,-0.931,-0.705,-3.894,1.143,-175.7,-25.1,-9.1,0.0,-9.1
3121,F,11,R,H,STEADY,0.437,-0.070,-0.931,-0.728,-3.919,1.146,-175.7,-25.1,-9.2,0.0,-9.2
3131,F,11,R,H,STEADY,0.436,-0.071,-0.931,-0.817,-3.902,1.120,-175.6,-25.0,-9.2,0.0,-9.2
3141,F,11,R,H,STEADY,0.435,-0.071,-0.931,-0.939,-3.865,1.076,-175.7,-25.0,-9.2,0.0,-9.2
3151,F,11,R,H,STEADY,0.435,-0.071,-0.931,-1.042,-3.801,1.033,-175.6,-25.0,-9.3,0.0,-9.3
3161,F,11,R,H,STEADY,0.435,-0.071,-0.931,-1.102,-3.727,1.002,-175.7,-25.0,-9.2,0.0,-9.2
3171,F,11,R,H,STEADY,0.434,-0.071,-0.930,-1.092,-3.651,0.983,-175.7,-25.0,-9.2,0.0,-9.2
3181,F,11,R,H,STEADY,0.434,-0.071,-0.929,-1.061,-3.592,0.945,-175.6,-25.0,-9.3,0.0,-9.3
3191,F,11,R,H,STEADY,0.433,-0.072,-0.927,-1.024,-3.522,0.909,-175.6,-25.0,-9.4,0.0,-9.4
3201,F,11,R,H,STEADY,0.432,-0.072,-0.927,-0.978,-3.457,0.884,-175.6,-24.9,-9.4,0.0,-9.4
3211,F,11,R,H,STEADY,0.431,-0.072,-0.926,-0.941,-3.390,0.874,-175.6,-24.9,-9.4,0.0,-9.4
3221,F,11,R,H,STEADY,0.431,-0.072,-0.924,-0.876,-3.327,0.883,-175.6,-24.9,-9.4,0.0,-9.4
3231,F,11,R,H,STEADY,0.430,-0.072,-0.923,-0.813,-3.259,0.897,-175.5,-24.9,-9.5,0.0,-9.5
3241,F,11,R,H,STEADY,0.430,-0.072,-0.921,-0.742,-3.208,0.901,-175.5,-24.9,-9.6,0.0,-9.6
3251,F,11,R,H,STEADY,0.429,-0.073,-0.921,-0.646,-3.173,0.917,-175.5,-24.9,-9.6,0.0,-9.6
3261,F,11,R,H,STEADY,0.430,-0.073,-0.920,-0.546,-3.135,0.924,-175.4,-25.0,-9.7,0.0,-9.7
3271,F,11,R,H,STEADY,0.431,-0.073,-0.920,-0.467,-3.106,0.952,-175.5,-25.0,-9.6,0.0,-9.6
3281,F,11,R,H,STEADY,0.431,-0.073,-0.919,-0.373,-3.043,0.970,-175.5,-25.1,-9.6,0.0,-9.6
3291,F,11,R,H,STEADY,0.431,-0.073,-0.919,-0.292,-2.969,0.988,-175.5,-25.1,-9.6,0.0,-9.6
3301,F,11,R,H,STEADY,0.431,-0.073,-0.919,-0.276,-2.858,0.988,-175.5,-25.1,-9.6,0.0,-9.6
3311,F,11,R,H,STEADY,0.431,-0.073,-0.919,-0.289,-2.718,0.983,-175.5,-25.1,-9.6,0.0,-9.6
3321,F,11,R,H,STEADY,0.431,-0.073,-0.920,-0.318,-2.555,0.975,-175.5,-25.0,-9.6,0.0,-9.6
3331,F,11,R,H,STEADY,0.431,-0.073,-0.920,-0.411,-2.383,0.966,-175.5,-25.0,-9.6,0.0,-9.6
3341,F,11,R,H,STEADY,0.431,-0.073,-0.921,-0.548,-2.202,0.978,-175.5,-25.0,-9.6,0.0,-9.6
3351,F,11,R,H,STEADY,0.431,-0.073,-0.922,-0.704,-2.010,1.006,-175.5,-25.0,-9.6,0.0,-9.6
3361,F,11,R,H,STEADY,0.431,-0.072,-0.922,-0.901,-1.826,1.044,-175.5,-25.0,-9.5,0.0,-9.5
3371,F,11,R,H,STEADY,0.431,-0.072,-0.922,-1.090,-1.652,1.084,-175.5,-25.0,-9.5,0.0,-9.5
3381,F,11,R,H,STEADY,0.431,-0.072,-0.922,-1.242,-1.487,1.094,-175.5,-25.0,-9.5,0.0,-9.5
3391,F,11,R,H,STEADY,0.432,-0.072,-0.923,-1.375,-1.335,1.093,-175.5,-25.0,-9.5,0.0,-9.5
3401,F,11,R,H,STEADY,0.432,-0.073,-0.923,-1.448,-1.194,1.119,-175.5,-25.0,-9.5,0.0,-9.5
3411,F,11,R,H,STEADY,0.431,-0.073,-0.923,-1.502,-1.053,1.149,-175.5,-25.0,-9.6,0.0,-9.6
3421,F,11,R,H,STEADY,0.431,-0.073,-0.923,-1.605,-0.890,1.161,-175.5,-25.0,-9.6,0.0,-9.6
3432,F,11,R,H,STEADY,0.430,-0.073,-0.923,-1.732,-0.764,1.164,-175.5,-24.9,-9.6,0.0,-9.6
3442,F,11,R,H,STEADY,0.430,-0.072,-0.924,-1.835,-0.654,1.152,-175.5,-24.9,-9.5,0.0,-9.5
3452,F,11,R,H,STEADY,0.430,-0.072,-0.924,-1.924,-0.530,1.144,-175.6,-24.9,-9.5,0.0,-9.5
3462,F,11,R,H,STEADY,0.430,-0.071,-0.924,-1.960,-0.431,1.125,-175.6,-24.9,-9.4,0.0,-9.4
3472,F,11,R,H,STEADY,0.429,-0.071,-0.924,-1.965,-0.345,1.095,-175.6,-24.9,-9.4,0.0,-9.4
3482,F,11,R,H,STEADY,0.429,-0.070,-0.925,-1.950,-0.282,1.070,-175.7,-24.8,-9.3,0.0,-9.3
3492,F,11,R,H,STEADY,0.428,-0.070,-0.926,-1.924,-0.240,1.052,-175.7,-24.8,-9.2,0.0,-9.2
3502,F,11,R,H,STEADY,0.428,-0.069,-0.928,-1.909,-0.212,1.031,-175.7,-24.7,-9.2,0.0,-9.2
3512,F,11,R,H,STEADY,0.428,-0.069,-0.928,-1.946,-0.173,1.009,-175.8,-24.7,-9.2,0.0,-9.2
3522,F,11,R,H,STEADY,0.428,-0.068,-0.929,-2.054,-0.102,0.964,-175.8,-24.7,-9.1,0.0,-9.1
3532,F,11,R,H,STEADY,0.429,-0.068,-0.931,-2.286,-0.052,0.901,-175.8,-24.7,-9.0,0.0,-9.0
3542,F,11,R,H,STEADY,0.430,-0.067,-0.932,-2.620,-0.046,0.810,-175.9,-24.7,-8.8,0.0,-8.8
3552,F,11,R,H,STEADY,0.431,-0.066,-0.932,-3.013,-0.087,0.689,-176.0,-24.8,-8.7,0.0,-8.7
3562,F,11,R,H,STEADY,0.433,-0.065,-0.932,-3.421,-0.172,0.550,-176.0,-24.8,-8.5,0.0,-8.5
3572,F,11,R,H,STEADY,0.434,-0.064,-0.932,-3.816,-0.270,0.382,-176.1,-24.9,-8.4,0.0,-8.4
3582,F,11,R,H,STEADY,0.434,-0.063,-0.932,-4.162,-0.370,0.199,-176.1,-24.9,-8.3,0.0,-8.3
3592,F,11,R,H,STEADY,0.434,-0.062,-0.933,-4.425,-0.472,0.001,-176.2,-24.9,-8.1,0.0,-8.1
3602,F,11,R,H,STEADY,0.433,-0.061,-0.933,-4.574,-0.596,-0.188,-176.2,-24.9,-8.0,0.0,-8.0
3612,F,11,R,H,STEADY,0.433,-0.060,-0.933,-4.617,-0.753,-0.378,-176.3,-24.8,-7.9,0.0,-7.9
3622,F,11,R,H,STEADY,0.433,-0.059,-0.932,-4.565,-0.931,-0.545,-176.3,-24.8,-7.8,0.0,-7.8
3632,F,11,R,H,STEADY,0.432,-0.058,-0.933,-4.394,-1.121,-0.677,-176.4,-24.8,-7.7,0.0,-7.7
3642,F,11,R,H,STEADY,0.432,-0.058,-0.932,-4.118,-1.288,-0.779,-176.5,-24.8,-7.6,0.0,-7.6
3652,F,11,R,H,STEADY,0.432,-0.057,-0.932,-3.754,-1.435,-0.857,-176.5,-24.8,-7.6,0.0,-7.6
3662,F,11,R,H,STEADY,0.432,-0.058,-0.931,-3.340,-1.564,-0.899,-176.4,-24.8,-7.6,0.0,-7.6
3672,F,11,R,H,STEADY,0.433,-0.058,-0.930,-2.941,-1.693,-0.912,-176.4,-24.9,-7.7,0.0,-7.7
3682,F,11,R,H,STEADY,0.433,-0.060,-0.929,-2.626,-1.793,-0.915,-176.3,-24.9,-7.9,0.0,-7.9
3692,F,11,R,H,STEADY,0.433,-0.061,-0.928,-2.374,-1.874,-0.899,-176.2,-25.0,-8.0,0.0,-8.0
3702,F,11,R,H,STEADY,0.433,-0.062,-0.928,-2.191,-1.914,-0.883,-176.2,-25.0,-8.1,0.0,-8.1
3712,F,11,R,H,STEADY,0.434,-0.063,-0.927,-2.116,-1.939,-0.866,-176.1,-25.0,-8.3,0.0,-8.3
3722,F,11,R,H,STEADY,0.434,-0.064,-0.927,-2.065,-1.945,-0.829,-176.1,-25.0,-8.4,0.0,-8.4
3732,F,11,R,H,STEADY,0.434,-0.064,-0.926,-2.041,-1.938,-0.789,-176.0,-25.0,-8.4,0.0,-8.4
3743,F,11,R,H,STEADY,0.434,-0.065,-0.926,-2.008,-1.919,-0.722,-176.0,-25.1,-8.5,0.0,-8.5
3753,F,11,R,H,STEADY,0.434,-0.065,-0.926,-1.966,-1.890,-0.648,-176.0,-25.0,-8.5,0.0,-8.5
3763,F,11,R,H,STEADY,0.434,-0.065,-0.927,-1.888,-1.856,-0.573,-176.0,-25.0,-8.5,0.0,-8.5
3773,F,11,R,H,STEADY,0.434,-0.065,-0.927,-1.745,-1.821,-0.486,-176.0,-25.0,-8.5,0.0,-8.5
3783,F,11,R,H,STEADY,0.434,-0.064,-0.927,-1.590,-1.789,-0.386,-176.0,-25.0,-8.5,0.0,-8.5
3793,F,11,R,H,STEADY,0.434,-0.065,-0.926,-1.441,-1.760,-0.269,-176.0,-25.0,-8.5,0.0,-8.5
3803,F,11,R,H,STEADY,0.433,-0.065,-0.926,-1.316,-1.745,-0.166,-176.0,-25.0,-8.5,0.0,-8.5
3813,F,11,R,H,STEADY,0.433,-0.066,-0.926,-1.254,-1.729,-0.044,-175.9,-25.0,-8.6,0.0,-8.6
3823,F,11,R,H,STEADY,0.434,-0.066,-0.926,-1.213,-1.709,0.078,-175.9,-25.1,-8.7,0.0,-8.7
3833,F,11,R,H,STEADY,0.434,-0.066,-0.925,-1.178,-1.705,0.209,-175.9,-25.1,-8.6,0.0,-8.6
3843,F,11,R,H,STEADY,0.434,-0.066,-0.924,-1.168,-1.704,0.356,-175.9,-25.1,-8.7,0.0,-8.7
3853,F,11,R,H,STEADY,0.435,-0.067,-0.923,-1.144,-1.717,0.494,-175.9,-25.2,-8.7,0.0,-8.7
3863,F,11,R,H,STEADY,0.436,-0.066,-0.923,-1.115,-1.721,0.622,-175.9,-25.2,-8.6,0.0,-8.6
3873,F,11,R,H,STEADY,0.436,-0.066,-0.923,-1.092,-1.714,0.741,-175.9,-25.2,-8.6,0.0,-8.6
3883,F,11,R,H,STEADY,0.437,-0.066,-0.924,-1.032,-1.684,0.847,-175.9,-25.2,-8.6,0.0,-8.6
3893,F,11,R,H,STEADY,0.436,-0.066,-0.926,-0.930,-1.658,0.947,-175.9,-25.2,-8.6,0.0,-8.6
3903,F,11,R,H,STEADY,0.436,-0.066,-0.926,-0.817,-1.622,1.026,-175.9,-25.2,-8.6,0.0,-8.6
3913,F,11,R,H,STEADY,0.436,-0.065,-0.927,-0.657,-1.556,1.087,-176.0,-25.1,-8.5,0.0,-8.5
3923,F,11,R,H,STEADY,0.436,-0.064,-0.927,-0.479,-1.480,1.125,-176.0,-25.1,-8.4,0.0,-8.4
3933,F,11,R,H,STEADY,0.435,-0.064,-0.928,-0.329,-1.393,1.163,-176.1,-25.1,-8.4,0.0,-8.4
3943,F,11,R,H,STEADY,0.435,-0.064,-0.928,-0.198,-1.312,1.197,-176.0,-25.1,-8.4,0.0,-8.4
3953,F,11,R,H,STEADY,0.434,-0.065,-0.929,-0.052,-1.261,1.202,-176.0,-25.0,-8.4,0.0,-8.4
3963,F,11,R,H,STEADY,0.434,-0.065,-0.928,0.010,-1.220,1.210,-176.0,-25.0,-8.6,0.0,-8.6
3973,F,11,R,H,STEADY,0.433,-0.066,-0.928,-0.002,-1.186,1.209,-175.9,-25.0,-8.7,0.0,-8.7
3983,F,11,R,H,STEADY,0.432,-0.066,-0.927,-0.108,-1.140,1.226,-175.9,-24.9,-8.7,0.0,-8.7
3993,F,11,R,H,STEADY,0.432,-0.066,-0.926,-0.233,-1.102,1.261,-175.9,-24.9,-8.7,0.0,-8.7
4003,F,11,R,H,STEADY,0.432,-0.066,-0.927,-0.368,-1.110,1.294,-175.9,-24.9,-8.7,0.0,-8.7
4013,F,11,R,H,STEADY,0.432,-0.066,-0.925,-0.525,-1.143,1.326,-175.9,-25.0,-8.7,0.0,-8.7
4023,F,11,R,H,STEADY,0.432,-0.065,-0.924,-0.648,-1.200,1.355,-175.9,-25.0,-8.6,0.0,-8.6
4033,F,11,R,H,STEADY,0.432,-0.065,-0.924,-0.718,-1.268,1.394,-176.0,-25.0,-8.6,0.0,-8.6
4043,F,11,R,H,STEADY,0.433,-0.065,-0.923,-0.745,-1.312,1.442,-176.0,-25.1,-8.6,0.0,-8.6
4054,F,11,R,H,STEADY,0.433,-0.066,-0.923,-0.754,-1.340,1.493,-175.9,-25.1,-8.6,0.0,-8.6
4064,F,11,R,H,STEADY,0.434,-0.066,-0.923,-0.748,-1.335,1.537,-175.9,-25.1,-8.7,0.0,-8.7
4074,F,11,R,H,STEADY,0.434,-0.066,-0.924,-0.735,-1.331,1.570,-175.9,-25.1,-8.7,0.0,-8.7
4084,F,11,R,H,STEADY,0.434,-0.067,-0.924,-0.730,-1.313,1.602,-175.9,-25.1,-8.7,0.0,-8.7
4094,F,11,R,H,STEADY,0.433,-0.067,-0.924,-0.741,-1.270,1.626,-175.9,-25.1,-8.8,0.0,-8.8
4104,F,11,R,H,STEADY,0.433,-0.067,-0.925,-0.768,-1.213,1.645,-175.9,-25.0,-8.8,0.0,-8.8
4114,F,11,R,H,STEADY,0.432,-0.067,-0.925,-0.814,-1.138,1.676,-175.9,-25.0,-8.8,0.0,-8.8
4124,F,11,R,H,STEADY,0.432,-0.067,-0.926,-0.873,-1.049,1.704,-175.9,-25.0,-8.8,0.0,-8.8
4134,F,11,R,H,STEADY,0.432,-0.067,-0.926,-0.961,-0.974,1.731,-175.9,-25.0,-8.8,0.0,-8.8
4144,F,11,R,H,STEADY,0.433,-0.068,-0.926,-1.090,-0.915,1.740,-175.8,-25.0,-8.9,0.0,-8.9
4154,F,11,R,H,STEADY,0.433,-0.068,-0.925,-1.234,-0.871,1.750,-175.8,-25.0,-8.9,0.0,-8.9
4164,F,11,R,H,STEADY,0.433,-0.068,-0.924,-1.393,-0.828,1.761,-175.8,-25.1,-8.9,0.0,-8.9
4174,F,11,R,H,STEADY,0.433,-0.067,-0.924,-1.555,-0.779,1.773,-175.8,-25.1,-8.8,0.0,-8.8
4184,F,11,R,H,STEADY,0.433,-0.067,-0.924,-1.653,-0.750,1.788,-175.9,-25.0,-8.7,0.0,-8.7
4194,F,11,R,H,STEADY,0.433,-0.066,-0.925,-1.652,-0.739,1.808,-175.9,-25.0,-8.7,0.0,-8.7
4204,F,11,R,H,STEADY,0.433,-0.066,-0.924,-1.599,-0.764,1.817,-175.9,-25.0,-8.6,0.0,-8.6
4214,F,11,R,H,STEADY,0.433,-0.065,-0.924,-1.491,-0.798,1.788,-176.0,-25.1,-8.6,0.0,-8.6
4224,F,11,R,H,STEADY,0.433,-0.065,-0.923,-1.327,-0.838,1.750,-176.0,-25.1,-8.6,0.0,-8.6
4234,F,11,R,H,STEADY,0.434,-0.065,-0.923,-1.135,-0.893,1.701,-176.0,-25.1,-8.5,0.0,-8.5
4244,F,11,R,H,STEADY,0.434,-0.065,-0.923,-0.902,-0.964,1.642,-176.0,-25.1,-8.5,0.0,-8.5
4254,F,11,R,H,STEADY,0.435,-0.064,-0.923,-0.614,-1.048,1.580,-176.0,-25.2,-8.4,0.0,-8.4
4264,F,11,R,H,STEADY,0.435,-0.063,-0.924,-0.258,-1.151,1.492,-176.1,-25.1,-8.3,0.0,-8.3
4274,F,11,R,H,STEADY,0.435,-0.063,-0.925,0.154,-1.274,1.377,-176.1,-25.1,-8.2,0.0,-8.2
4284,F,11,R,H,STEADY,0.436,-0.062,-0.927,0.568,-1.394,1.250,-176.2,-25.1,-8.1,0.0,-8.1
4294,F,11,R,H,STEADY,0.435,-0.062,-0.928,0.947,-1.509,1.117,-176.2,-25.1,-8.1,0.0,-8.1
4304,F,11,R,H,STEADY,0.435,-0.062,-0.930,1.239,-1.626,1.005,-176.2,-25.0,-8.1,0.0,-8.1
4314,F,11,R,H,STEADY,0.434,-0.062,-0.931,1.396,-1.722,0.894,-176.2,-25.0,-8.2,0.0,-8.2
4324,F,11,R,H,STEADY,0.433,-0.064,-0.932,1.405,-1.792,0.803,-176.1,-24.9,-8.4,0.0,-8.4
4334,F,11,R,H,STEADY,0.432,-0.065,-0.932,1.275,-1.830,0.727,-176.0,-24.8,-8.5,0.0,-8.5
4344,F,11,R,H,STEADY,0.432,-0.066,-0.932,1.017,-1.849,0.683,-176.0,-24.8,-8.7,0.0,-8.7
4354,F,11,R,H,STEADY,0.431,-0.067,-0.932,0.659,-1.825,0.659,-175.9,-24.8,-8.9,0.0,-8.9
4365,F,11,R,H,STEADY,0.431,-0.068,-0.932,0.234,-1.770,0.645,-175.8,-24.8,-9.0,0.0,-9.0
4375,F,11,R,H,STEADY,0.431,-0.068,-0.932,-0.172,-1.700,0.610,-175.8,-24.8,-9.0,0.0,-9.0
4385,F,11,R,H,STEADY,0.431,-0.068,-0.931,-0.510,-1.616,0.583,-175.8,-24.8,-9.0,0.0,-9.0
4395,F,11,R,H,STEADY,0.432,-0.068,-0.930,-0.758,-1.528,0.556,-175.8,-24.8,-8.9,0.0,-8.9
4405,F,11,R,H,STEADY,0.432,-0.067,-0.928,-0.891,-1.440,0.563,-175.8,-24.9,-8.9,0.0,-8.9
4415,F,11,R,H,STEADY,0.432,-0.067,-0.926,-0.941,-1.349,0.586,-175.9,-24.9,-8.8,0.0,-8.8
4425,F,11,R,H,STEADY,0.432,-0.067,-0.924,-0.882,-1.247,0.609,-175.8,-25.0,-8.9,0.0,-8.9
4435,F,11,R,H,STEADY,0.433,-0.068,-0.921,-0.695,-1.177,0.616,-175.8,-25.1,-8.9,0.0,-8.9
4445,F,11,R,H,STEADY,0.434,-0.069,-0.918,-0.404,-1.140,0.598,-175.7,-25.2,-9.0,0.0,-9.0
4455,F,11,R,H,STEADY,0.434,-0.069,-0.916,-0.064,-1.112,0.568,-175.7,-25.3,-9.1,0.0,-9.1
4465,F,11,R,H,STEADY,0.435,-0.070,-0.915,0.325,-1.109,0.534,-175.6,-25.4,-9.1,0.0,-9.1
4475,F,11,R,H,STEADY,0.436,-0.070,-0.915,0.787,-1.094,0.520,-175.7,-25.4,-9.1,0.0,-9.1
4485,F,11,R,H,STEADY,0.436,-0.069,-0.915,1.321,-1.071,0.512,-175.7,-25.4,-9.0,0.0,-9.0
4495,F,11,R,H,STEADY,0.437,-0.069,-0.916,1.905,-1.022,0.501,-175.7,-25.4,-8.9,0.0,-8.9
4505,F,11,R,H,STEADY,0.438,-0.068,-0.917,2.469,-0.949,0.455,-175.7,-25.5,-8.9,0.0,-8.9
4515,F,11,R,H,STEADY,0.438,-0.069,-0.918,2.943,-0.878,0.365,-175.7,-25.4,-8.9,0.0,-8.9
4525,F,11,R,H,STEADY,0.438,-0.069,-0.920,3.272,-0.781,0.263,-175.7,-25.4,-9.0,0.0,-9.0
4535,F,11,R,H,STEADY,0.438,-0.070,-0.921,3.405,-0.658,0.163,-175.6,-25.4,-9.1,0.0,-9.1
4545,F,11,R,H,STEADY,0.438,-0.072,-0.923,3.318,-0.538,0.068,-175.5,-25.3,-9.3,0.0,-9.3
4555,F,11,R,H,STEADY,0.437,-0.074,-0.925,2.997,-0.446,-0.017,-175.5,-25.2,-9.5,0.0,-9.5
4565,F,11,R,H,STEADY,0.436,-0.075,-0.927,2.472,-0.358,-0.100,-175.4,-25.1,-9.7,0.0,-9.7
4575,F,11,R,H,STEADY,0.436,-0.076,-0.928,1.818,-0.256,-0.171,-175.3,-25.1,-9.8,0.0,-9.8
4585,F,11,R,H,STEADY,0.436,-0.076,-0.929,1.107,-0.162,-0.223,-175.3,-25.0,-9.9,0.0,-9.9
4595,F,11,R,H,STEADY,0.435,-0.076,-0.929,0.421,-0.075,-0.284,-175.3,-25.0,-9.9,0.0,-9.9
4605,F,11,R,H,STEADY,0.435,-0.076,-0.929,-0.142,-0.020,-0.342,-175.3,-25.0,-9.9,0.0,-9.9
4615,F,11,R,H,STEADY,0.435,-0.076,-0.928,-0.516,-0.001,-0.394,-175.3,-25.0,-9.9,0.0,-9.9
4625,F,11,R,H,STEADY,0.435,-0.076,-0.928,-0.740,-0.018,-0.423,-175.3,-25.0,-9.9,0.0,-9.9
4635,F,11,R,H,STEADY,0.435,-0.076,-0.927,-0.846,-0.077,-0.444,-175.3,-25.1,-9.9,0.0,-9.9
4645,F,11,R,H,STEADY,0.435,-0.076,-0.926,-0.833,-0.187,-0.440,-175.3,-25.1,-9.9,0.0,-9.9
4655,F,11,R,H,STEADY,0.435,-0.077,-0.926,-0.686,-0.343,-0.421,-175.2,-25.1,-10.0,0.0,-10.0
4665,F,11,R,H,STEADY,0.435,-0.078,-0.925,-0.447,-0.517,-0.391,-175.2,-25.1,-10.1,0.0,-10.1
4676,F,11,R,H,STEADY,0.435,-0.079,-0.924,-0.208,-0.695,-0.356,-175.1,-25.2,-10.2,0.0,-10.2
4686,F,11,R,H,STEADY,0.436,-0.080,-0.923,0.034,-0.892,-0.305,-175.1,-25.2,-10.3,0.0,-10.3
4696,F,11,R,H,STEADY,0.438,-0.080,-0.923,0.327,-1.121,-0.238,-175.0,-25.3,-10.4,0.0,-10.4
4706,F,11,R,H,STEADY,0.438,-0.081,-0.924,0.724,-1.417,-0.140,-175.0,-25.3,-10.4,0.0,-10.4
4716,F,11,R,H,STEADY,0.439,-0.081,-0.926,1.159,-1.728,-0.035,-175.0,-25.3,-10.5,0.0,-10.5
4726,F,11,R,H,STEADY,0.439,-0.081,-0.926,1.601,-1.985,0.060,-175.0,-25.2,-10.5,0.0,-10.5
4736,F,11,R,H,STEADY,0.438,-0.082,-0.927,1.948,-2.163,0.135,-175.0,-25.2,-10.6,0.0,-10.6
4746,F,11,R,H,STEADY,0.438,-0.081,-0.928,2.197,-2.254,0.188,-175.0,-25.2,-10.5,0.0,-10.5
4756,F,11,R,H,STEADY,0.439,-0.081,-0.929,2.382,-2.331,0.191,-175.0,-25.2,-10.5,0.0,-10.5
4766,F,11,R,H,STEADY,0.440,-0.082,-0.929,2.507,-2.405,0.144,-175.0,-25.2,-10.6,0.0,-10.6
4776,F,11,R,H,STEADY,0.440,-0.082,-0.930,2.531,-2.459,0.086,-175.0,-25.2,-10.6,0.0,-10.6
4786,F,11,R,H,STEADY,0.440,-0.083,-0.929,2.501,-2.468,0.019,-174.9,-25.2,-10.6,0.0,-10.6
4796,F,11,R,H,STEADY,0.440,-0.083,-0.929,2.421,-2.433,-0.048,-174.9,-25.3,-10.7,0.0,-10.7
4806,F,11,R,H,STEADY,0.440,-0.084,-0.928,2.318,-2.367,-0.107,-174.8,-25.3,-10.8,0.0,-10.8
4816,F,11,R,H,STEADY,0.440,-0.084,-0.927,2.253,-2.285,-0.183,-174.8,-25.3,-10.8,0.0,-10.8
4826,F,11,R,H,STEADY,0.439,-0.084,-0.926,2.244,-2.200,-0.257,-174.8,-25.3,-10.8,0.0,-10.8
4836,F,11,R,H,STEADY,0.439,-0.084,-0.925,2.306,-2.120,-0.317,-174.8,-25.3,-10.8,0.0,-10.8
4846,F,11,R,H,STEADY,0.439,-0.085,-0.924,2.409,-2.046,-0.366,-174.8,-25.3,-10.9,0.0,-10.9
4856,F,11,R,H,STEADY,0.438,-0.086,-0.924,2.532,-1.979,-0.393,-174.7,-25.3,-11.1,0.0,-11.1
4866,F,11,R,H,STEADY,0.438,-0.086,-0.924,2.676,-1.929,-0.383,-174.7,-25.3,-11.1,0.0,-11.1
4876,F,11,R,H,STEADY,0.438,-0.087,-0.923,2.797,-1.889,-0.341,-174.6,-25.3,-11.3,0.0,-11.3
4886,F,11,R,H,STEADY,0.437,-0.088,-0.923,2.789,-1.857,-0.246,-174.5,-25.2,-11.4,0.0,-11.4
4896,F,11,R,H,STEADY,0.436,-0.089,-0.922,2.652,-1.821,-0.123,-174.5,-25.2,-11.5,0.0,-11.5
4906,F,11,R,H,STEADY,0.437,-0.090,-0.922,2.445,-1.811,0.007,-174.4,-25.2,-11.6,0.0,-11.6
4916,F,11,R,H,STEADY,0.437,-0.090,-0.921,2.186,-1.831,0.144,-174.4,-25.3,-11.7,0.0,-11.7
4926,F,11,R,H,STEADY,0.436,-0.091,-0.922,1.895,-1.868,0.282,-174.4,-25.2,-11.8,0.0,-11.8
4936,F,11,R,H,STEADY,0.436,-0.092,-0.922,1.651,-1.950,0.427,-174.3,-25.2,-11.9,0.0,-11.9
4946,F,11,R,H,STEADY,0.435,-0.092,-0.923,1.483,-2.053,0.605,-174.3,-25.1,-12.0,0.0,-12.0
4956,F,11,R,H,STEADY,0.434,-0.092,-0.924,1.415,-2.189,0.804,-174.3,-25.1,-12.0,0.0,-12.0
4966,F,11,R,H,STEADY,0.434,-0.093,-0.924,1.457,-2.343,1.012,-174.3,-25.1,-12.1,0.0,-12.1
4976,F,11,R,H,STEADY,0.434,-0.093,-0.925,1.588,-2.514,1.193,-174.3,-25.0,-12.0,0.0,-12.0
4987,F,11,R,H,STEADY,0.435,-0.093,-0.927,1.811,-2.686,1.332,-174.3,-25.0,-12.0,0.0,-12.0
4997,F,11,R,H,STEADY,0.435,-0.093,-0.929,2.090,-2.871,1.405,-174.3,-25.0,-12.0,0.0,-12.0
5007,F,11,R,H,STEADY,0.434,-0.092,-0.929,2.385,-3.002,1.436,-174.4,-24.9,-11.9,0.0,-11.9
5017,F,11,R,H,STEADY,0.434,-0.092,-0.930,2.651,-3.083,1.459,-174.4,-24.9,-11.9,0.0,-11.9
5027,F,11,R,H,STEADY,0.435,-0.092,-0.930,2.834,-3.134,1.503,-174.3,-25.0,-12.0,0.0,-12.0
5037,F,11,R,H,STEADY,0.435,-0.092,-0.930,2.979,-3.175,1.541,-174.3,-25.0,-12.0,0.0,-12.0
5047,F,11,R,H,STEADY,0.435,-0.093,-0.930,3.048,-3.212,1.555,-174.3,-25.0,-12.1,0.0,-12.1
5057,F,11,R,H,STEADY,0.435,-0.094,-0.930,2.995,-3.229,1.538,-174.2,-24.9,-12.2,0.0,-12.2
5067,F,11,R,H,STEADY,0.434,-0.096,-0.929,2.795,-3.194,1.484,-174.1,-24.9,-12.5,0.0,-12.5
5077,F,11,R,H,STEADY,0.434,-0.098,-0.928,2.462,-3.129,1.432,-174.0,-24.9,-12.7,0.0,-12.7
5087,F,11,R,H,STEADY,0.433,-0.099,-0.927,2.041,-3.063,1.374,-173.9,-24.9,-12.9,0.0,-12.9
5097,F,11,R,H,STEADY,0.433,-0.100,-0.926,1.618,-3.058,1.305,-173.8,-24.9,-13.1,0.0,-13.1
5107,F,11,R,H,STEADY,0.432,-0.101,-0.926,1.283,-3.060,1.238,-173.8,-24.9,-13.1,0.0,-13.1
5117,F,11,R,H,STEADY,0.431,-0.101,-0.925,0.988,-3.022,1.161,-173.8,-24.8,-13.2,0.0,-13.2
5127,F,11,R,H,STEADY,0.429,-0.101,-0.924,0.772,-2.943,1.080,-173.8,-24.8,-13.2,0.0,-13.2
5137,F,11,R,H,STEADY,0.429,-0.100,-0.923,0.652,-2.841,1.021,-173.8,-24.8,-13.1,0.0,-13.1
5147,F,11,R,H,STEADY,0.429,-0.100,-0.922,0.642,-2.766,0.964,-173.8,-24.9,-13.1,0.0,-13.1
5157,F,11,R,H,STEADY,0.429,-0.100,-0.921,0.732,-2.729,0.922,-173.8,-24.9,-13.1,0.0,-13.1
5167,F,11,R,H,STEADY,0.429,-0.101,-0.921,0.951,-2.728,0.916,-173.7,-24.9,-13.3,0.0,-13.3
5177,F,11,R,H,STEADY,0.428,-0.102,-0.921,1.239,-2.740,0.949,-173.7,-24.8,-13.4,0.0,-13.4
5187,F,11,R,H,STEADY,0.428,-0.103,-0.921,1.592,-2.759,1.005,-173.6,-24.8,-13.6,0.0,-13.6
5197,F,11,R,H,STEADY,0.428,-0.104,-0.920,1.955,-2.742,1.069,-173.5,-24.8,-13.7,0.0,-13.7
5207,F,11,R,H,STEADY,0.428,-0.105,-0.920,2.306,-2.708,1.132,-173.5,-24.8,-13.8,0.0,-13.8
5217,F,11,R,H,STEADY,0.429,-0.106,-0.920,2.576,-2.666,1.179,-173.4,-24.8,-13.9,0.0,-13.9
5227,F,11,R,H,STEADY,0.430,-0.107,-0.921,2.792,-2.646,1.207,-173.4,-24.9,-14.0,0.0,-14.0
5237,F,11,R,H,STEADY,0.430,-0.107,-0.921,2.941,-2.636,1.228,-173.3,-24.9,-14.0,0.0,-14.0
5247,F,11,R,H,STEADY,0.430,-0.108,-0.922,2.955,-2.630,1.257,-173.3,-24.8,-14.1,0.0,-14.1
5257,F,11,R,H,STEADY,0.429,-0.108,-0.922,2.831,-2.604,1.289,-173.3,-24.8,-14.2,0.0,-14.2
5267,F,11,R,H,STEADY,0.429,-0.109,-0.923,2.627,-2.573,1.342,-173.3,-24.8,-14.2,0.0,-14.2
5277,F,11,R,H,STEADY,0.429,-0.108,-0.923,2.409,-2.536,1.399,-173.3,-24.8,-14.2,0.0,-14.2
5287,F,11,R,H,STEADY,0.429,-0.108,-0.924,2.200,-2.528,1.472,-173.3,-24.8,-14.2,0.0,-14.2
5298,F,11,R,H,STEADY,0.429,-0.108,-0.925,2.037,-2.535,1.563,-173.3,-24.7,-14.1,0.0,-14.1
5308,F,11,R,H,STEADY,0.428,-0.108,-0.925,1.938,-2.543,1.671,-173.3,-24.7,-14.2,0.0,-14.2
5318,F,11,R,H,STEADY,0.428,-0.109,-0.925,1.890,-2.574,1.782,-173.3,-24.7,-14.2,0.0,-14.2
5328,F,11,R,H,STEADY,0.428,-0.109,-0.925,1.888,-2.614,1.874,-173.3,-24.7,-14.3,0.0,-14.3
5338,F,11,R,H,STEADY,0.428,-0.110,-0.925,1.921,-2.684,1.937,-173.2,-24.7,-14.4,0.0,-14.4
5348,F,11,R,H,STEADY,0.428,-0.110,-0.925,1.873,-2.759,1.991,-173.2,-24.7,-14.3,0.0,-14.3
5358,F,11,R,H,STEADY,0.430,-0.110,-0.924,1.768,-2.858,2.034,-173.2,-24.8,-14.3,0.0,-14.3
5368,F,11,R,H,STEADY,0.431,-0.110,-0.924,1.636,-2.971,2.076,-173.2,-24.8,-14.3,0.0,-14.3
5378,F,11,R,H,STEADY,0.431,-0.109,-0.923,1.443,-3.088,2.099,-173.3,-24.9,-14.2,0.0,-14.2
5388,F,11,R,H,STEADY,0.431,-0.109,-0.923,1.206,-3.164,2.082,-173.3,-24.9,-14.2,0.0,-14.2
5398,F,11,R,H,STEADY,0.431,-0.109,-0.923,1.010,-3.230,2.037,-173.3,-24.9,-14.2,0.0,-14.2
5408,F,11,R,H,STEADY,0.431,-0.109,-0.923,0.828,-3.267,1.973,-173.3,-24.9,-14.2,0.0,-14.2
5418,F,11,R,H,STEADY,0.431,-0.109,-0.922,0.624,-3.286,1.909,-173.3,-24.9,-14.2,0.0,-14.2
5428,F,11,R,H,STEADY,0.431,-0.109,-0.923,0.427,-3.303,1.844,-173.3,-24.9,-14.2,0.0,-14.2
5438,F,11,R,H,STEADY,0.430,-0.109,-0.924,0.262,-3.315,1.775,-173.3,-24.8,-14.2,0.0,-14.2
5448,F,11,R,H,STEADY,0.429,-0.109,-0.924,0.097,-3.299,1.694,-173.2,-24.7,-14.3,0.0,-14.3
5458,F,11,R,H,STEADY,0.428,-0.110,-0.923,-0.032,-3.272,1.616,-173.2,-24.7,-14.4,0.0,-14.4
5468,F,11,R,H,STEADY,0.427,-0.110,-0.923,-0.165,-3.235,1.530,-173.2,-24.7,-14.5,0.0,-14.5
5478,F,11,R,H,STEADY,0.427,-0.111,-0.922,-0.295,-3.177,1.451,-173.2,-24.7,-14.5,0.0,-14.5
5488,F,11,R,H,STEADY,0.426,-0.111,-0.921,-0.450,-3.113,1.379,-173.1,-24.6,-14.6,0.0,-14.6
5498,F,11,R,H,STEADY,0.424,-0.111,-0.920,-0.588,-3.049,1.295,-173.1,-24.6,-14.7,0.0,-14.7
5508,F,11,R,H,STEADY,0.423,-0.112,-0.920,-0.732,-2.971,1.211,-173.1,-24.5,-14.8,0.0,-14.8
5518,F,11,R,H,STEADY,0.422,-0.113,-0.919,-0.863,-2.883,1.123,-173.0,-24.5,-15.0,0.0,-15.0
5528,F,11,R,H,STEADY,0.421,-0.113,-0.919,-0.975,-2.803,1.057,-173.0,-24.5,-15.1,0.0,-15.1
5538,F,11,R,H,STEADY,0.421,-0.114,-0.919,-1.038,-2.746,1.009,-172.9,-24.4,-15.1,0.0,-15.1
5548,F,11,R,H,STEADY,0.420,-0.114,-0.919,-1.052,-2.718,0.985,-172.9,-24.4,-15.2,0.0,-15.2
5558,F,11,R,H,STEADY,0.420,-0.114,-0.919,-1.031,-2.713,0.985,-172.9,-24.4,-15.2,0.0,-15.2
5568,F,11,R,H,STEADY,0.419,-0.114,-0.921,-1.000,-2.715,0.979,-173.0,-24.3,-15.2,0.0,-15.2
5578,F,11,R,H,STEADY,0.419,-0.114,-0.922,-0.959,-2.697,0.981,-173.0,-24.3,-15.2,0.0,-15.2
5588,F,11,R,H,STEADY,0.419,-0.114,-0.923,-0.886,-2.676,0.960,-173.0,-24.3,-15.2,0.0,-15.2
5598,F,11,R,H,STEADY,0.419,-0.114,-0.923,-0.852,-2.650,0.948,-172.9,-24.2,-15.3,0.0,-15.3
5609,F,11,R,H,STEADY,0.418,-0.115,-0.924,-0.885,-2.579,0.963,-172.9,-24.2,-15.4,0.0,-15.4
5619,F,11,R,H,STEADY,0.418,-0.117,-0.925,-1.013,-2.469,1.009,-172.8,-24.1,-15.6,0.0,-15.6
5629,F,11,R,H,STEADY,0.418,-0.117,-0.925,-1.214,-2.340,1.040,-172.8,-24.1,-15.7,0.0,-15.7
5639,F,11,R,H,STEADY,0.418,-0.118,-0.925,-1.478,-2.203,1.055,-172.7,-24.1,-15.8,0.0,-15.8
5649,F,11,R,H,STEADY,0.418,-0.118,-0.926,-1.743,-2.062,1.054,-172.7,-24.1,-15.8,0.0,-15.8
5659,F,11,R,H,STEADY,0.418,-0.118,-0.925,-2.008,-1.962,1.063,-172.7,-24.1,-15.8,0.0,-15.8
5669,F,11,R,H,STEADY,0.418,-0.118,-0.926,-2.230,-1.888,1.048,-172.7,-24.1,-15.8,0.0,-15.8
5679,F,11,R,H,STEADY,0.418,-0.118,-0.926,-2.387,-1.849,1.041,-172.7,-24.1,-15.8,0.0,-15.8
5689,F,11,R,H,STEADY,0.418,-0.118,-0.926,-2.478,-1.820,1.055,-172.7,-24.1,-15.8,0.0,-15.8
5699,F,11,R,H,STEADY,0.418,-0.119,-0.926,-2.532,-1.801,1.065,-172.7,-24.1,-15.8,0.0,-15.8
5709,F,11,R,H,STEADY,0.418,-0.118,-0.925,-2.547,-1.775,1.072,-172.7,-24.1,-15.8,0.0,-15.8
5719,F,11,R,H,STEADY,0.418,-0.118,-0.925,-2.474,-1.744,1.076,-172.7,-24.1,-15.8,0.0,-15.8
5729,F,11,R,H,STEADY,0.418,-0.118,-0.924,-2.321,-1.738,1.078,-172.7,-24.2,-15.8,0.0,-15.8
5739,F,11,R,H,STEADY,0.417,-0.119,-0.924,-2.117,-1.747,1.102,-172.7,-24.1,-15.9,0.0,-15.9
5749,F,11,R,H,STEADY,0.417,-0.119,-0.924,-1.863,-1.763,1.126,-172.7,-24.1,-15.9,0.0,-15.9
5759,F,11,R,H,STEADY,0.416,-0.119,-0.924,-1.551,-1.768,1.179,-172.7,-24.1,-16.0,0.0,-16.0
5769,F,11,R,H,STEADY,0.417,-0.120,-0.924,-1.174,-1.767,1.252,-172.6,-24.1,-16.0,0.0,-16.0
5779,F,11,R,H,STEADY,0.416,-0.120,-0.925,-0.806,-1.724,1.316,-172.6,-24.1,-16.0,0.0,-16.0
5789,F,11,R,H,STEADY,0.417,-0.120,-0.927,-0.493,-1.657,1.386,-172.6,-24.1,-16.1,0.0,-16.1
5799,F,11,R,H,STEADY,0.417,-0.121,-0.930,-0.277,-1.574,1.434,-172.6,-24.0,-16.2,0.0,-16.2
5809,F,11,R,H,STEADY,0.417,-0.121,-0.931,-0.222,-1.461,1.468,-172.6,-23.9,-16.2,0.0,-16.2
5819,F,11,R,H,STEADY,0.416,-0.122,-0.933,-0.408,-1.326,1.489,-172.5,-23.8,-16.4,0.0,-16.4
5829,F,11,R,H,STEADY,0.415,-0.122,-0.935,-0.805,-1.188,1.527,-172.5,-23.8,-16.4,0.0,-16.4
5839,F,11,R,H,STEADY,0.415,-0.123,-0.936,-1.402,-1.042,1.604,-172.5,-23.7,-16.5,0.0,-16.5
5849,F,11,R,H,STEADY,0.415,-0.123,-0.936,-2.117,-0.934,1.706,-172.5,-23.7,-16.5,0.0,-16.5
5859,F,11,R,H,STEADY,0.415,-0.123,-0.935,-2.906,-0.859,1.821,-172.5,-23.8,-16.5,0.0,-16.5
5869,F,11,R,H,STEADY,0.416,-0.122,-0.933,-3.650,-0.833,1.942,-172.6,-23.8,-16.3,0.0,-16.3
5879,F,11,R,H,STEADY,0.417,-0.121,-0.931,-4.271,-0.839,2.047,-172.6,-23.9,-16.1,0.0,-16.1
5889,F,11,R,H,STEADY,0.417,-0.118,-0.928,-4.719,-0.884,2.137,-172.7,-24.0,-15.8,0.0,-15.8
5899,F,11,R,H,STEADY,0.418,-0.116,-0.926,-4.925,-0.975,2.224,-172.8,-24.1,-15.5,0.0,-15.5
5909,F,11,R,H,STEADY,0.419,-0.114,-0.925,-4.897,-1.121,2.313,-173.0,-24.2,-15.3,0.0,-15.3
5920,F,11,R,H,STEADY,0.419,-0.112,-0.925,-4.572,-1.288,2.396,-173.1,-24.2,-15.0,0.0,-15.0
5930,F,11,R,H,STEADY,0.418,-0.111,-0.925,-4.021,-1.466,2.447,-173.1,-24.2,-14.9,0.0,-14.9
5940,F,11,R,H,STEADY,0.418,-0.110,-0.924,-3.356,-1.628,2.479,-173.2,-24.2,-14.8,0.0,-14.8
5950,F,11,R,H,STEADY,0.418,-0.110,-0.925,-2.640,-1.761,2.490,-173.2,-24.2,-14.8,0.0,-14.8
5960,F,11,R,H,STEADY,0.418,-0.110,-0.926,-1.942,-1.886,2.473,-173.2,-24.1,-14.8,0.0,-14.8
5970,F,11,R,H,STEADY,0.418,-0.111,-0.926,-1.332,-1.999,2.435,-173.2,-24.1,-14.9,0.0,-14.9
5980,F,11,R,H,STEADY,0.418,-0.112,-0.927,-0.862,-2.098,2.389,-173.1,-24.1,-15.0,0.0,-15.0
5990,F,11,R,H,STEADY,0.418,-0.113,-0.927,-0.541,-2.191,2.321,-173.1,-24.1,-15.1,0.0,-15.1
6000,F,11,R,H,STEADY,0.418,-0.114,-0.928,-0.357,-2.235,2.270,-173.0,-24.1,-15.3,0.0,-15.3
6010,F,11,R,H,STEADY,0.418,-0.115,-0.929,-0.253,-2.260,2.213,-172.9,-24.0,-15.4,0.0,-15.4
6020,F,11,R,H,STEADY,0.417,-0.116,-0.929,-0.182,-2.243,2.175,-172.9,-24.0,-15.5,0.0,-15.5
6030,F,11,R,H,STEADY,0.416,-0.116,-0.929,-0.092,-2.173,2.180,-172.9,-24.0,-15.6,0.0,-15.6
6040,F,11,R,H,STEADY,0.417,-0.117,-0.930,0.049,-2.073,2.215,-172.8,-24.0,-15.6,0.0,-15.6
6050,F,11,R,H,STEADY,0.417,-0.117,-0.930,0.284,-1.965,2.255,-172.8,-24.0,-15.6,0.0,-15.6
6060,F,11,R,H,STEADY,0.417,-0.117,-0.930,0.572,-1.869,2.279,-172.8,-24.0,-15.7,0.0,-15.7
6070,F,11,R,H,STEADY,0.416,-0.117,-0.929,0.854,-1.767,2.292,-172.8,-24.0,-15.7,0.0,-15.7
6080,F,11,R,H,STEADY,0.416,-0.118,-0.928,1.126,-1.640,2.301,-172.7,-24.0,-15.9,0.0,-15.9
6090,F,11,R,H,STEADY,0.416,-0.119,-0.927,1.320,-1.488,2.328,-172.7,-24.0,-16.0,0.0,-16.0
6100,F,11,R,H,STEADY,0.417,-0.120,-0.928,1.396,-1.342,2.372,-172.6,-24.0,-16.0,0.0,-16.0
6110,F,11,R,H,STEADY,0.418,-0.121,-0.928,1.306,-1.210,2.423,-172.6,-24.1,-16.1,0.0,-16.1
6120,F,11,R,H,STEADY,0.419,-0.122,-0.927,1.083,-1.110,2.479,-172.5,-24.1,-16.3,0.0,-16.3
6130,F,11,R,H,STEADY,0.419,-0.123,-0.927,0.787,-1.051,2.518,-172.4,-24.1,-16.3,0.0,-16.3
6140,F,11,R,H,STEADY,0.419,-0.123,-0.927,0.476,-1.011,2.549,-172.4,-24.2,-16.4,0.0,-16.4
6150,F,11,R,H,STEADY,0.420,-0.123,-0.927,0.210,-0.977,2.574,-172.4,-24.2,-16.3,0.0,-16.3
6160,F,11,R,H,STEADY,0.421,-0.122,-0.926,-0.009,-0.933,2.591,-172.5,-24.3,-16.2,0.0,-16.2
6170,F,11,R,H,STEADY,0.421,-0.122,-0.925,-0.154,-0.927,2.589,-172.5,-24.3,-16.2,0.0,-16.2
6180,F,11,R,H,STEADY,0.421,-0.122,-0.924,-0.253,-0.968,2.568,-172.5,-24.3,-16.2,0.0,-16.2
6190,F,11,R,H,STEADY,0.421,-0.122,-0.924,-0.314,-1.055,2.549,-172.5,-24.3,-16.2,0.0,-16.2
6200,F,11,R,H,STEADY,0.421,-0.121,-0.923,-0.351,-1.164,2.516,-172.5,-24.3,-16.1,0.0,-16.1
6210,F,11,R,H,STEADY,0.421,-0.121,-0.923,-0.356,-1.286,2.499,-172.5,-24.3,-16.1,0.0,-16.1
6220,F,11,R,H,STEADY,0.420,-0.121,-0.923,-0.345,-1.409,2.474,-172.5,-24.3,-16.1,0.0,-16.1
6231,F,11,R,H,STEADY,0.420,-0.121,-0.923,-0.325,-1.529,2.434,-172.5,-24.3,-16.1,0.0,-16.1
6241,F,11,R,H,STEADY,0.419,-0.121,-0.923,-0.295,-1.623,2.404,-172.5,-24.2,-16.1,0.0,-16.1
6251,F,11,R,H,STEADY,0.419,-0.121,-0.923,-0.304,-1.679,2.355,-172.5,-24.2,-16.2,0.0,-16.2
6261,F,11,R,H,STEADY,0.418,-0.122,-0.923,-0.362,-1.709,2.330,-172.5,-24.2,-16.2,0.0,-16.2
6271,F,11,R,H,STEADY,0.418,-0.122,-0.922,-0.552,-1.703,2.322,-172.4,-24.2,-16.3,0.0,-16.3
6281,F,11,R,H,STEADY,0.418,-0.123,-0.920,-0.929,-1.688,2.317,-172.4,-24.2,-16.4,0.0,-16.4
6291,F,11,R,H,STEADY,0.418,-0.124,-0.920,-1.481,-1.663,2.326,-172.3,-24.3,-16.5,0.0,-16.5
6301,F,11,R,H,STEADY,0.418,-0.124,-0.920,-2.173,-1.640,2.323,-172.3,-24.2,-16.5,0.0,-16.5
6311,F,11,R,H,STEADY,0.418,-0.124,-0.921,-2.916,-1.622,2.302,-172.4,-24.2,-16.5,0.0,-16.5
6321,F,11,R,H,STEADY,0.418,-0.123,-0.922,-3.598,-1.611,2.285,-172.4,-24.2,-16.4,0.0,-16.4
6331,F,11,R,H,STEADY,0.417,-0.121,-0.923,-4.124,-1.598,2.267,-172.5,-24.1,-16.2,0.0,-16.2
6341,F,11,R,H,STEADY,0.417,-0.120,-0.924,-4.476,-1.571,2.262,-172.6,-24.1,-16.0,0.0,-16.0
6351,F,11,R,H,STEADY,0.417,-0.119,-0.924,-4.621,-1.537,2.266,-172.7,-24.1,-15.9,0.0,-15.9
6361,F,11,R,H,STEADY,0.416,-0.118,-0.925,-4.588,-1.505,2.285,-172.7,-24.1,-15.8,0.0,-15.8
6371,F,11,R,H,STEADY,0.416,-0.117,-0.925,-4.471,-1.484,2.325,-172.8,-24.0,-15.8,0.0,-15.8
6381,F,11,R,H,STEADY,0.416,-0.117,-0.926,-4.315,-1.473,2.396,-172.8,-24.0,-15.8,0.0,-15.8
6391,F,11,R,H,STEADY,0.416,-0.118,-0.926,-4.181,-1.499,2.459,-172.7,-24.0,-15.8,0.0,-15.8
6401,F,11,R,H,STEADY,0.416,-0.118,-0.927,-4.136,-1.537,2.493,-172.7,-24.0,-15.8,0.0,-15.8
6411,F,11,R,H,STEADY,0.417,-0.118,-0.926,-4.203,-1.592,2.497,-172.8,-24.1,-15.8,0.0,-15.8
6421,F,11,R,H,STEADY,0.418,-0.117,-0.926,-4.315,-1.649,2.484,-172.8,-24.1,-15.7,0.0,-15.7
6431,F,11,R,H,STEADY,0.418,-0.116,-0.926,-4.456,-1.702,2.473,-172.8,-24.1,-15.6,0.0,-15.6
6441,F,11,R,H,STEADY,0.419,-0.116,-0.927,-4.552,-1.740,2.437,-172.9,-24.2,-15.5,0.0,-15.5
6451,F,11,R,H,STEADY,0.419,-0.115,-0.928,-4.543,-1.798,2.359,-172.9,-24.1,-15.3,0.0,-15.3
6461,F,11,R,H,STEADY,0.418,-0.114,-0.929,-4.443,-1.882,2.276,-173.0,-24.1,-15.2,0.0,-15.2
6471,F,11,R,H,STEADY,0.418,-0.113,-0.930,-4.242,-1.997,2.176,-173.1,-24.1,-15.1,0.0,-15.1
6481,F,11,R,H,STEADY,0.417,-0.112,-0.931,-3.978,-2.142,2.091,-173.1,-24.0,-15.0,0.0,-15.0
6491,F,11,R,H,STEADY,0.417,-0.112,-0.932,-3.650,-2.274,2.046,-173.2,-23.9,-15.0,0.0,-15.0
6501,F,11,R,H,STEADY,0.417,-0.111,-0.933,-3.305,-2.395,1.996,-173.2,-23.9,-15.0,0.0,-15.0
6511,F,11,R,H,STEADY,0.416,-0.111,-0.933,-2.981,-2.524,1.944,-173.2,-23.9,-15.0,0.0,-15.0
6521,F,11,R,H,STEADY,0.416,-0.111,-0.935,-2.666,-2.635,1.900,-173.2,-23.9,-15.0,0.0,-15.0
6531,F,11,R,H,STEADY,0.416,-0.111,-0.935,-2.374,-2.780,1.854,-173.2,-23.8,-14.9,0.0,-14.9
6542,F,11,R,H,STEADY,0.416,-0.110,-0.935,-2.088,-2.931,1.803,-173.3,-23.8,-14.8,0.0,-14.8
6552,F,11,R,H,STEADY,0.416,-0.110,-0.934,-1.802,-3.063,1.752,-173.3,-23.8,-14.8,0.0,-14.8
6562,F,11,R,H,STEADY,0.416,-0.109,-0.932,-1.513,-3.189,1.716,-173.3,-23.9,-14.7,0.0,-14.7
6572,F,11,R,H,STEADY,0.416,-0.109,-0.931,-1.213,-3.310,1.698,-173.3,-23.9,-14.7,0.0,-14.7
6582,F,11,R,H,STEADY,0.416,-0.110,-0.932,-0.874,-3.411,1.701,-173.3,-23.9,-14.8,0.0,-14.8
6592,F,11,R,H,STEADY,0.416,-0.111,-0.932,-0.517,-3.489,1.730,-173.2,-23.9,-15.0,0.0,-15.0
6602,F,11,R,H,STEADY,0.416,-0.112,-0.932,-0.193,-3.554,1.744,-173.1,-23.9,-15.1,0.0,-15.1
6612,F,11,R,H,STEADY,0.415,-0.113,-0.932,0.046,-3.584,1.752,-173.1,-23.9,-15.2,0.0,-15.2
6622,F,11,R,H,STEADY,0.415,-0.114,-0.933,0.168,-3.583,1.743,-173.0,-23.8,-15.4,0.0,-15.4
6632,F,11,R,H,STEADY,0.414,-0.115,-0.934,0.235,-3.585,1.705,-173.0,-23.7,-15.6,0.0,-15.6
6642,F,11,R,H,STEADY,0.413,-0.116,-0.935,0.253,-3.570,1.658,-172.9,-23.7,-15.6,0.0,-15.6
6652,F,11,R,H,STEADY,0.412,-0.115,-0.935,0.198,-3.517,1.617,-173.0,-23.6,-15.6,0.0,-15.6
6662,F,11,R,H,STEADY,0.412,-0.116,-0.936,0.116,-3.423,1.549,-172.9,-23.6,-15.7,0.0,-15.7
6672,F,11,R,H,STEADY,0.411,-0.116,-0.935,0.054,-3.316,1.462,-172.9,-23.6,-15.8,0.0,-15.8
6682,F,11,R,H,STEADY,0.410,-0.116,-0.934,0.010,-3.198,1.362,-172.9,-23.5,-15.8,0.0,-15.8
6692,F,11,R,H,STEADY,0.409,-0.116,-0.933,-0.061,-3.079,1.289,-172.9,-23.5,-15.9,0.0,-15.9
6702,F,11,R,H,STEADY,0.409,-0.117,-0.931,-0.151,-2.980,1.239,-172.9,-23.5,-15.9,0.0,-15.9
6712,F,11,R,H,STEADY,0.409,-0.117,-0.930,-0.232,-2.906,1.214,-172.8,-23.6,-16.0,0.0,-16.0
6722,F,11,R,H,STEADY,0.408,-0.117,-0.928,-0.280,-2.835,1.180,-172.8,-23.6,-16.0,0.0,-16.0
6732,F,11,R,H,STEADY,0.408,-0.117,-0.927,-0.303,-2.745,1.155,-172.8,-23.6,-16.1,0.0,-16.1
6742,F,11,R,H,STEADY,0.407,-0.117,-0.925,-0.319,-2.641,1.141,-172.8,-23.6,-16.1,0.0,-16.1
6752,F,11,R,H,STEADY,0.408,-0.118,-0.925,-0.307,-2.533,1.111,-172.7,-23.6,-16.1,0.0,-16.1
6762,F,11,R,H,STEADY,0.408,-0.118,-0.924,-0.256,-2.469,1.092,-172.7,-23.7,-16.1,0.0,-16.1
6772,F,11,R,H,STEADY,0.408,-0.118,-0.924,-0.198,-2.447,1.082,-172.7,-23.7,-16.2,0.0,-16.2
6782,F,11,R,H,STEADY,0.407,-0.118,-0.923,-0.159,-2.436,1.067,-172.7,-23.6,-16.2,0.0,-16.2
6792,F,11,R,H,STEADY,0.407,-0.118,-0.923,-0.163,-2.426,1.054,-172.7,-23.6,-16.2,0.0,-16.2
6802,F,11,R,H,STEADY,0.407,-0.118,-0.923,-0.183,-2.432,1.025,-172.7,-23.6,-16.2,0.0,-16.2
6812,F,11,R,H,STEADY,0.407,-0.119,-0.923,-0.213,-2.448,0.983,-172.7,-23.6,-16.2,0.0,-16.2
6822,F,11,R,H,STEADY,0.406,-0.118,-0.924,-0.204,-2.481,0.929,-172.7,-23.6,-16.2,0.0,-16.2
6832,F,11,R,H,STEADY,0.406,-0.119,-0.924,-0.172,-2.497,0.857,-172.7,-23.5,-16.3,0.0,-16.3
6842,F,11,R,H,STEADY,0.405,-0.118,-0.923,-0.141,-2.513,0.785,-172.7,-23.5,-16.3,0.0,-16.3
6853,F,11,R,H,STEADY,0.404,-0.118,-0.923,-0.074,-2.564,0.729,-172.7,-23.5,-16.3,0.0,-16.3
6863,F,11,R,H,STEADY,0.403,-0.117,-0.924,0.038,-2.623,0.685,-172.8,-23.4,-16.2,0.0,-16.2
6873,F,11,R,H,STEADY,0.403,-0.117,-0.926,0.162,-2.707,0.635,-172.8,-23.4,-16.2,0.0,-16.2
6883,F,11,R,H,STEADY,0.403,-0.117,-0.927,0.259,-2.750,0.584,-172.8,-23.3,-16.2,0.0,-16.2
6893,F,11,R,H,STEADY,0.403,-0.117,-0.927,0.263,-2.775,0.510,-172.8,-23.3,-16.2,0.0,-16.2
6903,F,11,R,H,STEADY,0.404,-0.117,-0.928,0.232,-2.764,0.433,-172.8,-23.3,-16.2,0.0,-16.2
6913,F,11,R,H,STEADY,0.404,-0.118,-0.929,0.149,-2.745,0.338,-172.8,-23.3,-16.3,0.0,-16.3
6923,F,11,R,H,STEADY,0.404,-0.119,-0.930,0.043,-2.726,0.234,-172.7,-23.3,-16.4,0.0,-16.4
6933,F,11,R,H,STEADY,0.403,-0.120,-0.931,-0.082,-2.726,0.136,-172.7,-23.3,-16.5,0.0,-16.5
6943,F,11,R,H,STEADY,0.403,-0.120,-0.931,-0.272,-2.706,0.033,-172.6,-23.3,-16.6,0.0,-16.6
6953,F,11,R,H,STEADY,0.403,-0.121,-0.931,-0.464,-2.660,-0.060,-172.6,-23.2,-16.7,0.0,-16.7
6963,F,11,R,H,STEADY,0.403,-0.121,-0.932,-0.657,-2.600,-0.141,-172.6,-23.2,-16.8,0.0,-16.8
6973,F,11,R,H,STEADY,0.403,-0.121,-0.933,-0.862,-2.499,-0.214,-172.6,-23.2,-16.7,0.0,-16.7
6983,F,11,R,H,STEADY,0.403,-0.120,-0.934,-0.991,-2.348,-0.268,-172.7,-23.2,-16.6,0.0,-16.6
6993,F,11,R,H,STEADY,0.403,-0.120,-0.935,-1.057,-2.179,-0.283,-172.7,-23.2,-16.6,0.0,-16.6
7003,F,11,R,H,STEADY,0.403,-0.120,-0.936,-1.021,-2.039,-0.281,-172.7,-23.1,-16.5,0.0,-16.5
7013,F,11,R,H,STEADY,0.404,-0.120,-0.937,-0.931,-1.908,-0.265,-172.7,-23.1,-16.5,0.0,-16.5
7023,F,11,R,H,STEADY,0.404,-0.120,-0.938,-0.837,-1.792,-0.216,-172.7,-23.1,-16.6,0.0,-16.6
7033,F,11,R,H,STEADY,0.405,-0.121,-0.939,-0.832,-1.663,-0.163,-172.6,-23.2,-16.7,0.0,-16.7
7043,F,11,R,H,STEADY,0.406,-0.123,-0.938,-1.008,-1.549,-0.105,-172.6,-23.2,-16.8,0.0,-16.8
7053,F,11,R,H,STEADY,0.406,-0.123,-0.938,-1.378,-1.451,-0.063,-172.5,-23.2,-16.9,0.0,-16.9
7063,F,11,R,H,STEADY,0.406,-0.124,-0.938,-1.833,-1.371,-0.021,-172.4,-23.2,-17.0,0.0,-17.0
7073,F,11,R,H,STEADY,0.406,-0.125,-0.938,-2.308,-1.334,0.011,-172.4,-23.2,-17.1,0.0,-17.1
7083,F,11,R,H,STEADY,0.406,-0.124,-0.939,-2.784,-1.320,0.052,-172.5,-23.2,-17.0,0.0,-17.0
7093,F,11,R,H,STEADY,0.406,-0.124,-0.939,-3.194,-1.309,0.099,-172.5,-23.2,-17.0,0.0,-17.0
7103,F,11,R,H,STEADY,0.406,-0.123,-0.939,-3.545,-1.289,0.152,-172.5,-23.2,-16.9,0.0,-16.9
7113,F,11,R,H,STEADY,0.406,-0.122,-0.939,-3.805,-1.267,0.211,-172.6,-23.2,-16.7,0.0,-16.7
7123,F,11,R,H,STEADY,0.407,-0.121,-0.939,-3.941,-1.267,0.286,-172.6,-23.2,-16.6,0.0,-16.6
7133,F,11,R,H,STEADY,0.407,-0.120,-0.940,-3.967,-1.303,0.366,-172.7,-23.3,-16.5,0.0,-16.5
7143,F,11,R,H,STEADY,0.407,-0.119,-0.940,-3.913,-1.375,0.427,-172.8,-23.3,-16.4,0.0,-16.4
7153,F,11,R,H,STEADY,0.407,-0.119,-0.939,-3.802,-1.454,0.480,-172.8,-23.2,-16.3,0.0,-16.3
7164,F,11,R,H,STEADY,0.406,-0.119,-0.940,-3.616,-1.519,0.536,-172.8,-23.2,-16.3,0.0,-16.3
7174,F,11,R,H,STEADY,0.406,-0.119,-0.940,-3.373,-1.560,0.597,-172.8,-23.2,-16.3,0.0,-16.3
7184,F,11,R,H,STEADY,0.406,-0.119,-0.940,-3.083,-1.575,0.667,-172.8,-23.2,-16.3,0.0,-16.3
7194,F,11,R,H,STEADY,0.406,-0.119,-0.941,-2.786,-1.587,0.743,-172.8,-23.2,-16.4,0.0,-16.4
7204,F,11,R,H,STEADY,0.406,-0.120,-0.941,-2.556,-1.594,0.810,-172.7,-23.2,-16.4,0.0,-16.4
7214,F,11,R,H,STEADY,0.406,-0.120,-0.939,-2.439,-1.595,0.862,-172.7,-23.2,-16.4,0.0,-16.4
7224,F,11,R,H,STEADY,0.406,-0.120,-0.938,-2.478,-1.568,0.913,-172.7,-23.2,-16.4,0.0,-16.4
7234,F,11,R,H,STEADY,0.406,-0.120,-0.937,-2.594,-1.544,0.955,-172.7,-23.3,-16.5,0.0,-16.5
7244,F,11,R,H,STEADY,0.406,-0.120,-0.936,-2.737,-1.541,0.973,-172.7,-23.3,-16.4,0.0,-16.4
7254,F,11,R,H,STEADY,0.406,-0.120,-0.935,-2.859,-1.517,1.007,-172.7,-23.3,-16.5,0.0,-16.5
7264,F,11,R,H,STEADY,0.405,-0.119,-0.935,-2.903,-1.477,1.058,-172.7,-23.3,-16.4,0.0,-16.4
7274,F,11,R,H,STEADY,0.404,-0.119,-0.934,-2.887,-1.463,1.130,-172.8,-23.2,-16.4,0.0,-16.4
7284,F,11,R,H,STEADY,0.403,-0.119,-0.933,-2.830,-1.447,1.187,-172.7,-23.2,-16.4,0.0,-16.4
7294,F,11,R,H,STEADY,0.403,-0.118,-0.933,-2.755,-1.399,1.246,-172.8,-23.2,-16.4,0.0,-16.4
7304,F,11,R,H,STEADY,0.403,-0.117,-0.932,-2.708,-1.312,1.291,-172.8,-23.2,-16.2,0.0,-16.2
7314,F,11,R,H,STEADY,0.404,-0.117,-0.932,-2.686,-1.255,1.321,-172.9,-23.3,-16.1,0.0,-16.1
7324,F,11,R,H,STEADY,0.405,-0.116,-0.932,-2.660,-1.232,1.312,-172.9,-23.3,-16.0,0.0,-16.0
7334,F,11,R,H,STEADY,0.405,-0.115,-0.933,-2.634,-1.229,1.271,-173.0,-23.3,-15.8,0.0,-15.8
7344,F,11,R,H,STEADY,0.405,-0.114,-0.933,-2.590,-1.203,1.231,-173.0,-23.3,-15.7,0.0,-15.7
7354,F,11,R,H,STEADY,0.404,-0.113,-0.933,-2.531,-1.135,1.213,-173.1,-23.3,-15.6,0.0,-15.6
7364,F,11,R,H,STEADY,0.404,-0.112,-0.933,-2.450,-1.049,1.200,-173.2,-23.2,-15.5,0.0,-15.5
7374,F,11,R,H,STEADY,0.404,-0.111,-0.934,-2.368,-0.968,1.180,-173.2,-23.2,-15.4,0.0,-15.4
7384,F,11,R,H,STEADY,0.403,-0.111,-0.934,-2.303,-0.894,1.166,-173.2,-23.2,-15.4,0.0,-15.4
7394,F,11,R,H,STEADY,0.404,-0.111,-0.935,-2.322,-0.827,1.134,-173.2,-23.2,-15.3,0.0,-15.3
7404,F,11,R,H,STEADY,0.404,-0.110,-0.935,-2.391,-0.751,1.086,-173.3,-23.2,-15.3,0.0,-15.3
7414,F,11,R,H,STEADY,0.404,-0.110,-0.935,-2.534,-0.674,1.006,-173.3,-23.2,-15.3,0.0,-15.3
7424,F,11,R,H,STEADY,0.404,-0.110,-0.936,-2.729,-0.589,0.943,-173.3,-23.2,-15.3,0.0,-15.3
7434,F,11,R,H,STEADY,0.403,-0.110,-0.936,-2.927,-0.483,0.902,-173.3,-23.2,-15.3,0.0,-15.3
7444,F,11,R,H,STEADY,0.404,-0.110,-0.935,-3.125,-0.375,0.906,-173.3,-23.2,-15.3,0.0,-15.3
7454,F,11,R,H,STEADY,0.404,-0.110,-0.935,-3.308,-0.291,0.909,-173.3,-23.2,-15.2,0.0,-15.2
7464,F,11,R,H,STEADY,0.404,-0.110,-0.934,-3.474,-0.240,0.901,-173.3,-23.3,-15.2,0.0,-15.2
7475,F,11,R,H,STEADY,0.405,-0.110,-0.933,-3.652,-0.196,0.868,-173.3,-23.3,-15.1,0.0,-15.1
7485,F,11,R,H,STEADY,0.405,-0.109,-0.933,-3.802,-0.185,0.837,-173.3,-23.4,-15.1,0.0,-15.1
7495,F,11,R,H,STEADY,0.406,-0.109,-0.932,-3.902,-0.172,0.813,-173.4,-23.4,-15.0,0.0,-15.0
7505,F,11,R,H,STEADY,0.406,-0.108,-0.930,-3.981,-0.157,0.800,-173.4,-23.4,-14.9,0.0,-14.9
7515,F,11,R,H,STEADY,0.406,-0.108,-0.928,-4.041,-0.121,0.801,-173.4,-23.5,-14.9,0.0,-14.9
7525,F,11,R,H,STEADY,0.408,-0.108,-0.927,-4.031,-0.100,0.817,-173.4,-23.6,-14.8,0.0,-14.8
7535,F,11,R,H,STEADY,0.409,-0.108,-0.927,-3.886,-0.125,0.830,-173.4,-23.7,-14.7,0.0,-14.7
7545,F,11,R,H,STEADY,0.410,-0.107,-0.928,-3.631,-0.169,0.843,-173.4,-23.7,-14.6,0.0,-14.6
7555,F,11,R,H,STEADY,0.409,-0.106,-0.929,-3.319,-0.186,0.834,-173.5,-23.6,-14.5,0.0,-14.5
7565,F,11,R,H,STEADY,0.409,-0.105,-0.931,-2.975,-0.164,0.825,-173.6,-23.6,-14.3,0.0,-14.3
7575,F,11,R,H,STEADY,0.409,-0.104,-0.934,-2.595,-0.102,0.817,-173.7,-23.5,-14.2,0.0,-14.2
7585,F,11,R,H,STEADY,0.409,-0.103,-0.935,-2.184,-0.044,0.827,-173.7,-23.5,-14.2,0.0,-14.2
7595,F,11,R,H,STEADY,0.410,-0.104,-0.936,-1.817,0.027,0.827,-173.7,-23.5,-14.2,0.0,-14.2
7605,F,11,R,H,STEADY,0.410,-0.104,-0.937,-1.594,0.101,0.826,-173.7,-23.5,-14.2,0.0,-14.2
7615,F,11,R,H,STEADY,0.410,-0.105,-0.937,-1.525,0.170,0.798,-173.6,-23.5,-14.4,0.0,-14.4
7625,F,11,R,H,STEADY,0.411,-0.106,-0.937,-1.619,0.228,0.770,-173.6,-23.5,-14.4,0.0,-14.4
7635,F,11,R,H,STEADY,0.411,-0.106,-0.937,-1.860,0.289,0.724,-173.5,-23.5,-14.5,0.0,-14.5
7645,F,11,R,H,STEADY,0.410,-0.107,-0.937,-2.165,0.324,0.688,-173.5,-23.5,-14.6,0.0,-14.6
7655,F,11,R,H,STEADY,0.410,-0.106,-0.936,-2.399,0.359,0.674,-173.5,-23.5,-14.5,0.0,-14.5
7665,F,11,R,H,STEADY,0.411,-0.105,-0.935,-2.493,0.369,0.678,-173.6,-23.6,-14.3,0.0,-14.3
7675,F,11,R,H,STEADY,0.411,-0.104,-0.934,-2.422,0.340,0.694,-173.7,-23.6,-14.2,0.0,-14.2
7685,F,11,R,H,STEADY,0.411,-0.103,-0.932,-2.168,0.265,0.708,-173.7,-23.7,-14.1,0.0,-14.1
7695,F,11,R,H,STEADY,0.411,-0.103,-0.931,-1.787,0.162,0.724,-173.7,-23.7,-14.1,0.0,-14.1
7705,F,11,R,H,STEADY,0.411,-0.103,-0.931,-1.328,0.053,0.738,-173.7,-23.7,-14.1,0.0,-14.1
7715,F,11,R,H,STEADY,0.412,-0.104,-0.931,-0.862,-0.068,0.782,-173.7,-23.7,-14.1,0.0,-14.1
7725,F,11,R,H,STEADY,0.411,-0.104,-0.933,-0.426,-0.168,0.832,-173.6,-23.7,-14.2,0.0,-14.2
7735,F,11,R,H,STEADY,0.411,-0.105,-0.934,-0.085,-0.234,0.915,-173.6,-23.6,-14.3,0.0,-14.3
7745,F,11,R,H,STEADY,0.412,-0.105,-0.935,0.178,-0.292,0.985,-173.6,-23.6,-14.3,0.0,-14.3
7755,F,11,R,H,STEADY,0.412,-0.105,-0.935,0.316,-0.327,1.012,-173.6,-23.6,-14.3,0.0,-14.3
7765,F,11,R,H,STEADY,0.412,-0.105,-0.936,0.301,-0.348,1.014,-173.6,-23.6,-14.3,0.0,-14.3
7775,F,11,R,H,STEADY,0.413,-0.106,-0.934,0.123,-0.345,1.007,-173.5,-23.7,-14.4,0.0,-14.4
7786,F,11,R,H,STEADY,0.413,-0.106,-0.934,-0.279,-0.332,0.999,-173.5,-23.7,-14.5,0.0,-14.5
7796,F,11,R,H,STEADY,0.413,-0.106,-0.933,-0.772,-0.313,0.987,-173.5,-23.8,-14.4,0.0,-14.4
7806,F,11,R,H,STEADY,0.413,-0.106,-0.932,-1.246,-0.317,0.966,-173.5,-23.8,-14.3,0.0,-14.3
7816,F,11,R,H,STEADY,0.414,-0.105,-0.931,-1.660,-0.346,0.945,-173.6,-23.8,-14.2,0.0,-14.2
7826,F,11,R,H,STEADY,0.415,-0.104,-0.931,-1.984,-0.395,0.908,-173.6,-23.9,-14.1,0.0,-14.1
7836,F,11,R,H,STEADY,0.415,-0.104,-0.931,-2.205,-0.460,0.874,-173.6,-23.9,-14.1,0.0,-14.1
7846,F,11,R,H,STEADY,0.415,-0.104,-0.931,-2.339,-0.510,0.822,-173.6,-23.9,-14.1,0.0,-14.1
7856,F,11,R,H,STEADY,0.415,-0.104,-0.930,-2.369,-0.561,0.777,-173.6,-23.9,-14.1,0.0,-14.1
7866,F,11,R,H,STEADY,0.415,-0.104,-0.930,-2.298,-0.618,0.744,-173.6,-23.9,-14.1,0.0,-14.1
7876,F,11,R,H,STEADY,0.416,-0.104,-0.930,-2.158,-0.686,0.719,-173.6,-24.0,-14.0,0.0,-14.0
7886,F,11,R,H,STEADY,0.417,-0.103,-0.930,-1.946,-0.767,0.692,-173.7,-24.0,-13.9,0.0,-13.9
7896,F,11,R,H,STEADY,0.417,-0.103,-0.930,-1.663,-0.872,0.665,-173.7,-24.0,-13.9,0.0,-13.9
7906,F,11,R,H,STEADY,0.416,-0.103,-0.930,-1.330,-0.998,0.648,-173.7,-24.0,-13.9,0.0,-13.9
7916,F,11,R,H,STEADY,0.416,-0.103,-0.930,-0.997,-1.106,0.635,-173.7,-23.9,-13.9,0.0,-13.9
7926,F,11,R,H,STEADY,0.415,-0.103,-0.931,-0.698,-1.196,0.633,-173.7,-23.9,-14.0,0.0,-14.0
7936,F,11,R,H,STEADY,0.415,-0.104,-0.931,-0.439,-1.253,0.643,-173.6,-23.9,-14.0,0.0,-14.0
7946,F,11,R,H,STEADY,0.416,-0.105,-0.931,-0.268,-1.305,0.659,-173.6,-23.9,-14.1,0.0,-14.1
7956,F,11,R,H,STEADY,0.416,-0.106,-0.931,-0.181,-1.362,0.675,-173.5,-23.9,-14.3,0.0,-14.3
7966,F,11,R,H,STEADY,0.416,-0.107,-0.931,-0.206,-1.438,0.708,-173.5,-23.9,-14.4,0.0,-14.4
7976,F,11,R,H,STEADY,0.416,-0.108,-0.930,-0.316,-1.522,0.748,-173.4,-24.0,-14.6,0.0,-14.6
7986,F,11,R,H,STEADY,0.416,-0.109,-0.930,-0.468,-1.610,0.797,-173.3,-24.0,-14.7,0.0,-14.7
7996,F,11,R,H,STEADY,0.417,-0.110,-0.929,-0.628,-1.692,0.857,-173.3,-24.0,-14.7,0.0,-14.7
8006,F,11,R,H,STEADY,0.416,-0.110,-0.929,-0.752,-1.760,0.908,-173.3,-24.0,-14.8,0.0,-14.8
8016,F,11,R,H,STEADY,0.415,-0.109,-0.930,-0.793,-1.805,0.958,-173.3,-23.9,-14.7,0.0,-14.7
8026,F,11,R,H,STEADY,0.414,-0.108,-0.930,-0.739,-1.818,1.019,-173.4,-23.9,-14.6,0.0,-14.6
8036,F,11,R,H,STEADY,0.414,-0.108,-0.930,-0.615,-1.807,1.100,-173.4,-23.9,-14.7,0.0,-14.7
8046,F,11,R,H,STEADY,0.414,-0.109,-0.932,-0.450,-1.776,1.172,-173.3,-23.8,-14.7,0.0,-14.7
8056,F,11,R,H,STEADY,0.414,-0.109,-0.932,-0.320,-1.725,1.230,-173.3,-23.8,-14.8,0.0,-14.8
8066,F,11,R,H,STEADY,0.414,-0.110,-0.932,-0.274,-1.671,1.273,-173.2,-23.8,-14.9,0.0,-14.9
8076,F,11,R,H,STEADY,0.414,-0.112,-0.932,-0.332,-1.646,1.305,-173.2,-23.8,-15.1,0.0,-15.1
8086,F,11,R,H,STEADY,0.414,-0.112,-0.931,-0.494,-1.628,1.345,-173.1,-23.8,-15.2,0.0,-15.2
8097,F,11,R,H,STEADY,0.414,-0.113,-0.930,-0.726,-1.623,1.368,-173.1,-23.9,-15.2,0.0,-15.2
8107,F,11,R,H,STEADY,0.414,-0.112,-0.929,-0.923,-1.636,1.378,-173.1,-23.9,-15.1,0.0,-15.1
8117,F,11,R,H,STEADY,0.414,-0.111,-0.929,-1.020,-1.668,1.388,-173.2,-23.9,-15.0,0.0,-15.0
8127,F,11,R,H,STEADY,0.415,-0.110,-0.928,-0.991,-1.716,1.397,-173.2,-23.9,-14.9,0.0,-14.9
8137,F,11,R,H,STEADY,0.415,-0.110,-0.928,-0.841,-1.738,1.413,-173.3,-23.9,-14.8,0.0,-14.8
8147,F,11,R,H,STEADY,0.415,-0.109,-0.929,-0.630,-1.740,1.436,-173.3,-23.9,-14.7,0.0,-14.7
8157,F,11,R,H,STEADY,0.414,-0.109,-0.929,-0.392,-1.734,1.453,-173.3,-23.9,-14.8,0.0,-14.8
8167,F,11,R,H,STEADY,0.415,-0.109,-0.930,-0.192,-1.701,1.461,-173.3,-23.9,-14.8,0.0,-14.8
8177,F,11,R,H,STEADY,0.414,-0.110,-0.931,-0.056,-1.673,1.461,-173.3,-23.8,-14.8,0.0,-14.8
8187,F,11,R,H,STEADY,0.415,-0.110,-0.932,-0.004,-1.660,1.461,-173.3,-23.8,-14.9,0.0,-14.9
8197,F,11,R,H,STEADY,0.415,-0.110,-0.933,-0.061,-1.627,1.459,-173.2,-23.8,-14.9,0.0,-14.9
8207,F,11,R,H,STEADY,0.415,-0.110,-0.933,-0.206,-1.590,1.448,-173.3,-23.8,-14.9,0.0,-14.9
8217,F,11,R,H,STEADY,0.415,-0.110,-0.933,-0.401,-1.547,1.437,-173.3,-23.8,-14.8,0.0,-14.8
8227,F,11,R,H,STEADY,0.415,-0.110,-0.933,-0.545,-1.503,1.426,-173.3,-23.8,-14.8,0.0,-14.8
8237,F,11,R,H,STEADY,0.415,-0.110,-0.933,-0.607,-1.503,1.386,-173.3,-23.8,-14.9,0.0,-14.9
8247,F,11,R,H,STEADY,0.416,-0.111,-0.932,-0.585,-1.557,1.340,-173.2,-23.9,-14.9,0.0,-14.9
8257,F,11,R,H,STEADY,0.416,-0.111,-0.932,-0.509,-1.664,1.291,-173.2,-23.9,-15.0,0.0,-15.0
8267,F,11,R,H,STEADY,0.416,-0.112,-0.931,-0.441,-1.787,1.222,-173.1,-23.9,-15.1,0.0,-15.1
8277,F,11,R,H,STEADY,0.416,-0.112,-0.931,-0.436,-1.920,1.149,-173.1,-23.9,-15.1,0.0,-15.1
8287,F,11,R,H,STEADY,0.416,-0.112,-0.932,-0.472,-2.059,1.087,-173.2,-23.9,-15.1,0.0,-15.1
8297,F,11,R,H,STEADY,0.416,-0.111,-0.934,-0.513,-2.216,1.038,-173.2,-23.9,-15.0,0.0,-15.0
8307,F,11,R,H,STEADY,0.416,-0.110,-0.934,-0.513,-2.362,1.016,-173.3,-23.8,-14.9,0.0,-14.9
8317,F,11,R,H,STEADY,0.415,-0.109,-0.935,-0.468,-2.505,1.008,-173.3,-23.8,-14.8,0.0,-14.8
8327,F,11,R,H,STEADY,0.414,-0.109,-0.936,-0.356,-2.637,1.020,-173.4,-23.7,-14.7,0.0,-14.7
8337,F,11,R,H,STEADY,0.413,-0.108,-0.937,-0.173,-2.740,1.062,-173.4,-23.7,-14.7,0.0,-14.7
8347,F,11,R,H,STEADY,0.412,-0.108,-0.937,0.025,-2.792,1.116,-173.4,-23.6,-14.7,0.0,-14.7
8357,F,11,R,H,STEADY,0.412,-0.109,-0.937,0.227,-2.811,1.159,-173.3,-23.6,-14.9,0.0,-14.9
8367,F,11,R,H,STEADY,0.411,-0.111,-0.938,0.375,-2.823,1.209,-173.3,-23.5,-15.0,0.0,-15.0
8377,F,11,R,H,STEADY,0.411,-0.111,-0.937,0.482,-2.814,1.238,-173.2,-23.5,-15.2,0.0,-15.2
8387,F,11,R,H,STEADY,0.411,-0.112,-0.936,0.498,-2.775,1.271,-173.2,-23.5,-15.2,0.0,-15.2
8397,F,11,R,H,STEADY,0.410,-0.113,-0.934,0.399,-2.714,1.298,-173.1,-23.6,-15.4,0.0,-15.4
8408,F,11,R,H,STEADY,0.410,-0.113,-0.934,0.234,-2.635,1.305,-173.1,-23.5,-15.4,0.0,-15.4
8418,F,11,R,H,STEADY,0.409,-0.113,-0.933,0.098,-2.533,1.304,-173.1,-23.5,-15.5,0.0,-15.5
8428,F,11,R,H,STEADY,0.408,-0.113,-0.932,-0.030,-2.390,1.293,-173.1,-23.5,-15.5,0.0,-15.5
8438,F,11,R,H,STEADY,0.408,-0.113,-0.931,-0.121,-2.207,1.301,-173.1,-23.5,-15.4,0.0,-15.4
8448,F,11,R,H,STEADY,0.408,-0.113,-0.930,-0.202,-2.001,1.320,-173.1,-23.5,-15.4,0.0,-15.4
8458,F,11,R,H,STEADY,0.408,-0.113,-0.929,-0.227,-1.782,1.334,-173.1,-23.6,-15.5,0.0,-15.5
8468,F,11,R,H,STEADY,0.408,-0.113,-0.927,-0.216,-1.597,1.354,-173.0,-23.6,-15.5,0.0,-15.5
8478,F,11,R,H,STEADY,0.409,-0.114,-0.925,-0.271,-1.430,1.361,-173.0,-23.7,-15.6,0.0,-15.6
8488,F,11,R,H,STEADY,0.410,-0.115,-0.924,-0.380,-1.281,1.355,-172.9,-23.7,-15.7,0.0,-15.7
8498,F,11,R,H,STEADY,0.409,-0.115,-0.924,-0.591,-1.161,1.320,-172.9,-23.7,-15.7,0.0,-15.7
8508,F,11,R,H,STEADY,0.409,-0.116,-0.923,-0.830,-1.067,1.284,-172.8,-23.8,-15.8,0.0,-15.8
8518,F,11,R,H,STEADY,0.409,-0.116,-0.923,-1.065,-0.979,1.250,-172.8,-23.8,-15.8,0.0,-15.8
8528,F,11,R,H,STEADY,0.409,-0.116,-0.922,-1.248,-0.901,1.213,-172.8,-23.8,-15.8,0.0,-15.8
8538,F,11,R,H,STEADY,0.409,-0.116,-0.924,-1.325,-0.838,1.182,-172.9,-23.7,-15.8,0.0,-15.8
8548,F,11,R,H,STEADY,0.409,-0.115,-0.926,-1.268,-0.782,1.170,-172.9,-23.7,-15.7,0.0,-15.7
8558,F,11,R,H,STEADY,0.409,-0.115,-0.927,-1.133,-0.727,1.169,-172.9,-23.6,-15.7,0.0,-15.7
8568,F,11,R,H,STEADY,0.410,-0.115,-0.929,-0.981,-0.663,1.175,-173.0,-23.7,-15.6,0.0,-15.6
8578,F,11,R,H,STEADY,0.411,-0.114,-0.930,-0.852,-0.609,1.170,-173.0,-23.7,-15.5,0.0,-15.5
8588,F,11,R,H,STEADY,0.412,-0.114,-0.931,-0.769,-0.570,1.160,-173.0,-23.7,-15.5,0.0,-15.5
8598,F,11,R,H,STEADY,0.413,-0.115,-0.932,-0.734,-0.547,1.136,-173.0,-23.7,-15.6,0.0,-15.6
8608,F,11,R,H,STEADY,0.413,-0.115,-0.932,-0.754,-0.527,1.104,-173.0,-23.8,-15.6,0.0,-15.6
8618,F,11,R,H,STEADY,0.414,-0.115,-0.932,-0.804,-0.524,1.088,-172.9,-23.8,-15.6,0.0,-15.6
8628,F,11,R,H,STEADY,0.415,-0.116,-0.932,-0.856,-0.528,1.093,-172.9,-23.8,-15.6,0.0,-15.6
8638,F,11,R,H,STEADY,0.415,-0.116,-0.933,-0.864,-0.514,1.108,-172.9,-23.8,-15.6,0.0,-15.6
8648,F,11,R,H,STEADY,0.415,-0.116,-0.932,-0.855,-0.522,1.109,-172.9,-23.8,-15.6,0.0,-15.6
8658,F,11,R,H,STEADY,0.415,-0.115,-0.931,-0.828,-0.534,1.106,-173.0,-23.9,-15.5,0.0,-15.5
8668,F,11,R,H,STEADY,0.416,-0.114,-0.931,-0.808,-0.566,1.103,-173.0,-23.9,-15.4,0.0,-15.4
8678,F,11,R,H,STEADY,0.416,-0.114,-0.931,-0.790,-0.597,1.091,-173.0,-23.9,-15.4,0.0,-15.4
8688,F,11,R,H,STEADY,0.416,-0.115,-0.931,-0.759,-0.630,1.056,-173.0,-23.9,-15.4,0.0,-15.4
8698,F,11,R,H,STEADY,0.414,-0.115,-0.932,-0.756,-0.643,1.017,-173.0,-23.8,-15.5,0.0,-15.5
8708,F,11,R,H,STEADY,0.413,-0.115,-0.932,-0.786,-0.642,0.973,-172.9,-23.8,-15.6,0.0,-15.6
8719,F,11,R,H,STEADY,0.413,-0.115,-0.932,-0.795,-0.634,0.947,-173.0,-23.7,-15.6,0.0,-15.6
8729,F,11,R,H,STEADY,0.413,-0.115,-0.932,-0.776,-0.620,0.930,-173.0,-23.7,-15.6,0.0,-15.6
8739,F,11,R,H,STEADY,0.412,-0.114,-0.932,-0.702,-0.594,0.919,-173.0,-23.7,-15.5,0.0,-15.5
8749,F,11,R,H,STEADY,0.412,-0.113,-0.932,-0.527,-0.579,0.900,-173.1,-23.7,-15.4,0.0,-15.4
8759,F,11,R,H,STEADY,0.412,-0.113,-0.933,-0.298,-0.551,0.861,-173.1,-23.7,-15.3,0.0,-15.3
8769,F,11,R,H,STEADY,0.413,-0.112,-0.933,-0.011,-0.478,0.839,-173.1,-23.7,-15.2,0.0,-15.2
8779,F,11,R,H,STEADY,0.413,-0.113,-0.933,0.299,-0.386,0.830,-173.1,-23.7,-15.3,0.0,-15.3
8789,F,11,R,H,STEADY,0.414,-0.113,-0.932,0.562,-0.276,0.794,-173.1,-23.8,-15.3,0.0,-15.3
8799,F,11,R,H,STEADY,0.414,-0.115,-0.930,0.696,-0.193,0.739,-173.0,-23.8,-15.5,0.0,-15.5
8809,F,11,R,H,STEADY,0.414,-0.116,-0.929,0.697,-0.125,0.677,-172.9,-23.9,-15.7,0.0,-15.7
8819,F,11,R,H,STEADY,0.414,-0.117,-0.927,0.583,-0.084,0.607,-172.8,-23.9,-15.8,0.0,-15.8
8829,F,11,R,H,STEADY,0.413,-0.119,-0.925,0.376,-0.071,0.532,-172.7,-23.9,-16.0,0.0,-16.0
8839,F,11,R,H,STEADY,0.414,-0.119,-0.925,0.159,-0.103,0.467,-172.7,-23.9,-16.0,0.0,-16.0
8849,F,11,R,H,STEADY,0.414,-0.119,-0.924,-0.032,-0.161,0.400,-172.7,-23.9,-16.1,0.0,-16.1
8859,F,11,R,H,STEADY,0.414,-0.119,-0.924,-0.168,-0.243,0.340,-172.7,-24.0,-16.1,0.0,-16.1
8869,F,11,R,H,STEADY,0.414,-0.119,-0.924,-0.224,-0.333,0.293,-172.7,-24.0,-16.0,0.0,-16.0
8879,F,11,R,H,STEADY,0.414,-0.119,-0.924,-0.181,-0.434,0.265,-172.7,-24.0,-16.0,0.0,-16.0
8889,F,11,R,H,STEADY,0.414,-0.119,-0.924,-0.058,-0.520,0.263,-172.7,-24.0,-16.0,0.0,-16.0
8899,F,11,R,H,STEADY,0.414,-0.120,-0.924,0.113,-0.611,0.284,-172.6,-24.0,-16.1,0.0,-16.1
8909,F,11,R,H,STEADY,0.414,-0.120,-0.925,0.262,-0.707,0.332,-172.6,-23.9,-16.2,0.0,-16.2
8919,F,11,R,H,STEADY,0.415,-0.121,-0.926,0.359,-0.784,0.410,-172.6,-24.0,-16.2,0.0,-16.2
8929,F,11,R,H,STEADY,0.415,-0.122,-0.926,0.407,-0.834,0.491,-172.5,-24.0,-16.3,0.0,-16.3
8939,F,11,R,H,STEADY,0.416,-0.123,-0.926,0.362,-0.894,0.562,-172.4,-24.0,-16.4,0.0,-16.4
8949,F,11,R,H,STEADY,0.417,-0.123,-0.926,0.241,-0.939,0.609,-172.4,-24.0,-16.5,0.0,-16.5
8959,F,11,R,H,STEADY,0.417,-0.124,-0.926,0.073,-0.969,0.635,-172.4,-24.1,-16.5,0.0,-16.5
8969,F,11,R,H,STEADY,0.417,-0.124,-0.926,-0.122,-0.963,0.670,-172.4,-24.1,-16.6,0.0,-16.6
8979,F,11,R,H,STEADY,0.417,-0.124,-0.926,-0.374,-0.933,0.720,-172.3,-24.1,-16.6,0.0,-16.6
8989,F,11,R,H,STEADY,0.417,-0.125,-0.926,-0.669,-0.907,0.776,-172.3,-24.1,-16.6,0.0,-16.6
8999,F,11,R,H,STEADY,0.417,-0.125,-0.926,-0.956,-0.890,0.812,-172.3,-24.1,-16.6,0.0,-16.6
9009,F,11,R,H,STEADY,0.417,-0.124,-0.926,-1.228,-0.872,0.863,-172.3,-24.0,-16.6,0.0,-16.6
9019,F,11,R,H,STEADY,0.417,-0.125,-0.925,-1.466,-0.853,0.887,-172.3,-24.0,-16.7,0.0,-16.7
9030,F,11,R,H,STEADY,0.417,-0.125,-0.925,-1.686,-0.832,0.927,-172.3,-24.0,-16.7,0.0,-16.7
9040,F,11,R,H,STEADY,0.417,-0.124,-0.925,-1.876,-0.825,0.967,-172.3,-24.1,-16.6,0.0,-16.6
9050,F,11,R,H,STEADY,0.417,-0.124,-0.924,-1.999,-0.805,0.991,-172.4,-24.1,-16.5,0.0,-16.5
9060,F,11,R,H,STEADY,0.418,-0.124,-0.925,-2.102,-0.784,1.013,-172.4,-24.1,-16.5,0.0,-16.5
9070,F,11,R,H,STEADY,0.418,-0.124,-0.924,-2.218,-0.748,1.033,-172.4,-24.1,-16.5,0.0,-16.5
9080,F,11,R,H,STEADY,0.417,-0.124,-0.924,-2.292,-0.711,1.053,-172.4,-24.1,-16.5,0.0,-16.5
9090,F,11,R,H,STEADY,0.417,-0.124,-0.924,-2.340,-0.672,1.073,-172.4,-24.1,-16.5,0.0,-16.5
9100,F,11,R,H,STEADY,0.417,-0.124,-0.925,-2.384,-0.613,1.106,-172.4,-24.1,-16.5,0.0,-16.5
9110,F,11,R,H,STEADY,0.417,-0.123,-0.926,-2.396,-0.558,1.161,-172.4,-24.0,-16.5,0.0,-16.5
9120,F,11,R,H,STEADY,0.417,-0.123,-0.926,-2.385,-0.486,1.232,-172.4,-24.1,-16.4,0.0,-16.4
9130,F,11,R,H,STEADY,0.418,-0.122,-0.927,-2.348,-0.426,1.302,-172.5,-24.1,-16.3,0.0,-16.3
9140,F,11,R,H,STEADY,0.419,-0.121,-0.927,-2.282,-0.367,1.355,-172.5,-24.1,-16.2,0.0,-16.2
9150,F,11,R,H,STEADY,0.420,-0.121,-0.927,-2.201,-0.310,1.391,-172.6,-24.2,-16.1,0.0,-16.1
9160,F,11,R,H,STEADY,0.420,-0.121,-0.927,-2.107,-0.256,1.409,-172.6,-24.2,-16.1,0.0,-16.1
9170,F,11,R,H,STEADY,0.420,-0.121,-0.928,-2.015,-0.204,1.412,-172.6,-24.2,-16.1,0.0,-16.1
9180,F,11,R,H,STEADY,0.420,-0.121,-0.927,-1.920,-0.157,1.418,-172.5,-24.2,-16.1,0.0,-16.1
9190,F,11,R,H,STEADY,0.421,-0.121,-0.927,-1.830,-0.147,1.424,-172.5,-24.2,-16.1,0.0,-16.1
9200,F,11,R,H,STEADY,0.421,-0.122,-0.928,-1.759,-0.173,1.418,-172.5,-24.2,-16.2,0.0,-16.2
9210,F,11,R,H,STEADY,0.421,-0.122,-0.928,-1.695,-0.209,1.399,-172.5,-24.2,-16.2,0.0,-16.2
9220,F,11,R,H,STEADY,0.420,-0.122,-0.928,-1.645,-0.263,1.379,-172.5,-24.2,-16.2,0.0,-16.2
9230,F,11,R,H,STEADY,0.420,-0.122,-0.927,-1.577,-0.309,1.361,-172.5,-24.2,-16.2,0.0,-16.2
9240,F,11,R,H,STEADY,0.420,-0.121,-0.927,-1.506,-0.354,1.363,-172.5,-24.2,-16.1,0.0,-16.1
9250,F,11,R,H,STEADY,0.420,-0.121,-0.927,-1.446,-0.399,1.389,-172.5,-24.2,-16.1,0.0,-16.1
9260,F,11,R,H,STEADY,0.420,-0.121,-0.927,-1.374,-0.448,1.446,-172.6,-24.2,-16.1,0.0,-16.1
9270,F,11,R,H,STEADY,0.420,-0.121,-0.927,-1.278,-0.526,1.531,-172.6,-24.2,-16.1,0.0,-16.1
9280,F,11,R,H,STEADY,0.420,-0.121,-0.926,-1.202,-0.614,1.620,-172.5,-24.2,-16.1,0.0,-16.1
9290,F,11,R,H,STEADY,0.421,-0.122,-0.926,-1.134,-0.689,1.703,-172.5,-24.3,-16.1,0.0,-16.1
9300,F,11,R,H,STEADY,0.422,-0.122,-0.926,-1.083,-0.732,1.780,-172.5,-24.3,-16.1,0.0,-16.1
9310,F,11,R,H,STEADY,0.422,-0.122,-0.926,-1.035,-0.765,1.865,-172.5,-24.3,-16.1,0.0,-16.1
9320,F,11,R,H,STEADY,0.423,-0.122,-0.926,-1.026,-0.790,1.947,-172.5,-24.3,-16.1,0.0,-16.1
9330,F,11,R,H,STEADY,0.422,-0.122,-0.927,-1.097,-0.818,2.019,-172.5,-24.3,-16.2,0.0,-16.2
9341,F,11,R,H,STEADY,0.422,-0.122,-0.928,-1.239,-0.844,2.084,-172.5,-24.3,-16.2,0.0,-16.2
9351,F,11,R,H,STEADY,0.422,-0.122,-0.929,-1.413,-0.858,2.152,-172.5,-24.2,-16.2,0.0,-16.2
9361,F,11,R,H,STEADY,0.421,-0.122,-0.929,-1.621,-0.851,2.213,-172.5,-24.2,-16.1,0.0,-16.1
9371,F,11,R,H,STEADY,0.421,-0.121,-0.930,-1.876,-0.857,2.287,-172.6,-24.2,-16.0,0.0,-16.0
9381,F,11,R,H,STEADY,0.421,-0.120,-0.930,-2.120,-0.845,2.400,-172.7,-24.2,-15.9,0.0,-15.9
9391,F,11,R,H,STEADY,0.422,-0.120,-0.929,-2.308,-0.822,2.533,-172.7,-24.3,-15.8,0.0,-15.8
9401,F,11,R,H,STEADY,0.423,-0.120,-0.926,-2.434,-0.823,2.656,-172.6,-24.4,-15.8,0.0,-15.8
9411,F,11,R,H,STEADY,0.424,-0.120,-0.924,-2.542,-0.857,2.750,-172.6,-24.5,-15.8,0.0,-15.8
9421,F,11,R,H,STEADY,0.425,-0.120,-0.922,-2.661,-0.867,2.809,-172.6,-24.6,-15.8,0.0,-15.8
9431,F,11,R,H,STEADY,0.426,-0.120,-0.921,-2.778,-0.901,2.875,-172.6,-24.6,-15.8,0.0,-15.8
9441,F,11,R,H,STEADY,0.426,-0.120,-0.919,-2.930,-0.940,2.950,-172.5,-24.7,-15.8,0.0,-15.8
9451,F,11,R,H,STEADY,0.426,-0.120,-0.919,-3.077,-0.989,3.004,-172.6,-24.7,-15.7,0.0,-15.7
9461,F,11,R,H,STEADY,0.426,-0.119,-0.919,-3.180,-1.033,3.020,-172.6,-24.7,-15.7,0.0,-15.7
9471,F,11,R,H,STEADY,0.426,-0.118,-0.920,-3.183,-1.069,3.014,-172.7,-24.7,-15.5,0.0,-15.5
9481,F,11,R,H,STEADY,0.425,-0.117,-0.920,-3.115,-1.083,3.014,-172.8,-24.6,-15.4,0.0,-15.4
9491,F,11,R,H,STEADY,0.425,-0.116,-0.921,-2.955,-1.062,2.991,-172.8,-24.6,-15.2,0.0,-15.2
9501,F,11,R,H,STEADY,0.425,-0.115,-0.922,-2.711,-1.030,2.957,-172.9,-24.5,-15.2,0.0,-15.2
9511,F,11,R,H,STEADY,0.424,-0.114,-0.923,-2.423,-0.998,2.907,-172.9,-24.5,-15.1,0.0,-15.1
9521,F,11,R,H,STEADY,0.424,-0.115,-0.925,-2.163,-0.950,2.849,-172.9,-24.4,-15.1,0.0,-15.1
9531,F,11,R,H,STEADY,0.423,-0.115,-0.926,-1.973,-0.873,2.816,-172.9,-24.4,-15.2,0.0,-15.2
9541,F,11,R,H,STEADY,0.423,-0.115,-0.926,-1.898,-0.767,2.778,-172.9,-24.4,-15.2,0.0,-15.2
9551,F,11,R,H,STEADY,0.422,-0.116,-0.927,-1.888,-0.678,2.743,-172.9,-24.3,-15.3,0.0,-15.3
9561,F,11,R,H,STEADY,0.422,-0.116,-0.927,-1.984,-0.598,2.685,-172.9,-24.3,-15.4,0.0,-15.4
9571,F,11,R,H,STEADY,0.423,-0.116,-0.926,-2.161,-0.519,2.624,-172.8,-24.4,-15.4,0.0,-15.4
9581,F,11,R,H,STEADY,0.423,-0.116,-0.926,-2.400,-0.440,2.567,-172.8,-24.4,-15.4,0.0,-15.4
9591,F,11,R,H,STEADY,0.423,-0.116,-0.925,-2.658,-0.385,2.505,-172.9,-24.4,-15.3,0.0,-15.3
9601,F,11,R,H,STEADY,0.424,-0.116,-0.925,-2.879,-0.362,2.411,-172.9,-24.4,-15.3,0.0,-15.3
9611,F,11,R,H,STEADY,0.423,-0.115,-0.925,-3.020,-0.368,2.293,-172.9,-24.4,-15.2,0.0,-15.2
9621,F,11,R,H,STEADY,0.423,-0.115,-0.925,-3.084,-0.388,2.174,-172.9,-24.4,-15.2,0.0,-15.2
9631,F,11,R,H,STEADY,0.423,-0.114,-0.925,-3.121,-0.405,2.075,-173.0,-24.4,-15.1,0.0,-15.1
9641,F,11,R,H,STEADY,0.423,-0.114,-0.925,-3.104,-0.429,1.987,-173.0,-24.4,-15.1,0.0,-15.1
9652,F,11,R,H,STEADY,0.423,-0.114,-0.925,-3.047,-0.472,1.893,-173.0,-24.4,-15.1,0.0,-15.1
9662,F,11,R,H,STEADY,0.422,-0.113,-0.926,-2.970,-0.528,1.810,-173.0,-24.4,-15.0,0.0,-15.0
9672,F,11,R,H,STEADY,0.422,-0.113,-0.926,-2.879,-0.579,1.729,-173.0,-24.3,-15.0,0.0,-15.0
9682,F,11,R,H,STEADY,0.422,-0.113,-0.926,-2.764,-0.624,1.653,-173.1,-24.4,-15.0,0.0,-15.0
9692,F,11,R,H,STEADY,0.423,-0.113,-0.927,-2.613,-0.663,1.582,-173.1,-24.4,-14.9,0.0,-14.9
9702,F,11,R,H,STEADY,0.423,-0.113,-0.926,-2.431,-0.723,1.516,-173.0,-24.4,-14.9,0.0,-14.9
9712,F,11,R,H,STEADY,0.424,-0.113,-0.926,-2.238,-0.769,1.439,-173.0,-24.4,-14.9,0.0,-14.9
9722,F,11,R,H,STEADY,0.424,-0.113,-0.925,-2.087,-0.814,1.360,-173.0,-24.5,-15.0,0.0,-15.0
9732,F,11,R,H,STEADY,0.424,-0.114,-0.925,-1.963,-0.852,1.278,-173.0,-24.5,-15.0,0.0,-15.0
9742,F,11,R,H,STEADY,0.424,-0.114,-0.925,-1.894,-0.918,1.193,-173.0,-24.5,-15.0,0.0,-15.0
9752,F,11,R,H,STEADY,0.424,-0.114,-0.926,-1.837,-0.977,1.125,-173.0,-24.4,-15.0,0.0,-15.0
9762,F,11,R,H,STEADY,0.424,-0.113,-0.926,-1.792,-1.023,1.063,-173.0,-24.4,-15.0,0.0,-15.0
9772,F,11,R,H,STEADY,0.424,-0.113,-0.927,-1.721,-1.054,1.013,-173.0,-24.4,-14.9,0.0,-14.9
9782,F,11,R,H,STEADY,0.424,-0.113,-0.927,-1.607,-1.090,0.953,-173.1,-24.4,-14.9,0.0,-14.9
9792,F,11,R,H,STEADY,0.424,-0.113,-0.927,-1.463,-1.137,0.896,-173.0,-24.4,-14.9,0.0,-14.9
9802,F,11,R,H,STEADY,0.424,-0.113,-0.927,-1.301,-1.177,0.839,-173.0,-24.4,-15.0,0.0,-15.0
9812,F,11,R,H,STEADY,0.424,-0.114,-0.926,-1.119,-1.200,0.794,-173.0,-24.4,-15.1,0.0,-15.1
9822,F,11,R,H,STEADY,0.423,-0.114,-0.926,-0.949,-1.212,0.771,-173.0,-24.4,-15.1,0.0,-15.1
9832,F,11,R,H,STEADY,0.424,-0.114,-0.925,-0.832,-1.241,0.740,-172.9,-24.5,-15.1,0.0,-15.1
9842,F,11,R,H,STEADY,0.425,-0.115,-0.925,-0.745,-1.313,0.711,-172.9,-24.5,-15.1,0.0,-15.1
9852,F,11,R,H,STEADY,0.426,-0.115,-0.925,-0.696,-1.430,0.691,-172.9,-24.6,-15.0,0.0,-15.0
9862,F,11,R,H,STEADY,0.427,-0.115,-0.926,-0.659,-1.579,0.662,-172.9,-24.6,-15.0,0.0,-15.0
9872,F,11,R,H,STEADY,0.427,-0.115,-0.927,-0.643,-1.686,0.623,-172.9,-24.6,-15.1,0.0,-15.1
9882,F,11,R,H,STEADY,0.427,-0.115,-0.927,-0.628,-1.762,0.604,-172.9,-24.6,-15.1,0.0,-15.1
9892,F,11,R,H,STEADY,0.427,-0.116,-0.927,-0.593,-1.812,0.617,-172.9,-24.6,-15.1,0.0,-15.1
9902,F,11,R,H,STEADY,0.427,-0.116,-0.928,-0.517,-1.846,0.612,-172.9,-24.5,-15.2,0.0,-15.2
9912,F,11,R,H,STEADY,0.427,-0.117,-0.929,-0.419,-1.878,0.594,-172.8,-24.5,-15.3,0.0,-15.3
9922,F,11,R,H,STEADY,0.427,-0.117,-0.929,-0.348,-1.911,0.570,-172.8,-24.5,-15.3,0.0,-15.3
9932,F,11,R,H,STEADY,0.427,-0.117,-0.929,-0.341,-1.943,0.550,-172.8,-24.5,-15.3,0.0,-15.3
9942,F,11,R,H,STEADY,0.426,-0.118,-0.929,-0.379,-1.954,0.528,-172.8,-24.5,-15.4,0.0,-15.4
9952,F,11,R,H,STEADY,0.425,-0.118,-0.928,-0.436,-1.956,0.536,-172.8,-24.5,-15.5,0.0,-15.5
9963,F,11,R,H,STEADY,0.425,-0.118,-0.927,-0.497,-1.944,0.527,-172.8,-24.4,-15.5,0.0,-15.5
9973,F,11,R,H,STEADY,0.425,-0.118,-0.926,-0.549,-1.896,0.531,-172.7,-24.5,-15.5,0.0,-15.5
9983,F,11,R,H,STEADY,0.425,-0.118,-0.926,-0.597,-1.840,0.554,-172.8,-24.5,-15.5,0.0,-15.5
9993,F,11,R,H,STEADY,0.425,-0.118,-0.925,-0.632,-1.795,0.613,-172.7,-24.5,-15.5,0.0,-15.5
10003,F,11,R,H,STEADY,0.425,-0.118,-0.924,-0.657,-1.744,0.662,-172.7,-24.5,-15.6,0.0,-15.6
10013,F,11,R,H,STEADY,0.425,-0.119,-0.923,-0.696,-1.679,0.724,-172.6,-24.6,-15.7,0.0,-15.7
10023,F,11,R,H,STEADY,0.425,-0.119,-0.922,-0.741,-1.609,0.795,-172.6,-24.6,-15.7,0.0,-15.7
1,F,11,R,H,FLEXION,0.399,-0.130,-0.928,-0.975,-1.412,0.785,-172.0,-23.1,-18.0,66.9,-11.6
21,F,11,R,H,FLEXION,0.376,-0.140,-0.933,-1.217,-1.268,0.787,-171.5,-21.7,-20.4,68.3,-11.5
31,F,11,R,H,FLEXION,0.355,-0.148,-0.937,-1.434,-1.137,0.788,-171.0,-20.5,-22.7,69.5,-11.1
41,F,11,R,H,FLEXION,0.336,-0.157,-0.940,-1.587,-1.027,0.791,-170.5,-19.4,-25.0,70.6,-10.7
51,F,11,R,H,FLEXION,0.319,-0.164,-0.944,-1.696,-0.935,0.795,-170.2,-18.4,-27.2,71.6,-10.5
61,F,11,R,H,FLEXION,0.304,-0.170,-0.947,-1.748,-0.873,0.784,-169.8,-17.5,-29.2,72.5,-10.4
71,F,11,R,H,FLEXION,0.291,-0.175,-0.949,-1.757,-0.841,0.770,-169.6,-16.8,-31.0,73.2,-10.4
81,F,11,R,H,FLEXION,0.279,-0.179,-0.952,-1.700,-0.821,0.766,-169.3,-16.1,-32.8,73.9,-10.4
91,F,11,R,H,FLEXION,0.268,-0.184,-0.954,-1.586,-0.806,0.773,-169.1,-15.4,-34.4,74.6,-10.4
101,F,11,R,H,FLEXION,0.258,-0.187,-0.956,-1.435,-0.802,0.763,-168.9,-14.9,-36.0,75.1,-10.3
111,F,11,R,H,FLEXION,0.250,-0.191,-0.958,-1.259,-0.807,0.755,-168.7,-14.3,-37.4,75.7,-10.3
121,F,11,R,H,FLEXION,0.242,-0.195,-0.959,-1.072,-0.814,0.745,-168.5,-13.9,-38.9,76.1,-10.3
131,F,11,R,H,FLEXION,0.235,-0.199,-0.962,-0.917,-0.833,0.740,-168.3,-13.4,-40.2,76.6,-10.4
141,F,11,R,H,FLEXION,0.229,-0.202,-0.963,-0.839,-0.837,0.732,-168.2,-13.1,-41.5,76.9,-10.4
151,F,11,R,H,FLEXION,0.223,-0.205,-0.964,-0.842,-0.827,0.717,-168.0,-12.7,-42.6,77.3,-10.4
161,F,11,R,H,FLEXION,0.217,-0.207,-0.966,-0.906,-0.818,0.692,-167.9,-12.4,-43.6,77.6,-10.4
171,F,11,R,H,FLEXION,0.213,-0.210,-0.967,-1.041,-0.813,0.655,-167.8,-12.1,-44.6,77.9,-10.4
181,F,11,R,H,FLEXION,0.208,-0.212,-0.968,-1.236,-0.804,0.600,-167.7,-11.9,-45.4,78.1,-10.5
191,F,11,R,H,FLEXION,0.204,-0.213,-0.968,-1.477,-0.787,0.547,-167.6,-11.7,-46.2,78.3,-10.4
201,F,11,R,H,FLEXION,0.201,-0.215,-0.968,-1.761,-0.748,0.503,-167.5,-11.5,-46.9,78.5,-10.5
211,F,11,R,H,FLEXION,0.199,-0.215,-0.970,-2.056,-0.708,0.460,-167.5,-11.3,-47.3,78.7,-10.4
221,F,11,R,H,FLEXION,0.196,-0.215,-0.972,-2.287,-0.682,0.435,-167.5,-11.1,-47.7,78.9,-10.4
231,F,11,R,H,FLEXION,0.193,-0.215,-0.973,-2.426,-0.690,0.409,-167.5,-11.0,-48.1,79.0,-10.3
241,F,11,R,H,FLEXION,0.191,-0.215,-0.974,-2.464,-0.718,0.381,-167.5,-10.8,-48.4,79.2,-10.3
251,F,11,R,H,FLEXION,0.189,-0.216,-0.975,-2.416,-0.730,0.373,-167.5,-10.7,-48.8,79.3,-10.2
261,F,11,R,H,FLEXION,0.188,-0.216,-0.976,-2.296,-0.745,0.375,-167.5,-10.6,-49.0,79.4,-10.2
271,F,11,R,H,FLEXION,0.186,-0.217,-0.978,-2.144,-0.761,0.392,-167.5,-10.5,-49.3,79.5,-10.2
281,F,11,R,H,FLEXION,0.185,-0.218,-0.978,-1.993,-0.777,0.402,-167.5,-10.5,-49.6,79.5,-10.2
291,F,11,R,H,FLEXION,0.184,-0.218,-0.978,-1.885,-0.792,0.406,-167.4,-10.4,-49.9,79.6,-10.2
301,F,11,R,H,FLEXION,0.182,-0.219,-0.979,-1.844,-0.831,0.427,-167.4,-10.3,-50.3,79.7,-10.2
311,F,11,R,H,FLEXION,0.181,-0.220,-0.979,-1.851,-0.874,0.445,-167.3,-10.2,-50.5,79.8,-10.3
321,F,11,R,H,FLEXION,0.180,-0.221,-0.980,-1.886,-0.920,0.470,-167.3,-10.2,-50.8,79.8,-10.3
332,F,11,R,H,FLEXION,0.179,-0.221,-0.980,-1.953,-0.969,0.508,-167.3,-10.1,-51.0,79.9,-10.4
342,F,11,R,H,FLEXION,0.179,-0.221,-0.980,-2.058,-1.032,0.548,-167.3,-10.1,-51.1,79.9,-10.4
352,F,11,R,H,FLEXION,0.178,-0.221,-0.980,-2.127,-1.119,0.582,-167.3,-10.1,-51.2,79.9,-10.5
362,F,11,R,H,FLEXION,0.178,-0.222,-0.979,-2.146,-1.232,0.625,-167.2,-10.0,-51.3,80.0,-10.5
372,F,11,R,H,FLEXION,0.178,-0.222,-0.978,-2.095,-1.372,0.674,-167.2,-10.0,-51.3,80.0,-10.6
382,F,11,R,H,FLEXION,0.177,-0.222,-0.977,-1.962,-1.556,0.723,-167.2,-10.0,-51.4,80.0,-10.6
392,F,11,R,H,FLEXION,0.177,-0.222,-0.976,-1.770,-1.780,0.767,-167.2,-10.1,-51.4,79.9,-10.6
402,F,11,R,H,FLEXION,0.178,-0.222,-0.974,-1.536,-2.048,0.829,-167.2,-10.1,-51.3,79.9,-10.6
412,F,11,R,H,FLEXION,0.178,-0.222,-0.973,-1.319,-2.366,0.883,-167.1,-10.1,-51.2,79.9,-10.6
422,F,11,R,H,FLEXION,0.178,-0.223,-0.974,-1.070,-2.756,0.914,-167.1,-10.1,-51.4,79.9,-10.5
432,F,11,R,H,FLEXION,0.178,-0.223,-0.976,-0.788,-3.192,0.929,-167.1,-10.1,-51.4,79.9,-10.4
442,F,11,R,H,FLEXION,0.177,-0.223,-0.977,-0.470,-3.645,0.939,-167.1,-10.0,-51.6,80.0,-10.2
452,F,11,R,H,FLEXION,0.175,-0.223,-0.979,-0.117,-4.042,0.932,-167.2,-9.9,-51.9,80.1,-10.0
462,F,11,R,H,FLEXION,0.174,-0.223,-0.981,0.249,-4.414,0.942,-167.2,-9.8,-52.1,80.2,-9.8
472,F,11,R,H,FLEXION,0.173,-0.224,-0.983,0.643,-4.754,0.959,-167.2,-9.7,-52.3,80.3,-9.7
482,F,11,R,H,FLEXION,0.172,-0.224,-0.985,1.024,-5.081,1.001,-167.2,-9.7,-52.5,80.3,-9.6
492,F,11,R,H,FLEXION,0.171,-0.226,-0.986,1.343,-5.397,1.059,-167.1,-9.6,-52.8,80.4,-9.5
502,F,11,R,H,FLEXION,0.170,-0.227,-0.987,1.552,-5.692,1.127,-167.0,-9.5,-53.2,80.5,-9.6
512,F,11,R,H,FLEXION,0.170,-0.229,-0.988,1.638,-5.964,1.206,-167.0,-9.5,-53.4,80.5,-9.6
522,F,11,R,H,FLEXION,0.169,-0.229,-0.988,1.624,-6.210,1.262,-166.9,-9.5,-53.6,80.5,-9.6
532,F,11,R,H,FLEXION,0.168,-0.230,-0.988,1.550,-6.450,1.312,-166.9,-9.4,-53.8,80.6,-9.7
542,F,11,R,H,FLEXION,0.167,-0.230,-0.987,1.424,-6.669,1.360,-166.9,-9.4,-54.0,80.6,-9.8
552,F,11,R,H,FLEXION,0.166,-0.230,-0.988,1.300,-6.881,1.402,-166.9,-9.3,-54.2,80.7,-10.0
562,F,11,R,H,FLEXION,0.165,-0.230,-0.988,1.219,-7.085,1.462,-166.9,-9.3,-54.3,80.7,-10.0
572,F,11,R,H,FLEXION,0.164,-0.230,-0.988,1.190,-7.308,1.516,-166.9,-9.2,-54.5,80.8,-10.0
582,F,11,R,H,FLEXION,0.163,-0.230,-0.988,1.238,-7.536,1.583,-166.9,-9.1,-54.7,80.9,-10.1
592,F,11,R,H,FLEXION,0.161,-0.230,-0.988,1.348,-7.753,1.651,-166.9,-9.0,-55.0,81.0,-10.2
602,F,11,R,H,FLEXION,0.160,-0.231,-0.987,1.527,-8.007,1.716,-166.8,-9.0,-55.3,81.0,-10.2
612,F,11,R,H,FLEXION,0.159,-0.231,-0.986,1.736,-8.266,1.796,-166.8,-8.9,-55.5,81.1,-10.2
622,F,11,R,H,FLEXION,0.158,-0.232,-0.986,1.954,-8.512,1.875,-166.8,-8.8,-55.8,81.2,-10.2
632,F,11,R,H,FLEXION,0.156,-0.232,-0.985,2.170,-8.729,1.937,-166.7,-8.8,-56.1,81.2,-10.3
643,F,11,R,H,FLEXION,0.154,-0.232,-0.985,2.381,-8.933,1.982,-166.8,-8.7,-56.3,81.3,-10.3
653,F,11,R,H,FLEXION,0.153,-0.232,-0.985,2.565,-9.107,2.033,-166.7,-8.6,-56.6,81.4,-10.3
663,F,11,R,H,FLEXION,0.152,-0.232,-0.985,2.719,-9.255,2.080,-166.7,-8.5,-56.9,81.5,-10.3
673,F,11,R,H,FLEXION,0.151,-0.233,-0.984,2.880,-9.409,2.119,-166.7,-8.5,-57.1,81.5,-10.2
683,F,11,R,H,FLEXION,0.150,-0.234,-0.983,3.003,-9.575,2.159,-166.6,-8.4,-57.4,81.6,-10.2
693,F,11,R,H,FLEXION,0.148,-0.235,-0.983,3.112,-9.744,2.179,-166.6,-8.4,-57.7,81.6,-10.2
703,F,11,R,H,FLEXION,0.147,-0.235,-0.983,3.209,-9.940,2.184,-166.5,-8.3,-58.0,81.7,-10.2
713,F,11,R,H,FLEXION,0.145,-0.236,-0.982,3.299,-10.139,2.183,-166.5,-8.2,-58.4,81.8,-10.1
723,F,11,R,H,FLEXION,0.143,-0.236,-0.982,3.375,-10.330,2.186,-166.5,-8.1,-58.7,81.9,-10.2
733,F,11,R,H,FLEXION,0.141,-0.237,-0.982,3.428,-10.480,2.167,-166.4,-8.0,-59.1,82.0,-10.2
743,F,11,R,H,FLEXION,0.140,-0.238,-0.982,3.415,-10.614,2.152,-166.4,-7.9,-59.5,82.1,-10.2
753,F,11,R,H,FLEXION,0.138,-0.238,-0.982,3.353,-10.738,2.127,-166.4,-7.8,-59.8,82.2,-10.3
763,F,11,R,H,FLEXION,0.137,-0.239,-0.981,3.248,-10.851,2.105,-166.3,-7.7,-60.1,82.3,-10.4
773,F,11,R,H,FLEXION,0.135,-0.239,-0.982,3.108,-10.947,2.070,-166.3,-7.6,-60.5,82.4,-10.5
783,F,11,R,H,FLEXION,0.133,-0.239,-0.982,2.951,-11.050,2.034,-166.3,-7.5,-60.9,82.5,-10.6
793,F,11,R,H,FLEXION,0.131,-0.240,-0.982,2.811,-11.116,2.002,-166.3,-7.4,-61.3,82.6,-10.6
803,F,11,R,H,FLEXION,0.129,-0.240,-0.982,2.707,-11.176,1.948,-166.3,-7.3,-61.7,82.7,-10.6
813,F,11,R,H,FLEXION,0.127,-0.241,-0.983,2.649,-11.224,1.886,-166.2,-7.2,-62.1,82.8,-10.6
823,F,11,R,H,FLEXION,0.125,-0.242,-0.983,2.631,-11.276,1.832,-166.2,-7.1,-62.6,82.9,-10.7
833,F,11,R,H,FLEXION,0.124,-0.243,-0.983,2.648,-11.322,1.780,-166.1,-7.0,-63.0,83.0,-10.7
843,F,11,R,H,FLEXION,0.123,-0.244,-0.982,2.691,-11.375,1.741,-166.0,-6.9,-63.3,83.1,-10.7
853,F,11,R,H,FLEXION,0.121,-0.245,-0.982,2.718,-11.442,1.690,-166.0,-6.8,-63.8,83.2,-10.7
863,F,11,R,H,FLEXION,0.119,-0.246,-0.982,2.711,-11.539,1.620,-165.9,-6.7,-64.2,83.3,-10.7
873,F,11,R,H,FLEXION,0.117,-0.247,-0.982,2.673,-11.668,1.535,-165.9,-6.6,-64.6,83.4,-10.8
883,F,11,R,H,FLEXION,0.116,-0.247,-0.982,2.623,-11.791,1.457,-165.9,-6.5,-64.9,83.5,-10.9
893,F,11,R,H,FLEXION,0.114,-0.247,-0.982,2.607,-11.895,1.388,-165.9,-6.4,-65.2,83.6,-11.0
903,F,11,R,H,FLEXION,0.113,-0.247,-0.982,2.644,-11.975,1.313,-165.9,-6.3,-65.5,83.7,-11.1
913,F,11,R,H,FLEXION,0.111,-0.247,-0.983,2.731,-12.047,1.236,-165.9,-6.2,-65.8,83.8,-11.1
923,F,11,R,H,FLEXION,0.109,-0.246,-0.983,2.858,-12.121,1.166,-165.9,-6.2,-66.1,83.8,-11.2
933,F,11,R,H,FLEXION,0.107,-0.247,-0.984,2.992,-12.205,1.114,-165.9,-6.0,-66.5,84.0,-11.2
943,F,11,R,H,FLEXION,0.105,-0.248,-0.984,3.103,-12.320,1.079,-165.8,-5.9,-67.0,84.1,-11.3
954,F,11,R,H,FLEXION,0.104,-0.250,-0.984,3.152,-12.424,1.063,-165.8,-5.8,-67.5,84.2,-11.3
964,F,11,R,H,FLEXION,0.101,-0.252,-0.985,3.124,-12.507,1.051,-165.7,-5.7,-68.1,84.3,-11.3
974,F,11,R,H,FLEXION,0.099,-0.253,-0.985,2.999,-12.554,1.046,-165.6,-5.6,-68.6,84.4,-11.4
984,F,11,R,H,FLEXION,0.097,-0.255,-0.985,2.795,-12.594,1.023,-165.5,-5.5,-69.1,84.5,-11.3
994,F,11,R,H,FLEXION,0.095,-0.257,-0.985,2.547,-12.637,1.007,-165.4,-5.3,-69.7,84.7,-11.3
1004,F,11,R,H,FLEXION,0.093,-0.259,-0.985,2.338,-12.677,0.972,-165.3,-5.2,-70.2,84.8,-11.4
1014,F,11,R,H,FLEXION,0.091,-0.260,-0.985,2.192,-12.740,0.898,-165.2,-5.1,-70.7,84.9,-11.5
1024,F,11,R,H,FLEXION,0.089,-0.261,-0.985,2.097,-12.836,0.828,-165.2,-5.0,-71.1,85.0,-11.6
1034,F,11,R,H,FLEXION,0.087,-0.261,-0.985,2.114,-12.989,0.777,-165.1,-4.9,-71.5,85.1,-11.7
1044,F,11,R,H,FLEXION,0.085,-0.261,-0.984,2.304,-13.175,0.728,-165.1,-4.8,-71.9,85.2,-11.8
1054,F,11,R,H,FLEXION,0.084,-0.261,-0.983,2.634,-13.384,0.675,-165.1,-4.7,-72.2,85.3,-11.9
1064,F,11,R,H,FLEXION,0.082,-0.262,-0.981,3.094,-13.612,0.597,-165.1,-4.6,-72.6,85.4,-11.9
1074,F,11,R,H,FLEXION,0.081,-0.262,-0.980,3.636,-13.905,0.520,-165.0,-4.5,-72.9,85.5,-11.8
1084,F,11,R,H,FLEXION,0.079,-0.262,-0.979,4.145,-14.249,0.461,-165.0,-4.5,-73.1,85.5,-11.8
1094,F,11,R,H,FLEXION,0.078,-0.263,-0.978,4.628,-14.624,0.431,-165.0,-4.4,-73.5,85.6,-11.7
1104,F,11,R,H,FLEXION,0.076,-0.263,-0.977,5.076,-15.009,0.416,-164.9,-4.3,-73.9,85.7,-11.6
1114,F,11,R,H,FLEXION,0.074,-0.264,-0.978,5.489,-15.405,0.413,-164.9,-4.2,-74.3,85.8,-11.5
1124,F,11,R,H,FLEXION,0.071,-0.265,-0.978,5.872,-15.820,0.396,-164.8,-4.0,-74.9,86.0,-11.5
1134,F,11,R,H,FLEXION,0.069,-0.267,-0.979,6.210,-16.176,0.389,-164.8,-3.9,-75.6,86.1,-11.6
1144,F,11,R,H,FLEXION,0.066,-0.269,-0.979,6.477,-16.450,0.381,-164.6,-3.7,-76.3,86.3,-11.7
1154,F,11,R,H,FLEXION,0.063,-0.270,-0.980,6.685,-16.680,0.400,-164.6,-3.5,-76.9,86.5,-11.7
1164,F,11,R,H,FLEXION,0.060,-0.272,-0.979,6.795,-16.862,0.432,-164.5,-3.4,-77.6,86.6,-11.7
1174,F,11,R,H,FLEXION,0.058,-0.274,-0.979,6.760,-17.035,0.464,-164.4,-3.3,-78.1,86.7,-11.7
1184,F,11,R,H,FLEXION,0.056,-0.276,-0.980,6.582,-17.225,0.522,-164.3,-3.1,-78.6,86.9,-11.7
1194,F,11,R,H,FLEXION,0.053,-0.278,-0.979,6.254,-17.424,0.602,-164.2,-3.0,-79.2,87.0,-11.6
1204,F,11,R,H,FLEXION,0.050,-0.279,-0.980,5.830,-17.635,0.691,-164.1,-2.8,-79.8,87.2,-11.5
1214,F,11,R,H,FLEXION,0.047,-0.280,-0.980,5.349,-17.817,0.796,-164.1,-2.6,-80.4,87.4,-11.4
1224,F,11,R,H,FLEXION,0.044,-0.281,-0.980,4.908,-17.934,0.888,-164.0,-2.5,-81.0,87.5,-11.4
1234,F,11,R,H,FLEXION,0.041,-0.282,-0.980,4.560,-17.991,0.957,-164.0,-2.3,-81.7,87.7,-11.3
1244,F,11,R,H,FLEXION,0.038,-0.282,-0.980,4.331,-18.012,0.991,-163.9,-2.1,-82.3,87.9,-11.4
1254,F,11,R,H,FLEXION,0.035,-0.283,-0.979,4.238,-18.041,1.031,-163.9,-2.0,-82.9,88.0,-11.4
1265,F,11,R,H,FLEXION,0.033,-0.284,-0.979,4.286,-18.112,1.088,-163.8,-1.8,-83.5,88.2,-11.5
1275,F,11,R,H,FLEXION,0.030,-0.285,-0.978,4.428,-18.186,1.140,-163.8,-1.7,-84.0,88.3,-11.5
1285,F,11,R,H,FLEXION,0.026,-0.287,-0.978,4.594,-18.252,1.215,-163.7,-1.5,-84.7,88.5,-11.6
1295,F,11,R,H,FLEXION,0.023,-0.289,-0.978,4.766,-18.316,1.289,-163.6,-1.3,-85.4,88.7,-11.7
1305,F,11,R,H,FLEXION,0.020,-0.290,-0.978,4.967,-18.393,1.362,-163.5,-1.1,-86.1,88.9,-11.7
1315,F,11,R,H,FLEXION,0.016,-0.291,-0.978,5.172,-18.458,1.439,-163.4,-0.9,-86.8,89.1,-11.8
1325,F,11,R,H,FLEXION,0.013,-0.292,-0.977,5.356,-18.462,1.512,-163.3,-0.7,-87.5,89.3,-11.8
1335,F,11,R,H,FLEXION,0.009,-0.293,-0.977,5.501,-18.394,1.589,-163.3,-0.5,-88.2,89.5,-11.8
1345,F,11,R,H,FLEXION,0.006,-0.294,-0.976,5.651,-18.294,1.672,-163.2,-0.3,-88.8,89.7,-11.9
1355,F,11,R,H,FLEXION,0.003,-0.295,-0.975,5.789,-18.195,1.749,-163.2,-0.2,-89.4,89.8,-11.9
1365,F,11,R,H,FLEXION,0.001,-0.296,-0.974,5.822,-18.125,1.845,-163.1,-0.0,-89.8,90.0,-11.9
1375,F,11,R,H,FLEXION,-0.002,-0.297,-0.973,5.764,-18.120,1.974,-163.0,0.1,-90.3,90.1,-12.0
1385,F,11,R,H,FLEXION,-0.004,-0.299,-0.971,5.639,-18.150,2.146,-162.9,0.2,-90.8,90.2,-12.1
1395,F,11,R,H,FLEXION,-0.007,-0.300,-0.971,5.519,-18.166,2.320,-162.8,0.4,-91.4,90.4,-12.1
1405,F,11,R,H,FLEXION,-0.010,-0.301,-0.969,5.414,-18.143,2.465,-162.8,0.5,-91.9,90.5,-12.0
1415,F,11,R,H,FLEXION,-0.012,-0.301,-0.969,5.299,-18.077,2.548,-162.7,0.7,-92.3,90.7,-11.9
1425,F,11,R,H,FLEXION,-0.013,-0.302,-0.967,5.110,-17.964,2.628,-162.7,0.8,-92.6,90.8,-11.7
1435,F,11,R,H,FLEXION,-0.015,-0.302,-0.966,4.904,-17.928,2.709,-162.6,0.8,-92.8,90.8,-11.6
1445,F,11,R,H,FLEXION,-0.016,-0.304,-0.966,4.744,-17.972,2.793,-162.6,0.9,-93.1,90.9,-11.6
1455,F,11,R,H,FLEXION,-0.019,-0.305,-0.965,4.647,-18.064,2.880,-162.5,1.1,-93.6,91.1,-11.6
1465,F,11,R,H,FLEXION,-0.022,-0.305,-0.964,4.593,-18.159,2.960,-162.4,1.2,-94.1,91.2,-11.7
1475,F,11,R,H,FLEXION,-0.025,-0.306,-0.964,4.542,-18.242,3.023,-162.4,1.4,-94.7,91.4,-11.9
1485,F,11,R,H,FLEXION,-0.028,-0.307,-0.963,4.508,-18.297,3.067,-162.3,1.6,-95.2,91.6,-12.0
1495,F,11,R,H,FLEXION,-0.031,-0.307,-0.962,4.508,-18.335,3.092,-162.3,1.7,-95.7,91.7,-12.2
1505,F,11,R,H,FLEXION,-0.033,-0.307,-0.961,4.565,-18.397,3.116,-162.3,1.9,-96.2,91.9,-12.2
1515,F,11,R,H,FLEXION,-0.036,-0.308,-0.961,4.646,-18.503,3.156,-162.2,2.0,-96.7,92.0,-12.2
1525,F,11,R,H,FLEXION,-0.039,-0.309,-0.962,4.731,-18.690,3.193,-162.2,2.2,-97.1,92.2,-12.2
1535,F,11,R,H,FLEXION,-0.042,-0.310,-0.962,4.824,-18.867,3.245,-162.1,2.4,-97.7,92.4,-12.1
1545,F,11,R,H,FLEXION,-0.046,-0.311,-0.963,4.949,-19.004,3.298,-162.1,2.6,-98.4,92.6,-12.0
1555,F,11,R,H,FLEXION,-0.050,-0.313,-0.964,5.109,-19.176,3.356,-162.0,2.8,-99.1,92.8,-12.0
1565,F,11,R,H,FLEXION,-0.055,-0.314,-0.965,5.288,-19.380,3.425,-162.0,3.1,-99.9,93.1,-12.0
1576,F,11,R,H,FLEXION,-0.059,-0.315,-0.966,5.471,-19.551,3.472,-161.9,3.3,-100.6,93.3,-11.9
1586,F,11,R,H,FLEXION,-0.063,-0.317,-0.967,5.643,-19.718,3.504,-161.9,3.5,-101.2,93.5,-11.9
1596,F,11,R,H,FLEXION,-0.068,-0.318,-0.968,5.821,-19.851,3.565,-161.8,3.8,-102.0,93.8,-11.9
1606,F,11,R,H,FLEXION,-0.071,-0.319,-0.969,6.013,-19.869,3.595,-161.8,4.0,-102.6,94.0,-11.9
1616,F,11,R,H,FLEXION,-0.075,-0.321,-0.969,6.241,-19.932,3.662,-161.7,4.2,-103.1,94.2,-11.9
1626,F,11,R,H,FLEXION,-0.078,-0.322,-0.968,6.430,-19.963,3.742,-161.6,4.4,-103.6,94.4,-12.0
1636,F,11,R,H,FLEXION,-0.081,-0.323,-0.968,6.484,-19.951,3.815,-161.5,4.5,-104.1,94.5,-12.0
1646,F,11,R,H,FLEXION,-0.084,-0.325,-0.968,6.509,-19.913,3.872,-161.5,4.7,-104.5,94.7,-12.0
1656,F,11,R,H,FLEXION,-0.087,-0.326,-0.967,6.538,-19.840,3.948,-161.4,4.9,-105.0,94.9,-12.0
1666,F,11,R,H,FLEXION,-0.090,-0.327,-0.966,6.555,-19.723,4.003,-161.3,5.1,-105.5,95.1,-11.9
1676,F,11,R,H,FLEXION,-0.093,-0.327,-0.964,6.498,-19.683,4.073,-161.2,5.2,-105.8,95.2,-11.9
1686,F,11,R,H,FLEXION,-0.095,-0.329,-0.963,6.409,-19.663,4.167,-161.2,5.3,-106.1,95.3,-11.8
1696,F,11,R,H,FLEXION,-0.098,-0.330,-0.962,6.351,-19.704,4.279,-161.1,5.5,-106.5,95.5,-11.8
1706,F,11,R,H,FLEXION,-0.101,-0.331,-0.960,6.285,-19.709,4.365,-161.0,5.7,-107.0,95.7,-11.8
1716,F,11,R,H,FLEXION,-0.104,-0.332,-0.959,6.141,-19.720,4.427,-160.9,5.9,-107.5,95.9,-11.7
1726,F,11,R,H,FLEXION,-0.107,-0.333,-0.958,5.808,-19.746,4.468,-160.8,6.0,-107.8,96.0,-11.7
1736,F,11,R,H,FLEXION,-0.109,-0.337,-0.957,4.878,-19.632,4.451,-160.6,6.1,-108.0,96.1,-11.7
1746,F,11,R,H,FLEXION,-0.111,-0.338,-0.956,3.989,-19.541,4.436,-160.5,6.3,-108.2,96.3,-11.7
1756,F,11,R,H,FLEXION,-0.115,-0.338,-0.954,3.335,-19.484,4.402,-160.5,6.5,-108.8,96.5,-11.7
1766,F,11,R,H,FLEXION,-0.118,-0.337,-0.952,2.760,-19.385,4.346,-160.5,6.6,-109.2,96.6,-11.6
1776,F,11,R,H,FLEXION,-0.119,-0.337,-0.950,2.201,-19.351,4.273,-160.5,6.8,-109.5,96.8,-11.6
1786,F,11,R,H,FLEXION,-0.122,-0.338,-0.948,1.852,-19.391,4.238,-160.4,6.9,-109.9,96.9,-11.5
1796,F,11,R,H,FLEXION,-0.125,-0.337,-0.946,1.762,-19.497,4.237,-160.4,7.1,-110.3,97.1,-11.5
1806,F,11,R,H,FLEXION,-0.128,-0.337,-0.944,1.784,-19.642,4.283,-160.4,7.3,-110.8,97.3,-11.5
1816,F,11,R,H,FLEXION,-0.132,-0.337,-0.942,1.821,-19.707,4.321,-160.3,7.5,-111.3,97.5,-11.4
1826,F,11,R,H,FLEXION,-0.136,-0.338,-0.942,1.897,-19.684,4.348,-160.2,7.7,-111.9,97.7,-11.3
1836,F,11,R,H,FLEXION,-0.139,-0.339,-0.940,1.982,-19.579,4.326,-160.2,7.9,-112.3,97.9,-11.2
1846,F,11,R,H,FLEXION,-0.141,-0.340,-0.938,2.015,-19.564,4.305,-160.1,8.1,-112.6,98.1,-11.2
1856,F,11,R,H,FLEXION,-0.144,-0.341,-0.938,2.006,-19.651,4.306,-160.0,8.2,-113.0,98.2,-11.2
1866,F,11,R,H,FLEXION,-0.147,-0.341,-0.937,1.969,-19.770,4.312,-160.0,8.4,-113.4,98.4,-11.2
1876,F,11,R,H,FLEXION,-0.152,-0.342,-0.938,1.949,-19.899,4.339,-159.9,8.7,-113.9,98.7,-11.2
1887,F,11,R,H,FLEXION,-0.156,-0.343,-0.937,1.978,-19.928,4.359,-159.9,8.9,-114.4,98.9,-11.3
1897,F,11,R,H,FLEXION,-0.158,-0.344,-0.937,2.071,-19.925,4.373,-159.8,9.0,-114.7,99.0,-11.3
1907,F,11,R,H,FLEXION,-0.161,-0.345,-0.936,2.189,-20.038,4.398,-159.8,9.2,-115.1,99.2,-11.5
1917,F,11,R,H,FLEXION,-0.165,-0.346,-0.937,2.284,-20.146,4.422,-159.7,9.4,-115.4,99.4,-11.5
1927,F,11,R,H,FLEXION,-0.170,-0.347,-0.937,2.381,-20.175,4.412,-159.7,9.7,-116.1,99.7,-11.5
1937,F,11,R,H,FLEXION,-0.175,-0.348,-0.936,2.465,-20.020,4.367,-159.6,9.9,-116.7,99.9,-11.6
1947,F,11,R,H,FLEXION,-0.179,-0.348,-0.936,2.571,-19.759,4.326,-159.6,10.2,-117.3,100.2,-11.6
1957,F,11,R,H,FLEXION,-0.184,-0.346,-0.935,2.750,-19.466,4.348,-159.7,10.4,-117.9,100.4,-11.5
1967,F,11,R,H,FLEXION,-0.186,-0.347,-0.935,2.941,-19.274,4.398,-159.6,10.6,-118.2,100.6,-11.4
1977,F,11,R,H,FLEXION,-0.188,-0.348,-0.935,3.066,-19.261,4.504,-159.6,10.7,-118.4,100.7,-11.4
1987,F,11,R,H,FLEXION,-0.192,-0.349,-0.935,3.183,-19.265,4.602,-159.5,10.9,-118.8,100.9,-11.4
1997,F,11,R,H,FLEXION,-0.195,-0.349,-0.935,3.197,-19.212,4.701,-159.5,11.1,-119.2,101.1,-11.4
2007,F,11,R,H,FLEXION,-0.198,-0.349,-0.935,3.105,-19.118,4.793,-159.5,11.2,-119.6,101.2,-11.4
2017,F,11,R,H,FLEXION,-0.202,-0.350,-0.934,2.988,-18.984,4.849,-159.5,11.4,-119.9,101.4,-11.4
2027,F,11,R,H,FLEXION,-0.205,-0.351,-0.933,2.981,-18.709,4.868,-159.4,11.6,-120.3,101.6,-11.4
2037,F,11,R,H,FLEXION,-0.208,-0.351,-0.931,3.017,-18.339,4.848,-159.4,11.8,-120.6,101.8,-11.4
2047,F,11,R,H,FLEXION,-0.209,-0.351,-0.929,2.985,-17.928,4.825,-159.3,11.9,-120.8,101.9,-11.4
2057,F,11,R,H,FLEXION,-0.211,-0.351,-0.926,2.913,-17.523,4.844,-159.3,12.0,-121.1,102.0,-11.3
2067,F,11,R,H,FLEXION,-0.212,-0.351,-0.924,2.774,-17.210,4.926,-159.2,12.1,-121.2,102.1,-11.2
2077,F,11,R,H,FLEXION,-0.215,-0.352,-0.922,2.584,-17.017,5.024,-159.1,12.3,-121.4,102.3,-11.1
2087,F,11,R,H,FLEXION,-0.218,-0.352,-0.920,2.354,-16.884,5.116,-159.1,12.5,-121.7,102.5,-11.0
2097,F,11,R,H,FLEXION,-0.221,-0.352,-0.919,2.091,-16.719,5.193,-159.0,12.6,-122.0,102.6,-11.0
2107,F,11,R,H,FLEXION,-0.224,-0.352,-0.919,1.870,-16.568,5.269,-159.1,12.8,-122.4,102.8,-11.0
2117,F,11,R,H,FLEXION,-0.226,-0.352,-0.918,1.791,-16.367,5.327,-159.0,12.9,-122.7,102.9,-11.0
2127,F,11,R,H,FLEXION,-0.228,-0.352,-0.918,1.826,-16.217,5.393,-159.0,13.1,-123.0,103.1,-11.0
2137,F,11,R,H,FLEXION,-0.231,-0.353,-0.918,1.928,-16.050,5.437,-159.0,13.2,-123.2,103.2,-11.0
2147,F,11,R,H,FLEXION,-0.233,-0.353,-0.916,2.003,-15.882,5.423,-158.9,13.4,-123.5,103.4,-11.0
2157,F,11,R,H,FLEXION,-0.235,-0.353,-0.915,2.008,-15.749,5.378,-158.9,13.5,-123.7,103.5,-11.0
2167,F,11,R,H,FLEXION,-0.238,-0.354,-0.914,1.934,-15.647,5.348,-158.8,13.7,-123.9,103.7,-11.0
2177,F,11,R,H,FLEXION,-0.241,-0.354,-0.913,1.838,-15.543,5.296,-158.8,13.8,-124.2,103.8,-11.0
2187,F,11,R,H,FLEXION,-0.244,-0.354,-0.912,1.762,-15.365,5.221,-158.8,14.0,-124.5,104.0,-10.9
2198,F,11,R,H,FLEXION,-0.246,-0.353,-0.911,1.753,-15.130,5.120,-158.8,14.1,-124.8,104.1,-10.9
2208,F,11,R,H,FLEXION,-0.248,-0.353,-0.910,1.740,-14.936,5.064,-158.8,14.2,-125.0,104.2,-10.9
2218,F,11,R,H,FLEXION,-0.249,-0.353,-0.910,1.657,-14.881,5.008,-158.8,14.3,-125.2,104.3,-10.9
2228,F,11,R,H,FLEXION,-0.251,-0.353,-0.909,1.521,-14.947,4.983,-158.8,14.4,-125.4,104.4,-10.8
2238,F,11,R,H,FLEXION,-0.254,-0.353,-0.909,1.416,-15.032,4.945,-158.8,14.6,-125.8,104.6,-10.8
2248,F,11,R,H,FLEXION,-0.258,-0.353,-0.909,1.365,-15.011,4.856,-158.8,14.8,-126.1,104.8,-10.8
2258,F,11,R,H,FLEXION,-0.261,-0.353,-0.908,1.383,-14.867,4.726,-158.7,15.0,-126.4,105.0,-10.8
2268,F,11,R,H,FLEXION,-0.263,-0.354,-0.908,1.425,-14.688,4.627,-158.7,15.1,-126.6,105.1,-10.8
2278,F,11,R,H,FLEXION,-0.265,-0.354,-0.907,1.457,-14.543,4.507,-158.7,15.2,-126.8,105.2,-10.8
2288,F,11,R,H,FLEXION,-0.266,-0.355,-0.907,1.404,-14.454,4.394,-158.6,15.3,-126.9,105.3,-10.7
2298,F,11,R,H,FLEXION,-0.268,-0.355,-0.906,1.231,-14.432,4.270,-158.6,15.4,-127.0,105.4,-10.6
2308,F,11,R,H,FLEXION,-0.270,-0.355,-0.906,0.913,-14.469,4.217,-158.6,15.5,-127.3,105.5,-10.5
2318,F,11,R,H,FLEXION,-0.273,-0.355,-0.905,0.561,-14.433,4.206,-158.6,15.7,-127.6,105.7,-10.4
2328,F,11,R,H,FLEXION,-0.275,-0.356,-0.904,0.246,-14.388,4.197,-158.5,15.8,-127.7,105.8,-10.3
2338,F,11,R,H,FLEXION,-0.276,-0.355,-0.903,-0.054,-14.436,4.207,-158.5,15.9,-127.9,105.9,-10.3
2348,F,11,R,H,FLEXION,-0.278,-0.355,-0.903,-0.358,-14.512,4.241,-158.5,16.0,-128.1,106.0,-10.3
2358,F,11,R,H,FLEXION,-0.281,-0.356,-0.902,-0.589,-14.604,4.249,-158.5,16.2,-128.3,106.2,-10.2
2368,F,11,R,H,FLEXION,-0.284,-0.357,-0.902,-0.677,-14.619,4.219,-158.4,16.3,-128.6,106.3,-10.1
2378,F,11,R,H,FLEXION,-0.287,-0.357,-0.901,-0.682,-14.475,4.098,-158.4,16.5,-128.8,106.5,-10.0
2388,F,11,R,H,FLEXION,-0.289,-0.357,-0.900,-0.731,-14.251,3.965,-158.4,16.6,-129.0,106.6,-10.0
2398,F,11,R,H,FLEXION,-0.290,-0.357,-0.898,-0.828,-14.052,3.886,-158.3,16.7,-129.1,106.7,-9.9
2408,F,11,R,H,FLEXION,-0.291,-0.357,-0.897,-0.836,-13.974,3.857,-158.3,16.8,-129.1,106.8,-9.9
2418,F,11,R,H,FLEXION,-0.292,-0.357,-0.895,-0.820,-14.021,3.856,-158.2,16.9,-129.3,106.9,-9.9
2428,F,11,R,H,FLEXION,-0.293,-0.357,-0.893,-0.899,-14.280,3.899,-158.2,17.0,-129.4,107.0,-9.9
2438,F,11,R,H,FLEXION,-0.297,-0.357,-0.893,-1.013,-14.545,3.973,-158.2,17.1,-129.7,107.1,-9.9
2448,F,11,R,H,FLEXION,-0.299,-0.357,-0.892,-1.063,-14.735,4.061,-158.2,17.3,-130.0,107.3,-10.0
2458,F,11,R,H,FLEXION,-0.302,-0.357,-0.891,-0.982,-14.887,4.170,-158.1,17.5,-130.2,107.5,-10.1
2468,F,11,R,H,FLEXION,-0.305,-0.357,-0.890,-0.766,-14.948,4.258,-158.1,17.6,-130.5,107.6,-10.1
2478,F,11,R,H,FLEXION,-0.308,-0.358,-0.890,-0.523,-14.928,4.326,-158.1,17.8,-130.7,107.8,-10.1
2488,F,11,R,H,FLEXION,-0.311,-0.358,-0.889,-0.321,-14.845,4.406,-158.1,18.0,-130.9,108.0,-10.0
2498,F,11,R,H,FLEXION,-0.313,-0.358,-0.888,-0.157,-14.723,4.450,-158.0,18.1,-131.1,108.1,-9.9
2509,F,11,R,H,FLEXION,-0.315,-0.358,-0.887,-0.041,-14.666,4.501,-158.0,18.2,-131.3,108.2,-9.9
2519,F,11,R,H,FLEXION,-0.316,-0.358,-0.886,-0.034,-14.699,4.592,-158.0,18.3,-131.5,108.3,-9.8
2529,F,11,R,H,FLEXION,-0.319,-0.358,-0.886,-0.099,-14.764,4.687,-158.0,18.4,-131.7,108.4,-9.7
2539,F,11,R,H,FLEXION,-0.321,-0.357,-0.884,-0.157,-14.816,4.789,-158.0,18.6,-132.0,108.6,-9.7
2549,F,11,R,H,FLEXION,-0.324,-0.356,-0.883,-0.273,-14.887,4.933,-158.1,18.8,-132.3,108.8,-9.6
2559,F,11,R,H,FLEXION,-0.326,-0.355,-0.883,-0.375,-14.877,5.051,-158.1,18.9,-132.5,108.9,-9.6
2569,F,11,R,H,FLEXION,-0.328,-0.354,-0.882,-0.498,-14.864,5.119,-158.1,19.0,-132.8,109.0,-9.6
2579,F,11,R,H,FLEXION,-0.330,-0.354,-0.882,-0.635,-14.812,5.185,-158.1,19.2,-133.0,109.2,-9.6
2589,F,11,R,H,FLEXION,-0.332,-0.353,-0.882,-0.677,-14.659,5.247,-158.2,19.3,-133.2,109.3,-9.7
2599,F,11,R,H,FLEXION,-0.334,-0.352,-0.881,-0.730,-14.584,5.315,-158.2,19.4,-133.5,109.4,-9.6
2609,F,11,R,H,FLEXION,-0.337,-0.352,-0.880,-0.822,-14.563,5.397,-158.2,19.6,-133.8,109.6,-9.7
2619,F,11,R,H,FLEXION,-0.340,-0.353,-0.880,-0.877,-14.479,5.477,-158.2,19.7,-133.9,109.7,-9.7
2629,F,11,R,H,FLEXION,-0.342,-0.353,-0.879,-0.934,-14.384,5.535,-158.1,19.9,-134.1,109.9,-9.7
2639,F,11,R,H,FLEXION,-0.344,-0.352,-0.878,-1.084,-14.319,5.600,-158.1,20.0,-134.4,110.0,-9.7
2649,F,11,R,H,FLEXION,-0.346,-0.352,-0.877,-1.307,-14.254,5.650,-158.1,20.1,-134.5,110.1,-9.6
2659,F,11,R,H,FLEXION,-0.349,-0.352,-0.877,-1.513,-14.185,5.680,-158.2,20.3,-134.8,110.3,-9.6
2669,F,11,R,H,FLEXION,-0.351,-0.351,-0.875,-1.618,-14.063,5.715,-158.1,20.4,-135.0,110.4,-9.6
2679,F,11,R,H,FLEXION,-0.354,-0.351,-0.875,-1.715,-13.973,5.768,-158.1,20.6,-135.2,110.6,-9.6
2689,F,11,R,H,FLEXION,-0.356,-0.351,-0.874,-1.752,-13.886,5.808,-158.1,20.7,-135.4,110.7,-9.6
2699,F,11,R,H,FLEXION,-0.358,-0.351,-0.873,-1.719,-13.788,5.854,-158.1,20.8,-135.6,110.8,-9.6
2709,F,11,R,H,FLEXION,-0.360,-0.352,-0.872,-1.634,-13.661,5.908,-158.0,20.9,-135.7,110.9,-9.6
2719,F,11,R,H,FLEXION,-0.361,-0.352,-0.871,-1.550,-13.554,5.971,-158.0,21.0,-135.7,111.0,-9.6
2729,F,11,R,H,FLEXION,-0.363,-0.352,-0.870,-1.515,-13.530,6.045,-158.0,21.1,-135.9,111.1,-9.6
2739,F,11,R,H,FLEXION,-0.364,-0.353,-0.868,-1.522,-13.569,6.094,-157.9,21.2,-135.9,111.2,-9.6
2749,F,11,R,H,FLEXION,-0.366,-0.352,-0.867,-1.540,-13.626,6.120,-157.9,21.3,-136.1,111.3,-9.6
2759,F,11,R,H,FLEXION,-0.367,-0.352,-0.866,-1.544,-13.631,6.169,-157.9,21.5,-136.2,111.5,-9.7
2769,F,11,R,H,FLEXION,-0.369,-0.351,-0.865,-1.462,-13.566,6.206,-157.9,21.6,-136.4,111.6,-9.8
2779,F,11,R,H,FLEXION,-0.371,-0.351,-0.864,-1.382,-13.544,6.208,-157.9,21.7,-136.5,111.7,-9.9
2789,F,11,R,H,FLEXION,-0.373,-0.351,-0.864,-1.395,-13.608,6.223,-157.9,21.8,-136.8,111.8,-9.9
2799,F,11,R,H,FLEXION,-0.375,-0.351,-0.863,-1.461,-13.747,6.294,-157.9,21.9,-136.9,111.9,-9.9
2809,F,11,R,H,FLEXION,-0.378,-0.350,-0.863,-1.530,-13.923,6.376,-157.9,22.1,-137.2,112.1,-9.9
2820,F,11,R,H,FLEXION,-0.381,-0.350,-0.863,-1.619,-14.085,6.487,-157.9,22.2,-137.4,112.2,-9.8
2830,F,11,R,H,FLEXION,-0.383,-0.350,-0.863,-1.640,-14.166,6.564,-157.9,22.4,-137.6,112.4,-9.6
2840,F,11,R,H,FLEXION,-0.386,-0.349,-0.863,-1.669,-14.282,6.621,-157.9,22.5,-137.9,112.5,-9.5
2850,F,11,R,H,FLEXION,-0.389,-0.349,-0.862,-1.760,-14.363,6.738,-158.0,22.7,-138.1,112.7,-9.3
2860,F,11,R,H,FLEXION,-0.391,-0.348,-0.861,-1.870,-14.504,6.838,-158.0,22.8,-138.3,112.8,-9.2
2870,F,11,R,H,FLEXION,-0.394,-0.347,-0.861,-2.014,-14.702,6.935,-158.0,23.0,-138.6,113.0,-9.1
2880,F,11,R,H,FLEXION,-0.397,-0.347,-0.860,-2.220,-14.898,7.045,-158.0,23.2,-138.8,113.2,-9.1
2890,F,11,R,H,FLEXION,-0.400,-0.347,-0.860,-2.366,-15.020,7.168,-158.0,23.3,-139.1,113.3,-9.1
2900,F,11,R,H,FLEXION,-0.404,-0.347,-0.860,-2.415,-15.035,7.243,-158.0,23.5,-139.3,113.5,-9.2
2910,F,11,R,H,FLEXION,-0.406,-0.346,-0.859,-2.450,-15.003,7.302,-158.1,23.7,-139.5,113.7,-9.2
2920,F,11,R,H,FLEXION,-0.407,-0.346,-0.857,-2.516,-15.013,7.394,-158.0,23.8,-139.7,113.8,-9.2
2930,F,11,R,H,FLEXION,-0.410,-0.345,-0.857,-2.558,-15.078,7.508,-158.1,23.9,-139.9,113.9,-9.2
2940,F,11,R,H,FLEXION,-0.413,-0.345,-0.855,-2.574,-15.206,7.648,-158.1,24.1,-140.1,114.1,-9.2
2950,F,11,R,H,FLEXION,-0.416,-0.345,-0.855,-2.594,-15.380,7.768,-158.1,24.3,-140.4,114.3,-9.2
2960,F,11,R,H,FLEXION,-0.419,-0.344,-0.855,-2.529,-15.398,7.824,-158.1,24.5,-140.6,114.5,-9.3
2970,F,11,R,H,FLEXION,-0.421,-0.343,-0.854,-2.434,-15.304,7.864,-158.1,24.6,-140.9,114.6,-9.3
2980,F,11,R,H,FLEXION,-0.423,-0.342,-0.852,-2.300,-15.160,7.920,-158.1,24.7,-141.1,114.7,-9.3
2990,F,11,R,H,FLEXION,-0.425,-0.341,-0.851,-2.148,-15.023,7.986,-158.2,24.9,-141.2,114.9,-9.3
3000,F,11,R,H,FLEXION,-0.427,-0.340,-0.850,-2.029,-14.944,7.966,-158.2,25.0,-141.5,115.0,-9.3
3010,F,11,R,H,FLEXION,-0.429,-0.339,-0.848,-2.011,-14.915,7.917,-158.2,25.1,-141.7,115.1,-9.4
3020,F,11,R,H,FLEXION,-0.431,-0.337,-0.847,-2.044,-14.902,7.873,-158.3,25.3,-142.0,115.3,-9.4
3030,F,11,R,H,FLEXION,-0.432,-0.335,-0.845,-2.028,-14.908,7.840,-158.4,25.4,-142.2,115.4,-9.4
3040,F,11,R,H,FLEXION,-0.434,-0.333,-0.844,-2.015,-14.975,7.830,-158.4,25.5,-142.4,115.5,-9.3
3050,F,11,R,H,FLEXION,-0.436,-0.332,-0.843,-1.945,-14.988,7.799,-158.5,25.7,-142.7,115.7,-9.3
3060,F,11,R,H,FLEXION,-0.437,-0.331,-0.840,-1.906,-14.962,7.768,-158.5,25.8,-142.9,115.8,-9.2
3070,F,11,R,H,FLEXION,-0.440,-0.330,-0.839,-1.890,-14.846,7.716,-158.5,26.0,-143.1,116.0,-9.1
3080,F,11,R,H,FLEXION,-0.442,-0.330,-0.838,-1.830,-14.599,7.573,-158.5,26.2,-143.3,116.2,-9.0
3090,F,11,R,H,FLEXION,-0.444,-0.329,-0.836,-1.826,-14.335,7.437,-158.5,26.3,-143.4,116.3,-9.0
3100,F,11,R,H,FLEXION,-0.446,-0.329,-0.834,-1.838,-14.082,7.326,-158.5,26.5,-143.6,116.5,-9.0
3110,F,11,R,H,FLEXION,-0.448,-0.328,-0.833,-1.826,-13.807,7.197,-158.5,26.6,-143.8,116.6,-9.1
3120,F,11,R,H,FLEXION,-0.449,-0.327,-0.831,-1.871,-13.580,7.086,-158.5,26.7,-143.9,116.7,-9.1
3131,F,11,R,H,FLEXION,-0.451,-0.326,-0.829,-1.943,-13.417,7.004,-158.5,26.8,-144.1,116.8,-9.2
3141,F,11,R,H,FLEXION,-0.453,-0.326,-0.829,-1.946,-13.243,6.905,-158.5,27.0,-144.3,117.0,-9.2
3151,F,11,R,H,FLEXION,-0.455,-0.325,-0.828,-1.908,-13.034,6.819,-158.6,27.1,-144.4,117.1,-9.2
3161,F,11,R,H,FLEXION,-0.457,-0.324,-0.827,-1.884,-12.826,6.745,-158.6,27.2,-144.6,117.2,-9.3
3171,F,11,R,H,FLEXION,-0.458,-0.324,-0.826,-1.842,-12.628,6.644,-158.6,27.3,-144.8,117.3,-9.2
3181,F,11,R,H,FLEXION,-0.461,-0.323,-0.825,-1.788,-12.427,6.529,-158.6,27.5,-144.9,117.5,-9.2
3191,F,11,R,H,FLEXION,-0.463,-0.323,-0.825,-1.775,-12.233,6.374,-158.6,27.6,-145.1,117.6,-9.3
3201,F,11,R,H,FLEXION,-0.466,-0.322,-0.824,-1.828,-12.070,6.174,-158.6,27.8,-145.3,117.8,-9.4
3211,F,11,R,H,FLEXION,-0.467,-0.322,-0.823,-1.976,-11.847,5.975,-158.6,27.9,-145.5,117.9,-9.4
3221,F,11,R,H,FLEXION,-0.470,-0.321,-0.822,-2.170,-11.671,5.839,-158.7,28.0,-145.7,118.0,-9.4
3231,F,11,R,H,FLEXION,-0.473,-0.321,-0.821,-2.292,-11.528,5.721,-158.6,28.2,-145.8,118.2,-9.4
3241,F,11,R,H,FLEXION,-0.475,-0.321,-0.821,-2.301,-11.374,5.563,-158.6,28.3,-145.9,118.3,-9.5
3251,F,11,R,H,FLEXION,-0.478,-0.322,-0.821,-2.219,-11.111,5.374,-158.6,28.5,-146.1,118.5,-9.6
3261,F,11,R,H,FLEXION,-0.480,-0.321,-0.820,-2.131,-10.666,5.123,-158.6,28.6,-146.2,118.6,-9.6
3271,F,11,R,H,FLEXION,-0.482,-0.321,-0.820,-2.118,-10.214,4.921,-158.6,28.7,-146.3,118.7,-9.7
3281,F,11,R,H,FLEXION,-0.482,-0.321,-0.818,-2.108,-9.794,4.744,-158.6,28.7,-146.3,118.7,-9.6
3291,F,11,R,H,FLEXION,-0.484,-0.322,-0.818,-2.191,-9.529,4.633,-158.5,28.8,-146.4,118.8,-9.6
3301,F,11,R,H,FLEXION,-0.485,-0.322,-0.817,-2.300,-9.271,4.495,-158.5,28.9,-146.5,118.9,-9.6
3311,F,11,R,H,FLEXION,-0.486,-0.321,-0.816,-2.482,-9.167,4.432,-158.6,29.0,-146.6,119.0,-9.6
3321,F,11,R,H,FLEXION,-0.487,-0.319,-0.816,-2.740,-9.246,4.479,-158.6,29.1,-146.8,119.1,-9.6
3331,F,11,R,H,FLEXION,-0.488,-0.318,-0.816,-3.000,-9.414,4.584,-158.7,29.2,-146.9,119.2,-9.6
3341,F,11,R,H,FLEXION,-0.490,-0.317,-0.815,-3.210,-9.603,4.761,-158.8,29.2,-147.1,119.2,-9.6
3351,F,11,R,H,FLEXION,-0.490,-0.316,-0.815,-3.398,-9.798,4.977,-158.8,29.3,-147.2,119.3,-9.6
3361,F,11,R,H,FLEXION,-0.492,-0.315,-0.814,-3.573,-9.998,5.205,-158.9,29.4,-147.4,119.4,-9.6
3371,F,11,R,H,FLEXION,-0.493,-0.314,-0.814,-3.750,-10.219,5.482,-158.9,29.5,-147.5,119.5,-9.5
3381,F,11,R,H,FLEXION,-0.495,-0.314,-0.814,-3.866,-10.345,5.726,-158.9,29.6,-147.6,119.6,-9.5
3391,F,11,R,H,FLEXION,-0.496,-0.313,-0.812,-3.979,-10.413,5.924,-158.9,29.7,-147.8,119.7,-9.5
3401,F,11,R,H,FLEXION,-0.498,-0.312,-0.812,-4.081,-10.495,6.102,-159.0,29.8,-148.0,119.8,-9.5
3411,F,11,R,H,FLEXION,-0.499,-0.311,-0.811,-4.135,-10.493,6.207,-159.0,29.9,-148.1,119.9,-9.5
3421,F,11,R,H,FLEXION,-0.501,-0.310,-0.810,-4.151,-10.467,6.292,-159.1,30.0,-148.3,120.0,-9.6
3431,F,11,R,H,FLEXION,-0.502,-0.309,-0.808,-4.117,-10.479,6.376,-159.1,30.1,-148.4,120.1,-9.6
3442,F,11,R,H,FLEXION,-0.503,-0.309,-0.807,-4.068,-10.584,6.456,-159.1,30.2,-148.4,120.2,-9.6
3452,F,11,R,H,FLEXION,-0.504,-0.309,-0.807,-4.018,-10.764,6.543,-159.1,30.3,-148.5,120.3,-9.5
3462,F,11,R,H,FLEXION,-0.506,-0.307,-0.807,-3.961,-11.012,6.632,-159.1,30.4,-148.7,120.4,-9.5
3472,F,11,R,H,FLEXION,-0.507,-0.306,-0.805,-3.934,-11.299,6.752,-159.2,30.5,-148.9,120.5,-9.4
3482,F,11,R,H,FLEXION,-0.510,-0.305,-0.805,-3.875,-11.632,6.889,-159.2,30.6,-149.1,120.6,-9.4
3492,F,11,R,H,FLEXION,-0.512,-0.304,-0.805,-3.794,-11.936,7.001,-159.3,30.8,-149.3,120.8,-9.3
3502,F,11,R,H,FLEXION,-0.515,-0.303,-0.805,-3.675,-12.152,7.074,-159.3,30.9,-149.5,120.9,-9.2
3512,F,11,R,H,FLEXION,-0.517,-0.302,-0.804,-3.601,-12.329,7.152,-159.4,31.0,-149.7,121.0,-9.2
3522,F,11,R,H,FLEXION,-0.519,-0.302,-0.804,-3.481,-12.450,7.191,-159.4,31.2,-149.9,121.2,-9.2
3532,F,11,R,H,FLEXION,-0.522,-0.301,-0.804,-3.273,-12.441,7.170,-159.5,31.3,-150.0,121.3,-9.1
3542,F,11,R,H,FLEXION,-0.524,-0.301,-0.803,-3.065,-12.322,7.131,-159.5,31.4,-150.1,121.4,-9.0
3552,F,11,R,H,FLEXION,-0.525,-0.300,-0.803,-2.915,-12.092,7.023,-159.5,31.5,-150.3,121.5,-8.8
3562,F,11,R,H,FLEXION,-0.526,-0.299,-0.802,-2.807,-11.854,6.917,-159.6,31.5,-150.4,121.5,-8.7
3572,F,11,R,H,FLEXION,-0.526,-0.298,-0.801,-2.698,-11.666,6.825,-159.6,31.6,-150.5,121.6,-8.5
3582,F,11,R,H,FLEXION,-0.526,-0.297,-0.800,-2.607,-11.604,6.746,-159.7,31.7,-150.6,121.7,-8.4
3592,F,11,R,H,FLEXION,-0.526,-0.295,-0.798,-2.566,-11.698,6.721,-159.7,31.7,-150.7,121.7,-8.3
3602,F,11,R,H,FLEXION,-0.527,-0.294,-0.796,-2.496,-11.911,6.765,-159.8,31.8,-150.9,121.8,-8.1
3612,F,11,R,H,FLEXION,-0.528,-0.293,-0.796,-2.391,-12.205,6.826,-159.8,31.9,-151.0,121.9,-8.0
3622,F,11,R,H,FLEXION,-0.530,-0.292,-0.795,-2.233,-12.382,6.785,-159.8,32.0,-151.1,122.0,-7.9
3632,F,11,R,H,FLEXION,-0.531,-0.291,-0.794,-2.129,-12.550,6.749,-159.9,32.1,-151.2,122.1,-7.8
3642,F,11,R,H,FLEXION,-0.532,-0.290,-0.793,-2.071,-12.802,6.726,-159.9,32.2,-151.4,122.2,-7.7
3652,F,11,R,H,FLEXION,-0.534,-0.290,-0.792,-2.036,-13.079,6.696,-159.9,32.4,-151.6,122.4,-7.6
3662,F,11,R,H,FLEXION,-0.537,-0.289,-0.791,-2.064,-13.403,6.683,-160.0,32.5,-151.7,122.5,-7.6
3672,F,11,R,H,FLEXION,-0.540,-0.288,-0.791,-2.126,-13.746,6.669,-160.0,32.7,-151.9,122.7,-7.6
3682,F,11,R,H,FLEXION,-0.542,-0.287,-0.790,-2.180,-14.051,6.654,-160.0,32.8,-152.1,122.8,-7.7
3692,F,11,R,H,FLEXION,-0.547,-0.287,-0.790,-2.199,-14.280,6.622,-160.1,33.1,-152.3,123.1,-7.9
3702,F,11,R,H,FLEXION,-0.550,-0.287,-0.790,-2.137,-14.299,6.518,-160.0,33.2,-152.5,123.2,-8.0
3712,F,11,R,H,FLEXION,-0.554,-0.286,-0.789,-2.132,-14.234,6.433,-160.0,33.4,-152.7,123.4,-8.1
3722,F,11,R,H,FLEXION,-0.557,-0.287,-0.789,-2.154,-14.067,6.340,-160.0,33.6,-152.8,123.6,-8.3
3732,F,11,R,H,FLEXION,-0.560,-0.287,-0.787,-2.210,-13.806,6.247,-160.0,33.7,-152.9,123.7,-8.4
3742,F,11,R,H,FLEXION,-0.562,-0.287,-0.787,-2.344,-13.548,6.249,-160.0,33.9,-153.0,123.9,-8.4
3753,F,11,R,H,FLEXION,-0.565,-0.287,-0.786,-2.453,-13.210,6.190,-159.9,34.1,-153.1,124.1,-8.5
3763,F,11,R,H,FLEXION,-0.567,-0.287,-0.785,-2.501,-12.839,6.082,-159.9,34.1,-153.2,124.1,-8.5
3773,F,11,R,H,FLEXION,-0.569,-0.287,-0.785,-2.421,-12.389,5.862,-159.9,34.2,-153.2,124.2,-8.5
3783,F,11,R,H,FLEXION,-0.570,-0.287,-0.783,-2.349,-11.912,5.605,-159.9,34.4,-153.3,124.4,-8.5
3793,F,11,R,H,FLEXION,-0.571,-0.286,-0.782,-2.298,-11.436,5.338,-159.9,34.5,-153.4,124.5,-8.5
3803,F,11,R,H,FLEXION,-0.572,-0.286,-0.780,-2.249,-10.940,5.034,-159.9,34.6,-153.4,124.6,-8.5
3813,F,11,R,H,FLEXION,-0.573,-0.285,-0.779,-2.201,-10.479,4.760,-159.9,34.6,-153.5,124.6,-8.5
3823,F,11,R,H,FLEXION,-0.574,-0.285,-0.777,-2.145,-10.076,4.531,-159.9,34.8,-153.6,124.8,-8.6
3833,F,11,R,H,FLEXION,-0.575,-0.284,-0.775,-2.070,-9.688,4.309,-159.9,34.9,-153.7,124.9,-8.7
3843,F,11,R,H,FLEXION,-0.576,-0.283,-0.773,-2.009,-9.354,4.173,-159.9,35.0,-153.8,125.0,-8.6
3853,F,11,R,H,FLEXION,-0.578,-0.283,-0.772,-1.932,-9.015,4.058,-159.9,35.1,-153.9,125.1,-8.7
3863,F,11,R,H,FLEXION,-0.578,-0.281,-0.771,-1.839,-8.680,3.944,-160.0,35.2,-154.0,125.2,-8.7
3873,F,11,R,H,FLEXION,-0.579,-0.280,-0.770,-1.805,-8.399,3.910,-160.0,35.2,-154.2,125.2,-8.6
3883,F,11,R,H,FLEXION,-0.579,-0.280,-0.769,-1.755,-8.072,3.860,-160.0,35.3,-154.2,125.3,-8.6
3893,F,11,R,H,FLEXION,-0.580,-0.279,-0.767,-1.720,-7.758,3.775,-160.0,35.4,-154.3,125.4,-8.6
3903,F,11,R,H,FLEXION,-0.579,-0.278,-0.765,-1.742,-7.531,3.726,-160.0,35.4,-154.4,125.4,-8.6
3913,F,11,R,H,FLEXION,-0.580,-0.278,-0.764,-1.761,-7.355,3.690,-160.0,35.5,-154.4,125.5,-8.6
3923,F,11,R,H,FLEXION,-0.580,-0.276,-0.764,-1.738,-7.183,3.615,-160.1,35.5,-154.6,125.5,-8.5
3933,F,11,R,H,FLEXION,-0.580,-0.274,-0.762,-1.764,-7.123,3.584,-160.2,35.6,-154.7,125.6,-8.4
3943,F,11,R,H,FLEXION,-0.580,-0.274,-0.761,-1.805,-7.170,3.596,-160.2,35.6,-154.8,125.6,-8.4
3953,F,11,R,H,FLEXION,-0.581,-0.273,-0.761,-1.838,-7.181,3.588,-160.3,35.7,-154.9,125.7,-8.4
3963,F,11,R,H,FLEXION,-0.581,-0.272,-0.759,-1.914,-7.173,3.620,-160.3,35.8,-155.0,125.8,-8.4
3973,F,11,R,H,FLEXION,-0.583,-0.271,-0.760,-1.992,-7.169,3.672,-160.4,35.8,-155.0,125.8,-8.6
3983,F,11,R,H,FLEXION,-0.583,-0.270,-0.760,-2.033,-7.086,3.677,-160.4,35.9,-155.1,125.9,-8.7
3993,F,11,R,H,FLEXION,-0.585,-0.270,-0.760,-2.101,-6.996,3.677,-160.4,35.9,-155.2,125.9,-8.7
4003,F,11,R,H,FLEXION,-0.586,-0.269,-0.760,-2.175,-6.849,3.618,-160.5,36.0,-155.3,126.0,-8.7
4013,F,11,R,H,FLEXION,-0.587,-0.269,-0.760,-2.286,-6.625,3.505,-160.5,36.1,-155.4,126.1,-8.7
4023,F,11,R,H,FLEXION,-0.588,-0.268,-0.759,-2.439,-6.496,3.418,-160.6,36.1,-155.5,126.1,-8.7
4033,F,11,R,H,FLEXION,-0.590,-0.268,-0.760,-2.597,-6.452,3.331,-160.6,36.2,-155.6,126.2,-8.6
4043,F,11,R,H,FLEXION,-0.590,-0.268,-0.760,-2.753,-6.404,3.217,-160.6,36.2,-155.6,126.2,-8.6
4053,F,11,R,H,FLEXION,-0.593,-0.268,-0.760,-2.904,-6.410,3.109,-160.6,36.3,-155.7,126.3,-8.6
4064,F,11,R,H,FLEXION,-0.594,-0.268,-0.760,-3.045,-6.377,2.963,-160.6,36.4,-155.7,126.4,-8.6
4074,F,11,R,H,FLEXION,-0.596,-0.268,-0.760,-3.212,-6.382,2.839,-160.6,36.5,-155.8,126.5,-8.7
4084,F,11,R,H,FLEXION,-0.597,-0.267,-0.760,-3.313,-6.373,2.717,-160.6,36.5,-155.9,126.5,-8.7
4094,F,11,R,H,FLEXION,-0.598,-0.268,-0.760,-3.396,-6.402,2.597,-160.6,36.6,-155.9,126.6,-8.7
4104,F,11,R,H,FLEXION,-0.599,-0.268,-0.760,-3.492,-6.400,2.483,-160.6,36.6,-155.9,126.6,-8.8
4114,F,11,R,H,FLEXION,-0.600,-0.267,-0.759,-3.543,-6.323,2.346,-160.6,36.7,-156.0,126.7,-8.8
4124,F,11,R,H,FLEXION,-0.599,-0.266,-0.757,-3.635,-6.341,2.273,-160.6,36.8,-156.1,126.8,-8.8
4134,F,11,R,H,FLEXION,-0.599,-0.266,-0.756,-3.718,-6.487,2.264,-160.6,36.8,-156.1,126.8,-8.8
4144,F,11,R,H,FLEXION,-0.599,-0.265,-0.756,-3.797,-6.712,2.279,-160.7,36.8,-156.1,126.8,-8.8
4154,F,11,R,H,FLEXION,-0.600,-0.265,-0.756,-3.827,-6.933,2.280,-160.7,36.9,-156.2,126.9,-8.9
4164,F,11,R,H,FLEXION,-0.600,-0.264,-0.754,-3.827,-7.085,2.235,-160.7,36.9,-156.2,126.9,-8.9
4174,F,11,R,H,FLEXION,-0.600,-0.264,-0.753,-3.877,-7.289,2.239,-160.7,36.9,-156.2,126.9,-8.9
4184,F,11,R,H,FLEXION,-0.601,-0.264,-0.752,-3.901,-7.473,2.219,-160.7,37.0,-156.3,127.0,-8.8
4194,F,11,R,H,FLEXION,-0.601,-0.264,-0.751,-3.908,-7.697,2.190,-160.7,37.0,-156.3,127.0,-8.7
4204,F,11,R,H,FLEXION,-0.602,-0.263,-0.751,-3.875,-7.925,2.136,-160.7,37.1,-156.4,127.1,-8.7
4214,F,11,R,H,FLEXION,-0.602,-0.263,-0.751,-3.783,-8.117,2.027,-160.7,37.1,-156.4,127.1,-8.6
4224,F,11,R,H,FLEXION,-0.603,-0.263,-0.751,-3.690,-8.283,1.902,-160.7,37.1,-156.4,127.1,-8.6
4234,F,11,R,H,FLEXION,-0.604,-0.264,-0.751,-3.511,-8.367,1.725,-160.6,37.2,-156.4,127.2,-8.6
4244,F,11,R,H,FLEXION,-0.604,-0.264,-0.748,-3.290,-8.345,1.524,-160.6,37.3,-156.4,127.3,-8.5
4254,F,11,R,H,FLEXION,-0.605,-0.264,-0.748,-3.086,-8.359,1.349,-160.5,37.3,-156.4,127.3,-8.5
4264,F,11,R,H,FLEXION,-0.605,-0.264,-0.747,-2.853,-8.331,1.188,-160.5,37.4,-156.4,127.4,-8.4
4274,F,11,R,H,FLEXION,-0.605,-0.264,-0.746,-2.686,-8.339,1.087,-160.5,37.4,-156.4,127.4,-8.3
4284,F,11,R,H,FLEXION,-0.606,-0.264,-0.744,-2.545,-8.332,1.044,-160.4,37.5,-156.4,127.5,-8.2
4294,F,11,R,H,FLEXION,-0.607,-0.264,-0.743,-2.411,-8.366,1.040,-160.4,37.6,-156.5,127.6,-8.1
4304,F,11,R,H,FLEXION,-0.607,-0.265,-0.742,-2.285,-8.328,1.030,-160.4,37.6,-156.4,127.6,-8.1
4314,F,11,R,H,FLEXION,-0.608,-0.265,-0.741,-2.192,-8.241,1.045,-160.3,37.7,-156.5,127.7,-8.1
4324,F,11,R,H,FLEXION,-0.610,-0.265,-0.740,-2.138,-8.153,1.092,-160.3,37.8,-156.5,127.8,-8.2
4334,F,11,R,H,FLEXION,-0.611,-0.265,-0.740,-2.090,-7.997,1.154,-160.3,37.9,-156.6,127.9,-8.4
4344,F,11,R,H,FLEXION,-0.613,-0.265,-0.740,-2.058,-7.810,1.237,-160.3,37.9,-156.6,127.9,-8.5
4354,F,11,R,H,FLEXION,-0.614,-0.266,-0.740,-2.019,-7.538,1.296,-160.2,38.0,-156.5,128.0,-8.7
4364,F,11,R,H,FLEXION,-0.615,-0.266,-0.741,-2.001,-7.186,1.303,-160.2,38.0,-156.6,128.0,-8.9
4375,F,11,R,H,FLEXION,-0.617,-0.266,-0.741,-2.015,-6.790,1.325,-160.2,38.1,-156.7,128.1,-9.0
4385,F,11,R,H,FLEXION,-0.618,-0.266,-0.740,-2.024,-6.399,1.350,-160.2,38.1,-156.7,128.1,-9.0
4395,F,11,R,H,FLEXION,-0.619,-0.266,-0.740,-2.024,-5.988,1.373,-160.2,38.2,-156.7,128.2,-9.0
4405,F,11,R,H,FLEXION,-0.620,-0.266,-0.740,-2.032,-5.539,1.384,-160.2,38.3,-156.8,128.3,-8.9
4415,F,11,R,H,FLEXION,-0.622,-0.266,-0.739,-2.064,-5.107,1.402,-160.2,38.4,-156.8,128.4,-8.9
4425,F,11,R,H,FLEXION,-0.623,-0.266,-0.739,-2.074,-4.711,1.413,-160.2,38.4,-156.9,128.4,-8.8
4435,F,11,R,H,FLEXION,-0.624,-0.266,-0.740,-2.083,-4.390,1.429,-160.2,38.4,-156.9,128.4,-8.9
4445,F,11,R,H,FLEXION,-0.625,-0.266,-0.740,-2.064,-4.019,1.407,-160.3,38.5,-157.0,128.5,-8.9
4455,F,11,R,H,FLEXION,-0.625,-0.265,-0.740,-2.076,-3.689,1.412,-160.3,38.5,-157.0,128.5,-9.0
4465,F,11,R,H,FLEXION,-0.625,-0.264,-0.740,-2.100,-3.462,1.456,-160.4,38.5,-157.1,128.5,-9.1
4475,F,11,R,H,FLEXION,-0.625,-0.263,-0.740,-2.120,-3.335,1.530,-160.4,38.5,-157.1,128.5,-9.1
4485,F,11,R,H,FLEXION,-0.625,-0.262,-0.740,-2.157,-3.281,1.601,-160.5,38.5,-157.2,128.5,-9.1
4495,F,11,R,H,FLEXION,-0.625,-0.261,-0.740,-2.238,-3.332,1.698,-160.6,38.5,-157.3,128.5,-9.0
4505,F,11,R,H,FLEXION,-0.625,-0.261,-0.740,-2.317,-3.469,1.808,-160.6,38.5,-157.4,128.5,-8.9
4515,F,11,R,H,FLEXION,-0.624,-0.259,-0.741,-2.377,-3.555,1.869,-160.7,38.5,-157.4,128.5,-8.9
4525,F,11,R,H,FLEXION,-0.624,-0.259,-0.741,-2.463,-3.693,1.975,-160.7,38.5,-157.5,128.5,-8.9
4535,F,11,R,H,FLEXION,-0.624,-0.258,-0.741,-2.518,-3.837,2.031,-160.8,38.5,-157.5,128.5,-9.0
4545,F,11,R,H,FLEXION,-0.624,-0.257,-0.740,-2.550,-4.022,2.085,-160.8,38.5,-157.6,128.5,-9.1
4555,F,11,R,H,FLEXION,-0.624,-0.257,-0.740,-2.578,-4.278,2.178,-160.9,38.5,-157.6,128.5,-9.3
4565,F,11,R,H,FLEXION,-0.624,-0.256,-0.739,-2.544,-4.533,2.228,-160.9,38.6,-157.7,128.6,-9.5
4575,F,11,R,H,FLEXION,-0.624,-0.256,-0.739,-2.490,-4.791,2.267,-160.9,38.6,-157.7,128.6,-9.7
4585,F,11,R,H,FLEXION,-0.625,-0.256,-0.738,-2.395,-5.046,2.267,-160.9,38.7,-157.7,128.7,-9.8
4595,F,11,R,H,FLEXION,-0.626,-0.256,-0.738,-2.233,-5.319,2.229,-160.9,38.7,-157.8,128.7,-9.9
4605,F,11,R,H,FLEXION,-0.626,-0.256,-0.738,-1.990,-5.518,2.108,-160.9,38.7,-157.8,128.7,-9.9
4615,F,11,R,H,FLEXION,-0.627,-0.256,-0.737,-1.743,-5.641,1.967,-160.8,38.8,-157.8,128.8,-9.9
4625,F,11,R,H,FLEXION,-0.627,-0.256,-0.737,-1.504,-5.729,1.819,-160.8,38.8,-157.8,128.8,-9.9
4635,F,11,R,H,FLEXION,-0.628,-0.256,-0.737,-1.278,-5.801,1.670,-160.8,38.8,-157.8,128.8,-9.9
4645,F,11,R,H,FLEXION,-0.629,-0.257,-0.736,-1.060,-5.817,1.482,-160.8,38.9,-157.8,128.9,-9.9
4655,F,11,R,H,FLEXION,-0.630,-0.256,-0.736,-0.840,-5.743,1.286,-160.8,38.9,-157.8,128.9,-9.9
4665,F,11,R,H,FLEXION,-0.630,-0.256,-0.735,-0.668,-5.619,1.094,-160.8,39.0,-157.9,129.0,-10.0
4675,F,11,R,H,FLEXION,-0.631,-0.257,-0.734,-0.542,-5.497,0.921,-160.7,39.1,-157.9,129.1,-10.1
4686,F,11,R,H,FLEXION,-0.632,-0.257,-0.734,-0.449,-5.343,0.751,-160.7,39.1,-157.9,129.1,-10.2
4696,F,11,R,H,FLEXION,-0.633,-0.257,-0.734,-0.417,-5.190,0.633,-160.7,39.2,-157.9,129.2,-10.3
4706,F,11,R,H,FLEXION,-0.634,-0.256,-0.734,-0.472,-5.061,0.573,-160.8,39.2,-158.0,129.2,-10.4
4716,F,11,R,H,FLEXION,-0.634,-0.256,-0.734,-0.597,-4.991,0.564,-160.7,39.2,-158.0,129.2,-10.4
4726,F,11,R,H,FLEXION,-0.635,-0.256,-0.734,-0.765,-4.997,0.578,-160.7,39.2,-158.0,129.2,-10.5
4736,F,11,R,H,FLEXION,-0.636,-0.257,-0.734,-0.933,-5.038,0.594,-160.7,39.3,-158.0,129.3,-10.5
4746,F,11,R,H,FLEXION,-0.637,-0.256,-0.734,-1.103,-5.091,0.605,-160.8,39.3,-158.1,129.3,-10.6
4756,F,11,R,H,FLEXION,-0.638,-0.257,-0.734,-1.332,-5.238,0.684,-160.7,39.4,-158.1,129.4,-10.5
4766,F,11,R,H,FLEXION,-0.638,-0.257,-0.735,-1.562,-5.457,0.773,-160.7,39.4,-158.1,129.4,-10.5
4776,F,11,R,H,FLEXION,-0.639,-0.257,-0.734,-1.796,-5.727,0.868,-160.7,39.4,-158.1,129.4,-10.6
4786,F,11,R,H,FLEXION,-0.639,-0.258,-0.735,-2.052,-6.065,0.989,-160.7,39.4,-158.1,129.4,-10.6
4796,F,11,R,H,FLEXION,-0.640,-0.258,-0.735,-2.291,-6.364,1.076,-160.6,39.4,-158.0,129.4,-10.6
4806,F,11,R,H,FLEXION,-0.641,-0.258,-0.735,-2.551,-6.666,1.156,-160.6,39.5,-158.1,129.5,-10.7
4816,F,11,R,H,FLEXION,-0.642,-0.259,-0.734,-2.824,-7.004,1.286,-160.6,39.5,-158.0,129.5,-10.8
4826,F,11,R,H,FLEXION,-0.642,-0.259,-0.733,-3.071,-7.362,1.428,-160.5,39.5,-158.0,129.5,-10.8
4836,F,11,R,H,FLEXION,-0.643,-0.260,-0.732,-3.284,-7.729,1.591,-160.5,39.6,-158.0,129.6,-10.8
4846,F,11,R,H,FLEXION,-0.644,-0.261,-0.732,-3.477,-8.073,1.731,-160.4,39.7,-157.9,129.7,-10.8
4856,F,11,R,H,FLEXION,-0.646,-0.262,-0.732,-3.703,-8.461,1.850,-160.3,39.7,-157.9,129.7,-10.9
4866,F,11,R,H,FLEXION,-0.647,-0.264,-0.733,-3.923,-8.833,1.943,-160.2,39.7,-157.8,129.7,-11.1
4876,F,11,R,H,FLEXION,-0.648,-0.265,-0.732,-4.129,-9.185,1.904,-160.1,39.8,-157.8,129.8,-11.1
4886,F,11,R,H,FLEXION,-0.649,-0.266,-0.731,-4.374,-9.486,1.777,-160.0,39.8,-157.7,129.8,-11.3
4896,F,11,R,H,FLEXION,-0.650,-0.266,-0.730,-4.622,-9.717,1.600,-159.9,39.9,-157.7,129.9,-11.4
4906,F,11,R,H,FLEXION,-0.651,-0.266,-0.729,-4.804,-9.927,1.375,-159.9,40.0,-157.7,130.0,-11.5
4916,F,11,R,H,FLEXION,-0.652,-0.265,-0.727,-4.879,-10.108,1.061,-159.9,40.1,-157.9,130.1,-11.6
4926,F,11,R,H,FLEXION,-0.653,-0.264,-0.725,-4.900,-10.354,0.761,-160.0,40.2,-158.0,130.2,-11.7
4936,F,11,R,H,FLEXION,-0.654,-0.263,-0.724,-4.727,-10.582,0.417,-160.0,40.3,-158.0,130.3,-11.8
4946,F,11,R,H,FLEXION,-0.654,-0.262,-0.722,-4.386,-10.826,0.064,-160.1,40.4,-158.2,130.4,-11.9
4956,F,11,R,H,FLEXION,-0.654,-0.260,-0.721,-3.996,-11.113,-0.160,-160.2,40.5,-158.3,130.5,-12.0
4966,F,11,R,H,FLEXION,-0.654,-0.259,-0.719,-3.472,-11.476,-0.350,-160.2,40.6,-158.4,130.6,-12.0
4976,F,11,R,H,FLEXION,-0.655,-0.258,-0.718,-3.033,-11.863,-0.465,-160.2,40.6,-158.5,130.6,-12.1
4986,F,11,R,H,FLEXION,-0.655,-0.258,-0.717,-2.690,-12.264,-0.561,-160.2,40.7,-158.5,130.7,-12.0
4997,F,11,R,H,FLEXION,-0.658,-0.257,-0.715,-2.421,-12.667,-0.575,-160.2,40.9,-158.7,130.9,-12.0
5007,F,11,R,H,FLEXION,-0.660,-0.257,-0.715,-2.161,-13.063,-0.493,-160.2,41.0,-158.7,131.0,-12.0
5017,F,11,R,H,FLEXION,-0.662,-0.257,-0.715,-1.865,-13.445,-0.399,-160.2,41.1,-158.8,131.1,-11.9
5027,F,11,R,H,FLEXION,-0.664,-0.257,-0.714,-1.558,-13.751,-0.342,-160.2,41.2,-158.9,131.2,-11.9
5037,F,11,R,H,FLEXION,-0.666,-0.255,-0.712,-1.391,-14.058,-0.229,-160.3,41.4,-159.0,131.4,-12.0
5047,F,11,R,H,FLEXION,-0.669,-0.255,-0.710,-1.321,-14.469,-0.026,-160.3,41.5,-159.1,131.5,-12.0
5057,F,11,R,H,FLEXION,-0.671,-0.254,-0.708,-1.287,-14.979,0.216,-160.3,41.7,-159.3,131.7,-12.1
5067,F,11,R,H,FLEXION,-0.673,-0.253,-0.707,-1.277,-15.652,0.558,-160.3,41.9,-159.4,131.9,-12.2
5077,F,11,R,H,FLEXION,-0.674,-0.252,-0.705,-1.261,-16.334,0.924,-160.3,42.0,-159.5,132.0,-12.5
5087,F,11,R,H,FLEXION,-0.676,-0.251,-0.703,-1.288,-17.051,1.335,-160.3,42.2,-159.6,132.2,-12.7
5097,F,11,R,H,FLEXION,-0.678,-0.251,-0.700,-1.358,-17.743,1.783,-160.3,42.3,-159.7,132.3,-12.9
5107,F,11,R,H,FLEXION,-0.680,-0.251,-0.698,-1.422,-18.375,2.203,-160.2,42.5,-159.8,132.5,-13.1
5117,F,11,R,H,FLEXION,-0.682,-0.251,-0.695,-1.450,-18.899,2.608,-160.2,42.7,-159.8,132.7,-13.1
5127,F,11,R,H,FLEXION,-0.685,-0.250,-0.692,-1.451,-19.371,2.978,-160.1,42.9,-159.9,132.9,-13.2
5137,F,11,R,H,FLEXION,-0.687,-0.251,-0.690,-1.395,-19.749,3.293,-160.0,43.1,-159.9,133.1,-13.2
5147,F,11,R,H,FLEXION,-0.689,-0.251,-0.686,-1.239,-19.955,3.454,-159.9,43.3,-160.0,133.3,-13.1
5157,F,11,R,H,FLEXION,-0.691,-0.250,-0.683,-1.071,-20.139,3.588,-159.9,43.5,-160.1,133.5,-13.1
5167,F,11,R,H,FLEXION,-0.692,-0.250,-0.679,-0.868,-20.267,3.694,-159.8,43.7,-160.2,133.7,-13.1
5177,F,11,R,H,FLEXION,-0.694,-0.249,-0.675,-0.641,-20.412,3.747,-159.8,43.9,-160.3,133.9,-13.3
5187,F,11,R,H,FLEXION,-0.695,-0.249,-0.672,-0.366,-20.528,3.673,-159.7,44.1,-160.3,134.1,-13.4
5197,F,11,R,H,FLEXION,-0.697,-0.248,-0.669,-0.095,-20.618,3.528,-159.6,44.3,-160.4,134.3,-13.6
5207,F,11,R,H,FLEXION,-0.698,-0.248,-0.667,0.208,-20.572,3.308,-159.6,44.5,-160.4,134.5,-13.7
5217,F,11,R,H,FLEXION,-0.700,-0.248,-0.663,0.543,-20.461,3.020,-159.5,44.7,-160.5,134.7,-13.8
5227,F,11,R,H,FLEXION,-0.701,-0.247,-0.660,0.854,-20.359,2.718,-159.5,44.9,-160.6,134.9,-13.9
5237,F,11,R,H,FLEXION,-0.702,-0.247,-0.656,1.166,-20.299,2.397,-159.4,45.0,-160.6,135.0,-14.0
5247,F,11,R,H,FLEXION,-0.703,-0.246,-0.653,1.450,-20.276,2.149,-159.3,45.2,-160.7,135.2,-14.0
5257,F,11,R,H,FLEXION,-0.703,-0.246,-0.649,1.720,-20.219,1.906,-159.3,45.4,-160.7,135.4,-14.1
5267,F,11,R,H,FLEXION,-0.705,-0.246,-0.646,1.941,-20.119,1.700,-159.1,45.5,-160.7,135.5,-14.2
5277,F,11,R,H,FLEXION,-0.706,-0.246,-0.642,2.129,-19.953,1.465,-159.0,45.7,-160.8,135.7,-14.2
5287,F,11,R,H,FLEXION,-0.707,-0.246,-0.639,2.224,-19.764,1.317,-158.9,45.9,-160.8,135.9,-14.2
5297,F,11,R,H,FLEXION,-0.707,-0.247,-0.635,2.296,-19.541,1.203,-158.7,46.0,-160.7,136.0,-14.2
5308,F,11,R,H,FLEXION,-0.708,-0.247,-0.632,2.267,-19.322,1.131,-158.6,46.2,-160.8,136.2,-14.1
5318,F,11,R,H,FLEXION,-0.709,-0.248,-0.629,2.290,-19.075,1.048,-158.5,46.4,-160.7,136.4,-14.2
5328,F,11,R,H,FLEXION,-0.710,-0.248,-0.626,2.332,-18.830,0.995,-158.4,46.5,-160.7,136.5,-14.2
5338,F,11,R,H,FLEXION,-0.712,-0.249,-0.624,2.309,-18.531,1.006,-158.2,46.7,-160.7,136.7,-14.3
5348,F,11,R,H,FLEXION,-0.714,-0.250,-0.621,2.250,-18.117,0.964,-158.1,46.8,-160.7,136.8,-14.4
5358,F,11,R,H,FLEXION,-0.716,-0.251,-0.618,2.114,-17.590,0.901,-157.9,47.0,-160.7,137.0,-14.3
5368,F,11,R,H,FLEXION,-0.717,-0.251,-0.616,1.970,-17.035,0.847,-157.9,47.2,-160.7,137.2,-14.3
5378,F,11,R,H,FLEXION,-0.719,-0.251,-0.613,1.901,-16.515,0.811,-157.8,47.3,-160.8,137.3,-14.3
5388,F,11,R,H,FLEXION,-0.720,-0.251,-0.612,1.839,-16.009,0.816,-157.7,47.5,-160.8,137.5,-14.2
5398,F,11,R,H,FLEXION,-0.722,-0.252,-0.611,1.730,-15.478,0.839,-157.6,47.6,-160.8,137.6,-14.2
5408,F,11,R,H,FLEXION,-0.724,-0.252,-0.610,1.648,-14.901,0.842,-157.5,47.7,-160.8,137.7,-14.2
5418,F,11,R,H,FLEXION,-0.727,-0.252,-0.608,1.568,-14.302,0.871,-157.5,47.8,-160.9,137.8,-14.2
5428,F,11,R,H,FLEXION,-0.728,-0.252,-0.606,1.464,-13.698,0.942,-157.4,48.0,-160.9,138.0,-14.2
5438,F,11,R,H,FLEXION,-0.730,-0.252,-0.605,1.283,-13.082,1.066,-157.4,48.1,-161.0,138.1,-14.2
5448,F,11,R,H,FLEXION,-0.731,-0.252,-0.604,1.047,-12.486,1.207,-157.4,48.2,-161.0,138.2,-14.2
5458,F,11,R,H,FLEXION,-0.733,-0.252,-0.603,0.747,-11.878,1.313,-157.3,48.3,-161.1,138.3,-14.3
5468,F,11,R,H,FLEXION,-0.734,-0.251,-0.601,0.370,-11.255,1.415,-157.4,48.4,-161.1,138.4,-14.4
5478,F,11,R,H,FLEXION,-0.736,-0.250,-0.599,-0.045,-10.663,1.529,-157.3,48.6,-161.2,138.6,-14.5
5488,F,11,R,H,FLEXION,-0.737,-0.250,-0.598,-0.349,-10.077,1.555,-157.3,48.7,-161.3,138.7,-14.5
5498,F,11,R,H,FLEXION,-0.738,-0.249,-0.596,-0.614,-9.517,1.571,-157.3,48.8,-161.4,138.8,-14.6
5508,F,11,R,H,FLEXION,-0.739,-0.249,-0.596,-0.880,-9.005,1.566,-157.3,48.9,-161.4,138.9,-14.7
5518,F,11,R,H,FLEXION,-0.740,-0.249,-0.594,-1.149,-8.528,1.538,-157.3,49.0,-161.4,139.0,-14.8
5528,F,11,R,H,FLEXION,-0.741,-0.249,-0.594,-1.334,-8.103,1.482,-157.3,49.0,-161.4,139.0,-15.0
5538,F,11,R,H,FLEXION,-0.741,-0.249,-0.594,-1.485,-7.695,1.353,-157.3,49.0,-161.4,139.0,-15.1
5548,F,11,R,H,FLEXION,-0.742,-0.249,-0.594,-1.595,-7.301,1.192,-157.2,49.0,-161.4,139.0,-15.1
5558,F,11,R,H,FLEXION,-0.743,-0.250,-0.594,-1.675,-6.952,1.032,-157.2,49.1,-161.4,139.1,-15.2
5568,F,11,R,H,FLEXION,-0.743,-0.250,-0.593,-1.741,-6.676,0.849,-157.1,49.1,-161.4,139.1,-15.2
5578,F,11,R,H,FLEXION,-0.744,-0.251,-0.592,-1.818,-6.457,0.704,-157.1,49.2,-161.4,139.2,-15.2
5588,F,11,R,H,FLEXION,-0.745,-0.252,-0.592,-1.868,-6.216,0.561,-157.0,49.2,-161.3,139.2,-15.2
5598,F,11,R,H,FLEXION,-0.746,-0.252,-0.592,-1.854,-5.970,0.405,-156.9,49.2,-161.3,139.2,-15.2
5608,F,11,R,H,FLEXION,-0.746,-0.253,-0.593,-1.818,-5.689,0.253,-156.9,49.2,-161.3,139.2,-15.3
5619,F,11,R,H,FLEXION,-0.747,-0.253,-0.593,-1.814,-5.397,0.081,-156.9,49.2,-161.3,139.2,-15.4
5629,F,11,R,H,FLEXION,-0.747,-0.254,-0.593,-1.838,-5.099,-0.085,-156.8,49.2,-161.2,139.2,-15.6
5639,F,11,R,H,FLEXION,-0.747,-0.255,-0.593,-1.830,-4.820,-0.222,-156.7,49.2,-161.2,139.2,-15.7
5649,F,11,R,H,FLEXION,-0.748,-0.255,-0.593,-1.844,-4.580,-0.317,-156.7,49.2,-161.2,139.2,-15.8
5659,F,11,R,H,FLEXION,-0.748,-0.255,-0.593,-1.877,-4.361,-0.392,-156.7,49.2,-161.2,139.2,-15.8
5669,F,11,R,H,FLEXION,-0.748,-0.256,-0.593,-1.889,-4.181,-0.459,-156.7,49.2,-161.1,139.2,-15.8
5679,F,11,R,H,FLEXION,-0.749,-0.256,-0.593,-1.870,-4.039,-0.523,-156.6,49.2,-161.1,139.2,-15.8
5689,F,11,R,H,FLEXION,-0.750,-0.257,-0.594,-1.821,-3.895,-0.599,-156.6,49.2,-161.1,139.2,-15.8
5699,F,11,R,H,FLEXION,-0.750,-0.256,-0.594,-1.770,-3.740,-0.665,-156.7,49.2,-161.2,139.2,-15.8
5709,F,11,R,H,FLEXION,-0.751,-0.257,-0.594,-1.660,-3.645,-0.662,-156.6,49.3,-161.1,139.3,-15.8
5719,F,11,R,H,FLEXION,-0.752,-0.258,-0.595,-1.607,-3.594,-0.651,-156.5,49.2,-161.0,139.2,-15.8
5729,F,11,R,H,FLEXION,-0.752,-0.259,-0.593,-1.588,-3.566,-0.637,-156.4,49.3,-161.0,139.3,-15.8
5739,F,11,R,H,FLEXION,-0.752,-0.259,-0.593,-1.572,-3.566,-0.551,-156.4,49.3,-161.0,139.3,-15.8
5749,F,11,R,H,FLEXION,-0.752,-0.261,-0.593,-1.510,-3.615,-0.457,-156.3,49.3,-160.9,139.3,-15.9
5759,F,11,R,H,FLEXION,-0.752,-0.261,-0.593,-1.405,-3.615,-0.390,-156.2,49.2,-160.8,139.2,-15.9
5769,F,11,R,H,FLEXION,-0.753,-0.262,-0.592,-1.298,-3.586,-0.290,-156.2,49.3,-160.8,139.3,-16.0
5779,F,11,R,H,FLEXION,-0.754,-0.263,-0.592,-1.185,-3.581,-0.164,-156.1,49.3,-160.8,139.3,-16.0
5789,F,11,R,H,FLEXION,-0.754,-0.263,-0.592,-1.029,-3.562,-0.040,-156.0,49.3,-160.7,139.3,-16.0
5799,F,11,R,H,FLEXION,-0.754,-0.264,-0.591,-0.864,-3.533,0.080,-155.9,49.3,-160.7,139.3,-16.1
5809,F,11,R,H,FLEXION,-0.754,-0.264,-0.590,-0.719,-3.520,0.234,-155.9,49.4,-160.7,139.4,-16.2
5819,F,11,R,H,FLEXION,-0.755,-0.265,-0.590,-0.573,-3.500,0.403,-155.8,49.4,-160.7,139.4,-16.2
5829,F,11,R,H,FLEXION,-0.755,-0.265,-0.589,-0.403,-3.437,0.558,-155.8,49.4,-160.7,139.4,-16.4
5839,F,11,R,H,FLEXION,-0.755,-0.265,-0.588,-0.243,-3.383,0.711,-155.8,49.5,-160.7,139.5,-16.4
5849,F,11,R,H,FLEXION,-0.755,-0.265,-0.588,-0.115,-3.321,0.834,-155.7,49.5,-160.7,139.5,-16.5
5859,F,11,R,H,FLEXION,-0.755,-0.265,-0.587,0.006,-3.246,0.895,-155.7,49.6,-160.7,139.6,-16.5
5869,F,11,R,H,FLEXION,-0.755,-0.264,-0.587,0.124,-3.193,0.930,-155.8,49.6,-160.7,139.6,-16.5
5879,F,11,R,H,FLEXION,-0.755,-0.263,-0.587,0.236,-3.145,0.954,-155.9,49.6,-160.8,139.6,-16.3
5889,F,11,R,H,FLEXION,-0.755,-0.262,-0.587,0.317,-3.135,0.992,-155.9,49.6,-160.9,139.6,-16.1
5899,F,11,R,H,FLEXION,-0.755,-0.261,-0.586,0.354,-3.164,1.063,-156.0,49.6,-160.9,139.6,-15.8
5909,F,11,R,H,FLEXION,-0.755,-0.261,-0.586,0.371,-3.212,1.133,-156.0,49.7,-160.9,139.7,-15.5
5919,F,11,R,H,FLEXION,-0.756,-0.260,-0.585,0.392,-3.237,1.190,-156.0,49.7,-161.0,139.7,-15.3
5930,F,11,R,H,FLEXION,-0.756,-0.259,-0.584,0.374,-3.232,1.252,-156.1,49.8,-161.1,139.8,-15.0
5940,F,11,R,H,FLEXION,-0.756,-0.258,-0.584,0.351,-3.221,1.301,-156.1,49.8,-161.1,139.8,-14.9
5950,F,11,R,H,FLEXION,-0.756,-0.257,-0.583,0.334,-3.202,1.314,-156.2,49.9,-161.2,139.9,-14.8
5960,F,11,R,H,FLEXION,-0.757,-0.257,-0.582,0.335,-3.095,1.265,-156.2,50.0,-161.3,140.0,-14.8
5970,F,11,R,H,FLEXION,-0.757,-0.257,-0.582,0.326,-2.937,1.163,-156.2,50.0,-161.3,140.0,-14.8
5980,F,11,R,H,FLEXION,-0.758,-0.256,-0.582,0.342,-2.710,0.991,-156.2,50.0,-161.3,140.0,-14.9
5990,F,11,R,H,FLEXION,-0.758,-0.256,-0.582,0.348,-2.454,0.810,-156.3,50.0,-161.3,140.0,-15.0
6000,F,11,R,H,FLEXION,-0.758,-0.257,-0.583,0.343,-2.183,0.589,-156.2,50.0,-161.3,140.0,-15.1
6010,F,11,R,H,FLEXION,-0.758,-0.256,-0.583,0.318,-1.947,0.409,-156.2,50.0,-161.3,140.0,-15.3
6020,F,11,R,H,FLEXION,-0.757,-0.257,-0.584,0.263,-1.767,0.237,-156.2,49.9,-161.2,139.9,-15.4
6030,F,11,R,H,FLEXION,-0.757,-0.258,-0.583,0.178,-1.638,0.076,-156.1,49.9,-161.2,139.9,-15.5
6040,F,11,R,H,FLEXION,-0.757,-0.259,-0.585,0.046,-1.548,-0.027,-156.1,49.8,-161.1,139.8,-15.6
6050,F,11,R,H,FLEXION,-0.757,-0.259,-0.585,-0.087,-1.465,-0.104,-156.1,49.8,-161.1,139.8,-15.6
6060,F,11,R,H,FLEXION,-0.756,-0.261,-0.586,-0.231,-1.422,-0.143,-156.0,49.7,-161.0,139.7,-15.6
6070,F,11,R,H,FLEXION,-0.756,-0.262,-0.587,-0.332,-1.360,-0.209,-155.9,49.6,-160.9,139.6,-15.7
6080,F,11,R,H,FLEXION,-0.755,-0.263,-0.587,-0.450,-1.317,-0.216,-155.9,49.6,-160.8,139.6,-15.7
6090,F,11,R,H,FLEXION,-0.755,-0.264,-0.588,-0.573,-1.329,-0.148,-155.8,49.5,-160.7,139.5,-15.9
6100,F,11,R,H,FLEXION,-0.755,-0.265,-0.587,-0.697,-1.407,-0.010,-155.7,49.5,-160.6,139.5,-16.0
6110,F,11,R,H,FLEXION,-0.755,-0.267,-0.587,-0.796,-1.524,0.189,-155.6,49.5,-160.5,139.5,-16.0
6120,F,11,R,H,FLEXION,-0.755,-0.268,-0.587,-0.872,-1.657,0.390,-155.5,49.5,-160.5,139.5,-16.1
6130,F,11,R,H,FLEXION,-0.756,-0.269,-0.587,-0.942,-1.825,0.594,-155.4,49.5,-160.4,139.5,-16.3
6140,F,11,R,H,FLEXION,-0.756,-0.270,-0.586,-0.969,-1.971,0.782,-155.3,49.5,-160.3,139.5,-16.3
6150,F,11,R,H,FLEXION,-0.756,-0.271,-0.586,-0.954,-2.072,0.973,-155.2,49.5,-160.3,139.5,-16.4
6160,F,11,R,H,FLEXION,-0.757,-0.271,-0.586,-0.866,-2.135,1.091,-155.1,49.5,-160.3,139.5,-16.3
6170,F,11,R,H,FLEXION,-0.757,-0.271,-0.585,-0.697,-2.159,1.166,-155.1,49.6,-160.3,139.6,-16.2
6180,F,11,R,H,FLEXION,-0.757,-0.271,-0.585,-0.475,-2.127,1.194,-155.1,49.6,-160.3,139.6,-16.2
6190,F,11,R,H,FLEXION,-0.757,-0.271,-0.584,-0.237,-2.056,1.179,-155.1,49.6,-160.3,139.6,-16.2
6200,F,11,R,H,FLEXION,-0.756,-0.270,-0.584,-0.013,-1.959,1.171,-155.1,49.6,-160.3,139.6,-16.2
6210,F,11,R,H,FLEXION,-0.756,-0.270,-0.583,0.201,-1.885,1.151,-155.2,49.6,-160.3,139.6,-16.1
6220,F,11,R,H,FLEXION,-0.755,-0.269,-0.583,0.374,-1.864,1.163,-155.2,49.6,-160.4,139.6,-16.1
6230,F,11,R,H,FLEXION,-0.755,-0.269,-0.583,0.493,-1.876,1.197,-155.2,49.6,-160.4,139.6,-16.1
6241,F,11,R,H,FLEXION,-0.756,-0.268,-0.582,0.575,-1.884,1.222,-155.3,49.7,-160.5,139.7,-16.1
6251,F,11,R,H,FLEXION,-0.756,-0.267,-0.580,0.624,-1.874,1.265,-155.3,49.8,-160.5,139.8,-16.1
6261,F,11,R,H,FLEXION,-0.756,-0.267,-0.580,0.631,-1.853,1.333,-155.3,49.8,-160.6,139.8,-16.2
6271,F,11,R,H,FLEXION,-0.756,-0.266,-0.579,0.611,-1.812,1.407,-155.3,49.9,-160.6,139.9,-16.2
6281,F,11,R,H,FLEXION,-0.756,-0.266,-0.579,0.543,-1.754,1.480,-155.3,49.9,-160.6,139.9,-16.3
6291,F,11,R,H,FLEXION,-0.756,-0.265,-0.578,0.436,-1.659,1.540,-155.4,50.0,-160.7,140.0,-16.4
6301,F,11,R,H,FLEXION,-0.757,-0.265,-0.577,0.314,-1.507,1.588,-155.4,50.0,-160.7,140.0,-16.5
6311,F,11,R,H,FLEXION,-0.757,-0.264,-0.576,0.178,-1.310,1.600,-155.3,50.0,-160.7,140.0,-16.5
6321,F,11,R,H,FLEXION,-0.757,-0.264,-0.576,0.052,-1.088,1.589,-155.4,50.0,-160.7,140.0,-16.5
6331,F,11,R,H,FLEXION,-0.756,-0.264,-0.577,-0.077,-0.820,1.560,-155.4,50.0,-160.7,140.0,-16.4
6341,F,11,R,H,FLEXION,-0.756,-0.264,-0.578,-0.190,-0.572,1.501,-155.5,49.9,-160.8,139.9,-16.2
6351,F,11,R,H,FLEXION,-0.756,-0.263,-0.579,-0.309,-0.356,1.436,-155.5,49.9,-160.8,139.9,-16.0
6361,F,11,R,H,FLEXION,-0.756,-0.264,-0.580,-0.428,-0.205,1.343,-155.5,49.9,-160.7,139.9,-15.9
6371,F,11,R,H,FLEXION,-0.756,-0.263,-0.581,-0.503,-0.090,1.243,-155.6,49.8,-160.8,139.8,-15.8
6381,F,11,R,H,FLEXION,-0.755,-0.264,-0.582,-0.572,-0.028,1.191,-155.6,49.8,-160.7,139.8,-15.8
6391,F,11,R,H,FLEXION,-0.756,-0.264,-0.583,-0.630,-0.033,1.176,-155.6,49.7,-160.7,139.7,-15.8
6401,F,11,R,H,FLEXION,-0.756,-0.265,-0.584,-0.693,-0.105,1.182,-155.6,49.7,-160.7,139.7,-15.8
6411,F,11,R,H,FLEXION,-0.756,-0.265,-0.585,-0.745,-0.178,1.187,-155.6,49.7,-160.7,139.7,-15.8
6421,F,11,R,H,FLEXION,-0.756,-0.265,-0.585,-0.783,-0.257,1.185,-155.6,49.7,-160.7,139.7,-15.8
6431,F,11,R,H,FLEXION,-0.756,-0.266,-0.585,-0.817,-0.354,1.206,-155.6,49.7,-160.7,139.7,-15.7
6441,F,11,R,H,FLEXION,-0.756,-0.266,-0.584,-0.844,-0.457,1.217,-155.5,49.7,-160.6,139.7,-15.6
6451,F,11,R,H,FLEXION,-0.756,-0.267,-0.585,-0.858,-0.567,1.210,-155.5,49.6,-160.6,139.6,-15.5
6461,F,11,R,H,FLEXION,-0.757,-0.267,-0.585,-0.875,-0.632,1.190,-155.5,49.7,-160.6,139.7,-15.3
6471,F,11,R,H,FLEXION,-0.757,-0.267,-0.585,-0.879,-0.666,1.183,-155.5,49.7,-160.6,139.7,-15.2
6481,F,11,R,H,FLEXION,-0.757,-0.268,-0.584,-0.880,-0.658,1.172,-155.4,49.7,-160.5,139.7,-15.1
6491,F,11,R,H,FLEXION,-0.757,-0.268,-0.584,-0.863,-0.616,1.158,-155.4,49.7,-160.5,139.7,-15.0
6501,F,11,R,H,FLEXION,-0.757,-0.268,-0.584,-0.826,-0.545,1.155,-155.3,49.7,-160.5,139.7,-15.0
6511,F,11,R,H,FLEXION,-0.757,-0.269,-0.584,-0.787,-0.453,1.203,-155.3,49.7,-160.5,139.7,-15.0
6521,F,11,R,H,FLEXION,-0.757,-0.269,-0.584,-0.754,-0.352,1.264,-155.3,49.7,-160.5,139.7,-15.0
6531,F,11,R,H,FLEXION,-0.757,-0.269,-0.583,-0.757,-0.264,1.352,-155.2,49.7,-160.4,139.7,-15.0
6541,F,11,R,H,FLEXION,-0.757,-0.269,-0.584,-0.800,-0.203,1.465,-155.2,49.6,-160.4,139.6,-14.9
6552,F,11,R,H,FLEXION,-0.757,-0.269,-0.586,-0.867,-0.146,1.611,-155.3,49.6,-160.4,139.6,-14.8
6562,F,11,R,H,FLEXION,-0.757,-0.269,-0.586,-0.951,-0.101,1.773,-155.3,49.6,-160.4,139.6,-14.8
6572,F,11,R,H,FLEXION,-0.756,-0.269,-0.587,-1.066,-0.092,1.925,-155.4,49.5,-160.4,139.5,-14.7
6582,F,11,R,H,FLEXION,-0.756,-0.268,-0.588,-1.211,-0.136,2.082,-155.5,49.5,-160.5,139.5,-14.7
6592,F,11,R,H,FLEXION,-0.756,-0.267,-0.589,-1.350,-0.208,2.227,-155.6,49.4,-160.5,139.4,-14.8
6602,F,11,R,H,FLEXION,-0.756,-0.266,-0.590,-1.492,-0.295,2.367,-155.7,49.4,-160.6,139.4,-15.0
6612,F,11,R,H,FLEXION,-0.756,-0.266,-0.591,-1.620,-0.428,2.504,-155.7,49.4,-160.6,139.4,-15.1
6622,F,11,R,H,FLEXION,-0.757,-0.266,-0.591,-1.704,-0.581,2.598,-155.8,49.4,-160.7,139.4,-15.2
6632,F,11,R,H,FLEXION,-0.758,-0.265,-0.592,-1.755,-0.725,2.671,-155.9,49.5,-160.7,139.5,-15.4
6642,F,11,R,H,FLEXION,-0.758,-0.264,-0.592,-1.758,-0.878,2.725,-156.0,49.5,-160.8,139.5,-15.6
6652,F,11,R,H,FLEXION,-0.759,-0.264,-0.592,-1.716,-1.016,2.734,-156.0,49.5,-160.8,139.5,-15.6
6662,F,11,R,H,FLEXION,-0.759,-0.263,-0.591,-1.633,-1.139,2.680,-156.0,49.6,-160.9,139.6,-15.6
6672,F,11,R,H,FLEXION,-0.760,-0.262,-0.592,-1.510,-1.262,2.574,-156.1,49.6,-160.9,139.6,-15.7
6682,F,11,R,H,FLEXION,-0.760,-0.262,-0.592,-1.367,-1.357,2.411,-156.1,49.6,-161.0,139.6,-15.8
6692,F,11,R,H,FLEXION,-0.760,-0.261,-0.592,-1.217,-1.432,2.202,-156.2,49.6,-161.0,139.6,-15.8
6702,F,11,R,H,FLEXION,-0.760,-0.261,-0.592,-1.038,-1.486,1.955,-156.2,49.6,-161.1,139.6,-15.9
6712,F,11,R,H,FLEXION,-0.760,-0.260,-0.592,-0.879,-1.538,1.699,-156.3,49.6,-161.1,139.6,-15.9
6722,F,11,R,H,FLEXION,-0.759,-0.260,-0.592,-0.738,-1.598,1.441,-156.3,49.6,-161.1,139.6,-16.0
6732,F,11,R,H,FLEXION,-0.759,-0.259,-0.592,-0.616,-1.668,1.156,-156.3,49.6,-161.1,139.6,-16.0
6742,F,11,R,H,FLEXION,-0.758,-0.258,-0.592,-0.540,-1.755,0.883,-156.4,49.6,-161.2,139.6,-16.1
6752,F,11,R,H,FLEXION,-0.758,-0.259,-0.592,-0.519,-1.849,0.624,-156.4,49.6,-161.2,139.6,-16.1
6762,F,11,R,H,FLEXION,-0.758,-0.259,-0.592,-0.544,-1.952,0.395,-156.4,49.6,-161.1,139.6,-16.1
6772,F,11,R,H,FLEXION,-0.758,-0.259,-0.591,-0.607,-2.085,0.216,-156.3,49.6,-161.1,139.6,-16.1
6782,F,11,R,H,FLEXION,-0.757,-0.260,-0.590,-0.710,-2.234,0.075,-156.2,49.6,-161.0,139.6,-16.2
6792,F,11,R,H,FLEXION,-0.757,-0.261,-0.589,-0.840,-2.354,-0.019,-156.1,49.6,-161.0,139.6,-16.2
6802,F,11,R,H,FLEXION,-0.757,-0.262,-0.588,-0.987,-2.472,-0.067,-156.0,49.6,-160.9,139.6,-16.2
6812,F,11,R,H,FLEXION,-0.756,-0.263,-0.587,-1.142,-2.574,-0.074,-155.9,49.6,-160.9,139.6,-16.2
6822,F,11,R,H,FLEXION,-0.756,-0.264,-0.586,-1.274,-2.653,-0.070,-155.8,49.6,-160.8,139.6,-16.2
6832,F,11,R,H,FLEXION,-0.756,-0.265,-0.586,-1.371,-2.697,-0.062,-155.6,49.6,-160.7,139.6,-16.2
6842,F,11,R,H,FLEXION,-0.756,-0.266,-0.585,-1.423,-2.708,-0.055,-155.5,49.6,-160.6,139.6,-16.3
6852,F,11,R,H,FLEXION,-0.756,-0.268,-0.585,-1.455,-2.680,-0.021,-155.4,49.6,-160.5,139.6,-16.3
6863,F,11,R,H,FLEXION,-0.755,-0.269,-0.584,-1.460,-2.655,0.034,-155.3,49.6,-160.4,139.6,-16.3
6873,F,11,R,H,FLEXION,-0.755,-0.270,-0.583,-1.439,-2.616,0.091,-155.2,49.6,-160.3,139.6,-16.2
6883,F,11,R,H,FLEXION,-0.754,-0.270,-0.582,-1.373,-2.550,0.156,-155.1,49.6,-160.3,139.6,-16.2
6893,F,11,R,H,FLEXION,-0.754,-0.271,-0.581,-1.270,-2.466,0.225,-155.0,49.6,-160.2,139.6,-16.2
6903,F,11,R,H,FLEXION,-0.754,-0.272,-0.580,-1.153,-2.365,0.296,-154.9,49.7,-160.2,139.7,-16.2
6913,F,11,R,H,FLEXION,-0.754,-0.273,-0.579,-1.004,-2.291,0.366,-154.8,49.7,-160.1,139.7,-16.2
6923,F,11,R,H,FLEXION,-0.754,-0.273,-0.578,-0.843,-2.207,0.447,-154.7,49.7,-160.1,139.7,-16.3
6933,F,11,R,H,FLEXION,-0.755,-0.273,-0.578,-0.681,-2.118,0.527,-154.8,49.7,-160.1,139.7,-16.4
6943,F,11,R,H,FLEXION,-0.755,-0.273,-0.579,-0.520,-2.016,0.585,-154.8,49.7,-160.1,139.7,-16.5
6953,F,11,R,H,FLEXION,-0.755,-0.272,-0.579,-0.375,-1.891,0.623,-154.9,49.7,-160.2,139.7,-16.6
6963,F,11,R,H,FLEXION,-0.755,-0.272,-0.579,-0.255,-1.772,0.670,-154.9,49.7,-160.2,139.7,-16.7
6973,F,11,R,H,FLEXION,-0.754,-0.271,-0.580,-0.170,-1.686,0.728,-155.0,49.7,-160.3,139.7,-16.8
6983,F,11,R,H,FLEXION,-0.754,-0.271,-0.580,-0.140,-1.608,0.790,-155.0,49.7,-160.3,139.7,-16.7
6993,F,11,R,H,FLEXION,-0.754,-0.270,-0.580,-0.139,-1.504,0.869,-155.0,49.7,-160.3,139.7,-16.6
7003,F,11,R,H,FLEXION,-0.754,-0.270,-0.580,-0.170,-1.417,0.941,-155.0,49.7,-160.3,139.7,-16.6
7013,F,11,R,H,FLEXION,-0.754,-0.270,-0.580,-0.240,-1.345,1.025,-155.1,49.7,-160.3,139.7,-16.5
7023,F,11,R,H,FLEXION,-0.754,-0.269,-0.581,-0.315,-1.288,1.113,-155.1,49.7,-160.4,139.7,-16.5
7033,F,11,R,H,FLEXION,-0.754,-0.269,-0.582,-0.390,-1.217,1.181,-155.2,49.6,-160.4,139.6,-16.6
7043,F,11,R,H,FLEXION,-0.755,-0.269,-0.581,-0.483,-1.141,1.216,-155.2,49.7,-160.4,139.7,-16.7
7053,F,11,R,H,FLEXION,-0.754,-0.268,-0.582,-0.595,-1.093,1.268,-155.3,49.7,-160.4,139.7,-16.8
7063,F,11,R,H,FLEXION,-0.755,-0.268,-0.583,-0.702,-1.059,1.306,-155.3,49.6,-160.5,139.6,-16.9
7073,F,11,R,H,FLEXION,-0.756,-0.268,-0.583,-0.817,-1.035,1.352,-155.3,49.7,-160.5,139.7,-17.0
7083,F,11,R,H,FLEXION,-0.756,-0.268,-0.583,-0.905,-0.985,1.388,-155.3,49.7,-160.5,139.7,-17.1
7093,F,11,R,H,FLEXION,-0.756,-0.267,-0.583,-1.003,-0.924,1.413,-155.4,49.7,-160.5,139.7,-17.0
7103,F,11,R,H,FLEXION,-0.756,-0.268,-0.584,-1.080,-0.877,1.440,-155.4,49.7,-160.5,139.7,-17.0
7113,F,11,R,H,FLEXION,-0.757,-0.267,-0.584,-1.158,-0.859,1.456,-155.4,49.7,-160.5,139.7,-16.9
7123,F,11,R,H,FLEXION,-0.757,-0.267,-0.584,-1.217,-0.883,1.477,-155.4,49.7,-160.5,139.7,-16.7
7133,F,11,R,H,FLEXION,-0.757,-0.267,-0.585,-1.262,-0.908,1.472,-155.5,49.7,-160.6,139.7,-16.6
7143,F,11,R,H,FLEXION,-0.758,-0.267,-0.585,-1.282,-0.933,1.438,-155.5,49.7,-160.6,139.7,-16.5
7153,F,11,R,H,FLEXION,-0.758,-0.267,-0.585,-1.302,-0.975,1.406,-155.5,49.7,-160.6,139.7,-16.4
7163,F,11,R,H,FLEXION,-0.758,-0.267,-0.585,-1.309,-1.007,1.389,-155.5,49.7,-160.6,139.7,-16.3
7174,F,11,R,H,FLEXION,-0.758,-0.267,-0.586,-1.308,-1.027,1.355,-155.5,49.6,-160.6,139.6,-16.3
7184,F,11,R,H,FLEXION,-0.757,-0.266,-0.586,-1.304,-1.034,1.284,-155.6,49.6,-160.6,139.6,-16.3
7194,F,11,R,H,FLEXION,-0.757,-0.266,-0.586,-1.320,-1.049,1.229,-155.6,49.6,-160.6,139.6,-16.3
7204,F,11,R,H,FLEXION,-0.756,-0.266,-0.587,-1.357,-1.088,1.201,-155.6,49.6,-160.6,139.6,-16.4
7214,F,11,R,H,FLEXION,-0.756,-0.266,-0.587,-1.393,-1.135,1.171,-155.6,49.6,-160.6,139.6,-16.4
7224,F,11,R,H,FLEXION,-0.756,-0.266,-0.587,-1.413,-1.161,1.125,-155.6,49.6,-160.6,139.6,-16.4
7234,F,11,R,H,FLEXION,-0.756,-0.267,-0.586,-1.410,-1.160,1.083,-155.6,49.6,-160.6,139.6,-16.4
7244,F,11,R,H,FLEXION,-0.756,-0.267,-0.586,-1.406,-1.147,1.063,-155.5,49.6,-160.5,139.6,-16.5
7254,F,11,R,H,FLEXION,-0.756,-0.267,-0.586,-1.395,-1.167,1.032,-155.5,49.6,-160.5,139.6,-16.4
7264,F,11,R,H,FLEXION,-0.756,-0.268,-0.586,-1.375,-1.161,0.996,-155.4,49.6,-160.5,139.6,-16.5
7274,F,11,R,H,FLEXION,-0.756,-0.268,-0.585,-1.331,-1.114,0.948,-155.4,49.6,-160.5,139.6,-16.4
7284,F,11,R,H,FLEXION,-0.757,-0.269,-0.586,-1.297,-1.083,0.932,-155.4,49.6,-160.5,139.6,-16.4
7294,F,11,R,H,FLEXION,-0.756,-0.268,-0.586,-1.243,-1.071,0.934,-155.4,49.6,-160.5,139.6,-16.4
7304,F,11,R,H,FLEXION,-0.756,-0.269,-0.586,-1.198,-1.086,0.941,-155.4,49.5,-160.4,139.5,-16.4
7314,F,11,R,H,FLEXION,-0.756,-0.269,-0.586,-1.147,-1.084,0.946,-155.3,49.5,-160.4,139.5,-16.2
7324,F,11,R,H,FLEXION,-0.755,-0.270,-0.586,-1.092,-1.080,0.946,-155.3,49.5,-160.3,139.5,-16.1
7334,F,11,R,H,FLEXION,-0.755,-0.270,-0.586,-1.053,-1.095,0.945,-155.3,49.5,-160.4,139.5,-16.0
7344,F,11,R,H,FLEXION,-0.755,-0.269,-0.586,-1.013,-1.113,0.941,-155.4,49.5,-160.4,139.5,-15.8
7354,F,11,R,H,FLEXION,-0.755,-0.269,-0.586,-0.964,-1.163,0.931,-155.3,49.5,-160.4,139.5,-15.7
7364,F,11,R,H,FLEXION,-0.755,-0.269,-0.586,-0.905,-1.183,0.915,-155.3,49.5,-160.4,139.5,-15.6
7374,F,11,R,H,FLEXION,-0.755,-0.269,-0.587,-0.846,-1.209,0.907,-155.4,49.5,-160.4,139.5,-15.5
7384,F,11,R,H,FLEXION,-0.755,-0.269,-0.587,-0.794,-1.239,0.896,-155.4,49.5,-160.4,139.5,-15.4
7394,F,11,R,H,FLEXION,-0.756,-0.268,-0.587,-0.759,-1.268,0.889,-155.4,49.5,-160.5,139.5,-15.4
7404,F,11,R,H,FLEXION,-0.756,-0.268,-0.587,-0.733,-1.319,0.894,-155.4,49.5,-160.5,139.5,-15.3
7414,F,11,R,H,FLEXION,-0.756,-0.268,-0.587,-0.711,-1.329,0.879,-155.4,49.5,-160.5,139.5,-15.3
7424,F,11,R,H,FLEXION,-0.756,-0.268,-0.587,-0.701,-1.311,0.868,-155.5,49.5,-160.5,139.5,-15.3
7434,F,11,R,H,FLEXION,-0.756,-0.267,-0.587,-0.695,-1.298,0.848,-155.5,49.5,-160.5,139.5,-15.3
7444,F,11,R,H,FLEXION,-0.756,-0.267,-0.587,-0.711,-1.291,0.835,-155.5,49.6,-160.6,139.6,-15.3
7454,F,11,R,H,FLEXION,-0.756,-0.267,-0.587,-0.733,-1.305,0.832,-155.6,49.5,-160.6,139.5,-15.3
7464,F,11,R,H,FLEXION,-0.756,-0.267,-0.587,-0.726,-1.295,0.817,-155.5,49.5,-160.5,139.5,-15.2
7474,F,11,R,H,FLEXION,-0.756,-0.267,-0.587,-0.705,-1.244,0.800,-155.5,49.6,-160.6,139.6,-15.2
7485,F,11,R,H,FLEXION,-0.756,-0.267,-0.587,-0.680,-1.189,0.783,-155.6,49.5,-160.6,139.5,-15.1
7495,F,11,R,H,FLEXION,-0.755,-0.267,-0.587,-0.666,-1.171,0.752,-155.5,49.5,-160.5,139.5,-15.1
7505,F,11,R,H,FLEXION,-0.755,-0.267,-0.587,-0.647,-1.172,0.709,-155.5,49.5,-160.5,139.5,-15.0
7515,F,11,R,H,FLEXION,-0.756,-0.267,-0.586,-0.666,-1.194,0.680,-155.5,49.5,-160.5,139.5,-14.9
7525,F,11,R,H,FLEXION,-0.755,-0.267,-0.586,-0.692,-1.207,0.665,-155.5,49.5,-160.5,139.5,-14.9
7535,F,11,R,H,FLEXION,-0.755,-0.268,-0.586,-0.725,-1.210,0.662,-155.5,49.5,-160.5,139.5,-14.8
7545,F,11,R,H,FLEXION,-0.755,-0.268,-0.586,-0.775,-1.215,0.672,-155.4,49.6,-160.5,139.6,-14.7
7555,F,11,R,H,FLEXION,-0.755,-0.268,-0.586,-0.852,-1.202,0.694,-155.4,49.5,-160.5,139.5,-14.6
7565,F,11,R,H,FLEXION,-0.755,-0.268,-0.586,-0.945,-1.191,0.714,-155.4,49.5,-160.5,139.5,-14.5
7575,F,11,R,H,FLEXION,-0.754,-0.267,-0.585,-1.036,-1.152,0.738,-155.4,49.5,-160.5,139.5,-14.3
7585,F,11,R,H,FLEXION,-0.754,-0.267,-0.585,-1.137,-1.120,0.747,-155.5,49.5,-160.5,139.5,-14.2
7595,F,11,R,H,FLEXION,-0.754,-0.267,-0.585,-1.228,-1.075,0.736,-155.5,49.5,-160.5,139.5,-14.2
7605,F,11,R,H,FLEXION,-0.754,-0.267,-0.586,-1.341,-1.023,0.732,-155.5,49.5,-160.5,139.5,-14.2
7615,F,11,R,H,FLEXION,-0.754,-0.267,-0.586,-1.440,-0.986,0.728,-155.5,49.5,-160.5,139.5,-14.2
7625,F,11,R,H,FLEXION,-0.754,-0.267,-0.586,-1.523,-0.966,0.713,-155.5,49.5,-160.5,139.5,-14.4
7635,F,11,R,H,FLEXION,-0.755,-0.267,-0.586,-1.589,-0.959,0.707,-155.5,49.5,-160.5,139.5,-14.4
7645,F,11,R,H,FLEXION,-0.755,-0.268,-0.586,-1.624,-0.977,0.699,-155.5,49.5,-160.5,139.5,-14.5
7655,F,11,R,H,FLEXION,-0.755,-0.268,-0.586,-1.650,-1.010,0.691,-155.4,49.5,-160.5,139.5,-14.6
7665,F,11,R,H,FLEXION,-0.756,-0.268,-0.587,-1.645,-1.064,0.664,-155.5,49.5,-160.5,139.5,-14.5
7675,F,11,R,H,FLEXION,-0.756,-0.268,-0.588,-1.616,-1.115,0.637,-155.5,49.5,-160.5,139.5,-14.3
7685,F,11,R,H,FLEXION,-0.756,-0.268,-0.588,-1.579,-1.169,0.622,-155.5,49.5,-160.5,139.5,-14.2
7695,F,11,R,H,FLEXION,-0.756,-0.269,-0.589,-1.528,-1.239,0.593,-155.5,49.4,-160.4,139.4,-14.1
7705,F,11,R,H,FLEXION,-0.756,-0.269,-0.588,-1.463,-1.348,0.568,-155.4,49.5,-160.4,139.5,-14.1
7715,F,11,R,H,FLEXION,-0.756,-0.269,-0.588,-1.364,-1.494,0.569,-155.4,49.4,-160.4,139.4,-14.1
7725,F,11,R,H,FLEXION,-0.756,-0.270,-0.588,-1.219,-1.664,0.574,-155.4,49.4,-160.4,139.4,-14.1
7735,F,11,R,H,FLEXION,-0.756,-0.270,-0.587,-1.019,-1.858,0.593,-155.3,49.5,-160.4,139.5,-14.2
7745,F,11,R,H,FLEXION,-0.756,-0.270,-0.587,-0.806,-2.041,0.642,-155.3,49.5,-160.3,139.5,-14.3
7755,F,11,R,H,FLEXION,-0.755,-0.270,-0.587,-0.578,-2.181,0.692,-155.3,49.5,-160.3,139.5,-14.3
7765,F,11,R,H,FLEXION,-0.755,-0.271,-0.587,-0.389,-2.265,0.740,-155.2,49.4,-160.3,139.4,-14.3
7775,F,11,R,H,FLEXION,-0.755,-0.271,-0.586,-0.261,-2.302,0.771,-155.2,49.5,-160.3,139.5,-14.3
7785,F,11,R,H,FLEXION,-0.755,-0.271,-0.587,-0.189,-2.313,0.816,-155.2,49.4,-160.3,139.4,-14.4
7796,F,11,R,H,FLEXION,-0.755,-0.271,-0.587,-0.151,-2.333,0.866,-155.2,49.5,-160.3,139.5,-14.5
7806,F,11,R,H,FLEXION,-0.756,-0.271,-0.587,-0.160,-2.351,0.929,-155.2,49.5,-160.3,139.5,-14.4
7816,F,11,R,H,FLEXION,-0.756,-0.271,-0.587,-0.173,-2.369,0.992,-155.2,49.5,-160.3,139.5,-14.3
7826,F,11,R,H,FLEXION,-0.756,-0.271,-0.586,-0.188,-2.400,1.051,-155.2,49.5,-160.2,139.5,-14.2
7836,F,11,R,H,FLEXION,-0.756,-0.272,-0.586,-0.245,-2.447,1.127,-155.1,49.5,-160.2,139.5,-14.1
7846,F,11,R,H,FLEXION,-0.755,-0.273,-0.586,-0.305,-2.490,1.207,-155.1,49.4,-160.2,139.4,-14.1
7856,F,11,R,H,FLEXION,-0.755,-0.273,-0.586,-0.334,-2.520,1.273,-155.0,49.5,-160.1,139.5,-14.1
7866,F,11,R,H,FLEXION,-0.755,-0.273,-0.585,-0.362,-2.513,1.323,-155.0,49.5,-160.1,139.5,-14.1
7876,F,11,R,H,FLEXION,-0.755,-0.274,-0.585,-0.367,-2.476,1.347,-154.9,49.5,-160.1,139.5,-14.1
7886,F,11,R,H,FLEXION,-0.755,-0.274,-0.584,-0.358,-2.417,1.361,-154.9,49.5,-160.1,139.5,-14.0
7896,F,11,R,H,FLEXION,-0.754,-0.274,-0.584,-0.350,-2.356,1.373,-154.9,49.5,-160.1,139.5,-13.9
7906,F,11,R,H,FLEXION,-0.755,-0.274,-0.583,-0.343,-2.299,1.372,-154.9,49.5,-160.1,139.5,-13.9
7916,F,11,R,H,FLEXION,-0.755,-0.274,-0.582,-0.361,-2.237,1.365,-154.8,49.6,-160.1,139.6,-13.9
7926,F,11,R,H,FLEXION,-0.755,-0.274,-0.582,-0.387,-2.161,1.345,-154.8,49.6,-160.1,139.6,-13.9
7936,F,11,R,H,FLEXION,-0.755,-0.274,-0.582,-0.422,-2.068,1.329,-154.7,49.6,-160.0,139.6,-14.0
7946,F,11,R,H,FLEXION,-0.756,-0.275,-0.582,-0.429,-1.935,1.270,-154.7,49.6,-160.0,139.6,-14.0
7956,F,11,R,H,FLEXION,-0.755,-0.275,-0.581,-0.445,-1.814,1.197,-154.7,49.6,-160.0,139.6,-14.1
7966,F,11,R,H,FLEXION,-0.755,-0.276,-0.581,-0.434,-1.683,1.157,-154.6,49.6,-160.0,139.6,-14.3
7976,F,11,R,H,FLEXION,-0.755,-0.276,-0.582,-0.421,-1.559,1.120,-154.6,49.6,-159.9,139.6,-14.4
7986,F,11,R,H,FLEXION,-0.755,-0.276,-0.582,-0.426,-1.416,1.084,-154.6,49.5,-159.9,139.5,-14.6
7996,F,11,R,H,FLEXION,-0.754,-0.276,-0.582,-0.465,-1.289,1.073,-154.6,49.5,-159.9,139.5,-14.7
8006,F,11,R,H,FLEXION,-0.754,-0.276,-0.582,-0.514,-1.122,1.057,-154.6,49.5,-159.9,139.5,-14.7
8016,F,11,R,H,FLEXION,-0.755,-0.275,-0.582,-0.590,-0.962,1.055,-154.7,49.5,-160.0,139.5,-14.8
8026,F,11,R,H,FLEXION,-0.755,-0.275,-0.582,-0.676,-0.828,1.073,-154.7,49.5,-160.0,139.5,-14.7
8036,F,11,R,H,FLEXION,-0.755,-0.275,-0.582,-0.766,-0.717,1.102,-154.7,49.6,-160.0,139.6,-14.6
8046,F,11,R,H,FLEXION,-0.756,-0.275,-0.583,-0.869,-0.656,1.174,-154.8,49.5,-160.0,139.5,-14.7
8056,F,11,R,H,FLEXION,-0.756,-0.275,-0.584,-0.980,-0.618,1.258,-154.8,49.5,-160.0,139.5,-14.7
8066,F,11,R,H,FLEXION,-0.756,-0.274,-0.585,-1.104,-0.581,1.342,-154.9,49.5,-160.1,139.5,-14.8
8076,F,11,R,H,FLEXION,-0.756,-0.274,-0.585,-1.210,-0.507,1.419,-154.9,49.5,-160.1,139.5,-14.9
8086,F,11,R,H,FLEXION,-0.755,-0.273,-0.585,-1.311,-0.445,1.477,-155.0,49.5,-160.1,139.5,-15.1
8096,F,11,R,H,FLEXION,-0.755,-0.273,-0.586,-1.405,-0.386,1.538,-155.0,49.4,-160.1,139.4,-15.2
8107,F,11,R,H,FLEXION,-0.755,-0.272,-0.587,-1.499,-0.362,1.638,-155.2,49.4,-160.2,139.4,-15.2
8117,F,11,R,H,FLEXION,-0.754,-0.271,-0.587,-1.578,-0.405,1.743,-155.2,49.4,-160.2,139.4,-15.1
8127,F,11,R,H,FLEXION,-0.754,-0.271,-0.587,-1.645,-0.485,1.815,-155.3,49.4,-160.3,139.4,-15.0
8137,F,11,R,H,FLEXION,-0.754,-0.270,-0.588,-1.721,-0.585,1.879,-155.3,49.4,-160.3,139.4,-14.9
8147,F,11,R,H,FLEXION,-0.754,-0.270,-0.588,-1.791,-0.712,1.906,-155.4,49.4,-160.3,139.4,-14.8
8157,F,11,R,H,FLEXION,-0.754,-0.270,-0.588,-1.826,-0.872,1.913,-155.4,49.4,-160.3,139.4,-14.7
8167,F,11,R,H,FLEXION,-0.754,-0.269,-0.588,-1.819,-1.045,1.926,-155.4,49.4,-160.3,139.4,-14.8
8177,F,11,R,H,FLEXION,-0.755,-0.269,-0.588,-1.778,-1.232,1.938,-155.4,49.4,-160.4,139.4,-14.8
8187,F,11,R,H,FLEXION,-0.756,-0.269,-0.588,-1.701,-1.384,1.917,-155.5,49.4,-160.4,139.4,-14.8
8197,F,11,R,H,FLEXION,-0.756,-0.269,-0.588,-1.625,-1.487,1.875,-155.4,49.5,-160.4,139.5,-14.9
8207,F,11,R,H,FLEXION,-0.756,-0.268,-0.587,-1.553,-1.542,1.816,-155.5,49.5,-160.5,139.5,-14.9
8217,F,11,R,H,FLEXION,-0.756,-0.268,-0.587,-1.497,-1.566,1.747,-155.5,49.6,-160.5,139.6,-14.9
8227,F,11,R,H,FLEXION,-0.757,-0.268,-0.587,-1.468,-1.568,1.660,-155.5,49.5,-160.5,139.5,-14.8
8237,F,11,R,H,FLEXION,-0.757,-0.267,-0.587,-1.463,-1.532,1.543,-155.6,49.6,-160.6,139.6,-14.8
8247,F,11,R,H,FLEXION,-0.757,-0.267,-0.587,-1.463,-1.478,1.454,-155.6,49.6,-160.6,139.6,-14.9
8257,F,11,R,H,FLEXION,-0.757,-0.267,-0.587,-1.479,-1.433,1.358,-155.6,49.6,-160.6,139.6,-14.9
8267,F,11,R,H,FLEXION,-0.757,-0.266,-0.586,-1.527,-1.392,1.259,-155.6,49.6,-160.6,139.6,-15.0
8277,F,11,R,H,FLEXION,-0.757,-0.265,-0.586,-1.603,-1.360,1.174,-155.6,49.7,-160.7,139.7,-15.1
8287,F,11,R,H,FLEXION,-0.757,-0.265,-0.585,-1.687,-1.327,1.091,-155.6,49.7,-160.7,139.7,-15.1
8297,F,11,R,H,FLEXION,-0.757,-0.265,-0.585,-1.793,-1.304,1.004,-155.7,49.7,-160.7,139.7,-15.1
8307,F,11,R,H,FLEXION,-0.756,-0.265,-0.585,-1.891,-1.293,0.912,-155.7,49.7,-160.7,139.7,-15.0
8317,F,11,R,H,FLEXION,-0.756,-0.264,-0.585,-1.969,-1.293,0.840,-155.7,49.7,-160.7,139.7,-14.9
8327,F,11,R,H,FLEXION,-0.756,-0.265,-0.586,-2.043,-1.301,0.774,-155.7,49.7,-160.7,139.7,-14.8
8337,F,11,R,H,FLEXION,-0.757,-0.265,-0.585,-2.117,-1.306,0.673,-155.7,49.7,-160.7,139.7,-14.7
8347,F,11,R,H,FLEXION,-0.756,-0.265,-0.585,-2.169,-1.307,0.574,-155.6,49.7,-160.7,139.7,-14.7
8357,F,11,R,H,FLEXION,-0.756,-0.266,-0.585,-2.187,-1.295,0.468,-155.6,49.6,-160.6,139.6,-14.7
8367,F,11,R,H,FLEXION,-0.755,-0.267,-0.585,-2.165,-1.257,0.370,-155.5,49.6,-160.6,139.6,-14.9
8377,F,11,R,H,FLEXION,-0.755,-0.267,-0.584,-2.122,-1.199,0.270,-155.4,49.6,-160.5,139.6,-15.0
8387,F,11,R,H,FLEXION,-0.754,-0.268,-0.584,-2.057,-1.136,0.171,-155.3,49.6,-160.4,139.6,-15.2
8397,F,11,R,H,FLEXION,-0.754,-0.269,-0.583,-1.978,-1.055,0.053,-155.3,49.6,-160.4,139.6,-15.2
8407,F,11,R,H,FLEXION,-0.754,-0.269,-0.583,-1.890,-0.976,-0.058,-155.2,49.5,-160.3,139.5,-15.4
8418,F,11,R,H,FLEXION,-0.754,-0.270,-0.584,-1.780,-0.904,-0.179,-155.2,49.5,-160.3,139.5,-15.4
8428,F,11,R,H,FLEXION,-0.753,-0.270,-0.583,-1.669,-0.846,-0.242,-155.1,49.5,-160.3,139.5,-15.5
8438,F,11,R,H,FLEXION,-0.753,-0.271,-0.584,-1.530,-0.817,-0.291,-155.1,49.5,-160.2,139.5,-15.5
8448,F,11,R,H,FLEXION,-0.753,-0.272,-0.584,-1.389,-0.816,-0.329,-155.1,49.5,-160.2,139.5,-15.4
8458,F,11,R,H,FLEXION,-0.753,-0.273,-0.585,-1.259,-0.804,-0.402,-155.0,49.4,-160.1,139.4,-15.4
8468,F,11,R,H,FLEXION,-0.754,-0.273,-0.584,-1.144,-0.793,-0.466,-155.0,49.4,-160.1,139.4,-15.5
8478,F,11,R,H,FLEXION,-0.754,-0.273,-0.585,-1.030,-0.795,-0.504,-155.0,49.4,-160.1,139.4,-15.5
8488,F,11,R,H,FLEXION,-0.754,-0.273,-0.585,-0.944,-0.767,-0.503,-155.0,49.4,-160.1,139.4,-15.6
8498,F,11,R,H,FLEXION,-0.754,-0.273,-0.586,-0.896,-0.754,-0.439,-155.0,49.4,-160.1,139.4,-15.7
8508,F,11,R,H,FLEXION,-0.754,-0.273,-0.586,-0.884,-0.744,-0.331,-155.0,49.4,-160.1,139.4,-15.7
8518,F,11,R,H,FLEXION,-0.754,-0.274,-0.587,-0.915,-0.699,-0.223,-155.0,49.3,-160.1,139.3,-15.8
8528,F,11,R,H,FLEXION,-0.755,-0.273,-0.588,-0.965,-0.655,-0.110,-155.1,49.3,-160.1,139.3,-15.8
8538,F,11,R,H,FLEXION,-0.755,-0.273,-0.589,-1.024,-0.594,0.028,-155.1,49.3,-160.1,139.3,-15.8
8548,F,11,R,H,FLEXION,-0.756,-0.274,-0.589,-1.095,-0.556,0.169,-155.1,49.3,-160.1,139.3,-15.8
8558,F,11,R,H,FLEXION,-0.756,-0.274,-0.590,-1.160,-0.534,0.331,-155.1,49.3,-160.1,139.3,-15.7
8568,F,11,R,H,FLEXION,-0.756,-0.274,-0.591,-1.231,-0.541,0.484,-155.2,49.3,-160.1,139.3,-15.7
8578,F,11,R,H,FLEXION,-0.757,-0.274,-0.591,-1.305,-0.561,0.623,-155.2,49.3,-160.1,139.3,-15.6
8588,F,11,R,H,FLEXION,-0.757,-0.274,-0.592,-1.362,-0.600,0.747,-155.2,49.3,-160.1,139.3,-15.5
8598,F,11,R,H,FLEXION,-0.758,-0.274,-0.592,-1.407,-0.664,0.859,-155.2,49.3,-160.1,139.3,-15.5
8608,F,11,R,H,FLEXION,-0.758,-0.274,-0.593,-1.420,-0.757,0.974,-155.2,49.2,-160.1,139.2,-15.6
8618,F,11,R,H,FLEXION,-0.758,-0.274,-0.593,-1.417,-0.896,1.088,-155.2,49.2,-160.1,139.2,-15.6
8628,F,11,R,H,FLEXION,-0.757,-0.274,-0.593,-1.370,-1.065,1.190,-155.2,49.2,-160.1,139.2,-15.6
8638,F,11,R,H,FLEXION,-0.757,-0.274,-0.592,-1.307,-1.237,1.290,-155.1,49.2,-160.1,139.2,-15.6
8648,F,11,R,H,FLEXION,-0.757,-0.275,-0.592,-1.213,-1.398,1.332,-155.1,49.2,-160.1,139.2,-15.6
8658,F,11,R,H,FLEXION,-0.756,-0.275,-0.591,-1.067,-1.537,1.340,-155.1,49.2,-160.0,139.2,-15.6
8668,F,11,R,H,FLEXION,-0.755,-0.274,-0.591,-0.876,-1.620,1.313,-155.1,49.2,-160.0,139.2,-15.5
8678,F,11,R,H,FLEXION,-0.754,-0.274,-0.590,-0.678,-1.660,1.235,-155.1,49.2,-160.0,139.2,-15.4
8688,F,11,R,H,FLEXION,-0.753,-0.274,-0.589,-0.495,-1.691,1.139,-155.0,49.2,-160.0,139.2,-15.4
8698,F,11,R,H,FLEXION,-0.752,-0.274,-0.587,-0.333,-1.693,1.021,-155.0,49.2,-160.0,139.2,-15.4
8708,F,11,R,H,FLEXION,-0.752,-0.274,-0.587,-0.176,-1.664,0.910,-155.0,49.2,-160.0,139.2,-15.5
8718,F,11,R,H,FLEXION,-0.751,-0.274,-0.586,-0.040,-1.616,0.803,-154.9,49.3,-159.9,139.3,-15.6
8729,F,11,R,H,FLEXION,-0.750,-0.274,-0.586,0.062,-1.565,0.723,-154.9,49.2,-159.9,139.2,-15.6
8739,F,11,R,H,FLEXION,-0.750,-0.275,-0.586,0.136,-1.507,0.652,-154.9,49.2,-159.9,139.2,-15.6
8749,F,11,R,H,FLEXION,-0.751,-0.274,-0.586,0.182,-1.444,0.620,-154.9,49.2,-159.9,139.2,-15.5
8759,F,11,R,H,FLEXION,-0.751,-0.274,-0.586,0.178,-1.360,0.618,-154.9,49.2,-159.9,139.2,-15.4
8769,F,11,R,H,FLEXION,-0.751,-0.274,-0.586,0.150,-1.296,0.663,-154.9,49.3,-159.9,139.3,-15.3
8779,F,11,R,H,FLEXION,-0.751,-0.274,-0.586,0.078,-1.237,0.726,-154.9,49.3,-159.9,139.3,-15.2
8789,F,11,R,H,FLEXION,-0.752,-0.275,-0.586,-0.023,-1.183,0.805,-154.9,49.3,-159.9,139.3,-15.3
8799,F,11,R,H,FLEXION,-0.752,-0.275,-0.587,-0.115,-1.141,0.885,-154.9,49.2,-159.9,139.2,-15.3
8809,F,11,R,H,FLEXION,-0.752,-0.275,-0.587,-0.198,-1.119,0.976,-154.9,49.2,-159.9,139.2,-15.5
8819,F,11,R,H,FLEXION,-0.752,-0.274,-0.588,-0.319,-1.097,1.062,-155.0,49.2,-160.0,139.2,-15.7
8829,F,11,R,H,FLEXION,-0.753,-0.274,-0.589,-0.443,-1.064,1.139,-155.1,49.2,-160.0,139.2,-15.8
8839,F,11,R,H,FLEXION,-0.753,-0.274,-0.590,-0.598,-1.036,1.206,-155.1,49.2,-160.0,139.2,-16.0
8849,F,11,R,H,FLEXION,-0.752,-0.274,-0.589,-0.753,-1.010,1.255,-155.1,49.2,-160.0,139.2,-16.0
8859,F,11,R,H,FLEXION,-0.753,-0.273,-0.589,-0.891,-1.011,1.288,-155.1,49.2,-160.0,139.2,-16.1
8869,F,11,R,H,FLEXION,-0.753,-0.273,-0.589,-1.020,-1.020,1.308,-155.1,49.2,-160.0,139.2,-16.1
8879,F,11,R,H,FLEXION,-0.753,-0.273,-0.589,-1.127,-1.012,1.295,-155.1,49.2,-160.1,139.2,-16.0
8889,F,11,R,H,FLEXION,-0.753,-0.273,-0.589,-1.233,-1.001,1.258,-155.1,49.2,-160.1,139.2,-16.0
8899,F,11,R,H,FLEXION,-0.753,-0.273,-0.588,-1.324,-1.002,1.209,-155.1,49.3,-160.1,139.3,-16.0
8909,F,11,R,H,FLEXION,-0.753,-0.273,-0.587,-1.409,-1.013,1.135,-155.1,49.3,-160.1,139.3,-16.1
8919,F,11,R,H,FLEXION,-0.753,-0.273,-0.587,-1.471,-1.020,1.077,-155.1,49.3,-160.1,139.3,-16.2
8929,F,11,R,H,FLEXION,-0.754,-0.273,-0.588,-1.501,-1.027,1.001,-155.1,49.3,-160.1,139.3,-16.2
8939,F,11,R,H,FLEXION,-0.753,-0.274,-0.588,-1.500,-1.053,0.942,-155.0,49.3,-160.0,139.3,-16.3
8949,F,11,R,H,FLEXION,-0.753,-0.273,-0.588,-1.502,-1.117,0.900,-155.1,49.3,-160.0,139.3,-16.4
8959,F,11,R,H,FLEXION,-0.753,-0.274,-0.588,-1.521,-1.197,0.875,-155.0,49.3,-160.0,139.3,-16.5
8969,F,11,R,H,FLEXION,-0.753,-0.274,-0.588,-1.550,-1.275,0.856,-155.0,49.3,-160.0,139.3,-16.5
8979,F,11,R,H,FLEXION,-0.752,-0.274,-0.587,-1.550,-1.291,0.801,-155.0,49.3,-160.0,139.3,-16.6
8989,F,11,R,H,FLEXION,-0.752,-0.273,-0.587,-1.533,-1.294,0.733,-155.0,49.3,-160.0,139.3,-16.6
8999,F,11,R,H,FLEXION,-0.752,-0.273,-0.587,-1.518,-1.308,0.696,-155.0,49.3,-160.0,139.3,-16.6
9009,F,11,R,H,FLEXION,-0.752,-0.273,-0.587,-1.488,-1.322,0.669,-155.0,49.3,-160.0,139.3,-16.6
9019,F,11,R,H,FLEXION,-0.752,-0.274,-0.586,-1.466,-1.321,0.656,-155.0,49.3,-160.0,139.3,-16.6
9029,F,11,R,H,FLEXION,-0.751,-0.274,-0.586,-1.434,-1.292,0.658,-155.0,49.3,-160.0,139.3,-16.7
9040,F,11,R,H,FLEXION,-0.751,-0.274,-0.587,-1.432,-1.263,0.677,-155.0,49.3,-160.0,139.3,-16.7
9050,F,11,R,H,FLEXION,-0.750,-0.273,-0.587,-1.435,-1.235,0.694,-155.0,49.2,-160.0,139.2,-16.6
9060,F,11,R,H,FLEXION,-0.750,-0.274,-0.587,-1.446,-1.198,0.721,-155.0,49.2,-159.9,139.2,-16.5
9070,F,11,R,H,FLEXION,-0.750,-0.274,-0.587,-1.458,-1.140,0.744,-154.9,49.2,-159.9,139.2,-16.5
9080,F,11,R,H,FLEXION,-0.750,-0.275,-0.587,-1.461,-1.093,0.774,-154.9,49.2,-159.9,139.2,-16.5
9090,F,11,R,H,FLEXION,-0.750,-0.274,-0.587,-1.461,-1.047,0.786,-154.9,49.2,-159.9,139.2,-16.5
9100,F,11,R,H,FLEXION,-0.750,-0.274,-0.587,-1.457,-0.971,0.791,-155.0,49.2,-159.9,139.2,-16.5
9110,F,11,R,H,FLEXION,-0.750,-0.275,-0.586,-1.463,-0.904,0.806,-154.9,49.2,-159.9,139.2,-16.5
9120,F,11,R,H,FLEXION,-0.750,-0.275,-0.586,-1.463,-0.860,0.826,-154.9,49.2,-159.9,139.2,-16.5
9130,F,11,R,H,FLEXION,-0.750,-0.275,-0.586,-1.478,-0.812,0.862,-154.9,49.2,-159.9,139.2,-16.4
9140,F,11,R,H,FLEXION,-0.750,-0.275,-0.587,-1.469,-0.749,0.874,-154.9,49.2,-159.9,139.2,-16.3
9150,F,11,R,H,FLEXION,-0.750,-0.275,-0.587,-1.448,-0.685,0.875,-154.9,49.2,-159.9,139.2,-16.2
9160,F,11,R,H,FLEXION,-0.750,-0.274,-0.586,-1.429,-0.632,0.868,-154.9,49.2,-159.9,139.2,-16.1
9170,F,11,R,H,FLEXION,-0.750,-0.274,-0.587,-1.409,-0.584,0.844,-155.0,49.2,-159.9,139.2,-16.1
9180,F,11,R,H,FLEXION,-0.750,-0.274,-0.587,-1.385,-0.560,0.825,-155.0,49.2,-159.9,139.2,-16.1
9190,F,11,R,H,FLEXION,-0.750,-0.274,-0.588,-1.360,-0.546,0.799,-155.0,49.2,-160.0,139.2,-16.1
9200,F,11,R,H,FLEXION,-0.750,-0.274,-0.588,-1.317,-0.541,0.773,-155.0,49.2,-159.9,139.2,-16.1
9210,F,11,R,H,FLEXION,-0.750,-0.274,-0.588,-1.282,-0.557,0.738,-155.0,49.2,-160.0,139.2,-16.2
9220,F,11,R,H,FLEXION,-0.750,-0.274,-0.588,-1.240,-0.572,0.720,-155.1,49.2,-160.0,139.2,-16.2
9230,F,11,R,H,FLEXION,-0.751,-0.274,-0.589,-1.194,-0.566,0.678,-155.0,49.1,-160.0,139.1,-16.2
9240,F,11,R,H,FLEXION,-0.751,-0.274,-0.589,-1.136,-0.558,0.618,-155.0,49.1,-159.9,139.1,-16.2
9250,F,11,R,H,FLEXION,-0.751,-0.274,-0.589,-1.098,-0.566,0.597,-155.0,49.1,-159.9,139.1,-16.1
9260,F,11,R,H,FLEXION,-0.751,-0.275,-0.590,-1.057,-0.599,0.591,-155.0,49.1,-159.9,139.1,-16.1
9270,F,11,R,H,FLEXION,-0.751,-0.275,-0.590,-1.034,-0.633,0.580,-155.0,49.1,-159.9,139.1,-16.1
9280,F,11,R,H,FLEXION,-0.751,-0.275,-0.591,-1.039,-0.678,0.564,-155.0,49.1,-159.9,139.1,-16.1
9290,F,11,R,H,FLEXION,-0.751,-0.276,-0.591,-1.079,-0.713,0.576,-155.0,49.0,-159.8,139.0,-16.1
9300,F,11,R,H,FLEXION,-0.752,-0.276,-0.591,-1.102,-0.740,0.584,-155.0,49.0,-159.9,139.0,-16.1
9310,F,11,R,H,FLEXION,-0.752,-0.275,-0.591,-1.160,-0.773,0.620,-155.0,49.1,-159.9,139.1,-16.1
9320,F,11,R,H,FLEXION,-0.752,-0.275,-0.591,-1.223,-0.796,0.680,-155.0,49.1,-159.9,139.1,-16.1
9330,F,11,R,H,FLEXION,-0.752,-0.275,-0.591,-1.333,-0.824,0.721,-155.0,49.1,-159.9,139.1,-16.1
9340,F,11,R,H,FLEXION,-0.752,-0.275,-0.591,-1.428,-0.852,0.752,-155.1,49.1,-159.9,139.1,-16.2
9351,F,11,R,H,FLEXION,-0.752,-0.275,-0.591,-1.494,-0.886,0.795,-155.1,49.1,-160.0,139.1,-16.2
9361,F,11,R,H,FLEXION,-0.752,-0.274,-0.591,-1.521,-0.931,0.831,-155.1,49.1,-159.9,139.1,-16.2
9371,F,11,R,H,FLEXION,-0.751,-0.275,-0.591,-1.523,-0.953,0.832,-155.1,49.0,-159.9,139.0,-16.1
9381,F,11,R,H,FLEXION,-0.750,-0.275,-0.591,-1.507,-0.971,0.812,-155.1,49.0,-159.9,139.0,-16.0
9391,F,11,R,H,FLEXION,-0.749,-0.274,-0.592,-1.476,-0.980,0.763,-155.1,49.0,-159.9,139.0,-15.9
9401,F,11,R,H,FLEXION,-0.749,-0.274,-0.592,-1.430,-0.976,0.691,-155.1,48.9,-159.9,138.9,-15.8
9411,F,11,R,H,FLEXION,-0.748,-0.274,-0.591,-1.386,-0.971,0.624,-155.1,48.9,-159.9,138.9,-15.8
9421,F,11,R,H,FLEXION,-0.748,-0.275,-0.591,-1.344,-0.974,0.586,-155.1,48.9,-159.8,138.9,-15.8
9431,F,11,R,H,FLEXION,-0.747,-0.275,-0.591,-1.313,-0.961,0.556,-155.0,48.9,-159.8,138.9,-15.8
9441,F,11,R,H,FLEXION,-0.747,-0.275,-0.591,-1.301,-0.929,0.534,-155.0,48.9,-159.8,138.9,-15.8
9451,F,11,R,H,FLEXION,-0.746,-0.275,-0.591,-1.311,-0.860,0.528,-155.0,48.9,-159.8,138.9,-15.8
9461,F,11,R,H,FLEXION,-0.746,-0.275,-0.591,-1.325,-0.764,0.539,-155.0,48.8,-159.7,138.8,-15.7
9471,F,11,R,H,FLEXION,-0.745,-0.275,-0.590,-1.356,-0.647,0.528,-155.0,48.9,-159.7,138.9,-15.7
9481,F,11,R,H,FLEXION,-0.745,-0.275,-0.590,-1.399,-0.500,0.519,-155.0,48.9,-159.7,138.9,-15.5
9491,F,11,R,H,FLEXION,-0.745,-0.276,-0.590,-1.441,-0.351,0.509,-154.9,48.8,-159.7,138.8,-15.4
9501,F,11,R,H,FLEXION,-0.744,-0.276,-0.590,-1.456,-0.201,0.489,-155.0,48.8,-159.7,138.8,-15.2
9511,F,11,R,H,FLEXION,-0.745,-0.276,-0.590,-1.459,-0.060,0.478,-155.0,48.8,-159.7,138.8,-15.2
9521,F,11,R,H,FLEXION,-0.744,-0.276,-0.591,-1.465,0.059,0.470,-155.0,48.8,-159.7,138.8,-15.1
9531,F,11,R,H,FLEXION,-0.744,-0.276,-0.591,-1.464,0.173,0.499,-155.0,48.8,-159.7,138.8,-15.1
11,F,11,R,H,EXTENSION,-0.738,-0.287,-0.592,-1.470,-0.004,0.410,-154.1,48.3,-158.7,138.3,-11.6
21,F,11,R,H,EXTENSION,-0.733,-0.297,-0.593,-1.455,-0.171,0.316,-153.3,47.9,-157.9,137.9,-11.5
31,F,11,R,H,EXTENSION,-0.727,-0.307,-0.593,-1.438,-0.313,0.208,-152.7,47.4,-157.1,137.4,-11.1
41,F,11,R,H,EXTENSION,-0.723,-0.315,-0.594,-1.428,-0.459,0.085,-152.1,47.1,-156.5,137.1,-10.7
51,F,11,R,H,EXTENSION,-0.719,-0.322,-0.595,-1.395,-0.586,-0.065,-151.6,46.7,-155.9,136.7,-10.5
61,F,11,R,H,EXTENSION,-0.716,-0.328,-0.595,-1.340,-0.701,-0.213,-151.1,46.5,-155.3,136.5,-10.4
71,F,11,R,H,EXTENSION,-0.712,-0.334,-0.596,-1.279,-0.806,-0.376,-150.7,46.2,-154.8,136.2,-10.4
81,F,11,R,H,EXTENSION,-0.709,-0.340,-0.597,-1.206,-0.875,-0.559,-150.4,45.9,-154.4,135.9,-10.4
91,F,11,R,H,EXTENSION,-0.707,-0.345,-0.598,-1.141,-0.909,-0.723,-150.0,45.7,-154.0,135.7,-10.4
101,F,11,R,H,EXTENSION,-0.705,-0.350,-0.598,-1.071,-0.915,-0.856,-149.7,45.5,-153.6,135.5,-10.3
111,F,11,R,H,EXTENSION,-0.703,-0.354,-0.599,-0.999,-0.910,-0.957,-149.4,45.3,-153.3,135.3,-10.3
121,F,11,R,H,EXTENSION,-0.701,-0.358,-0.599,-0.911,-0.905,-1.025,-149.1,45.1,-152.9,135.1,-10.3
131,F,11,R,H,EXTENSION,-0.699,-0.362,-0.599,-0.822,-0.890,-1.061,-148.9,45.0,-152.6,135.0,-10.4
141,F,11,R,H,EXTENSION,-0.698,-0.365,-0.599,-0.760,-0.865,-1.057,-148.6,44.9,-152.4,134.9,-10.4
151,F,11,R,H,EXTENSION,-0.697,-0.368,-0.599,-0.724,-0.817,-1.029,-148.5,44.8,-152.2,134.8,-10.4
161,F,11,R,H,EXTENSION,-0.696,-0.371,-0.599,-0.720,-0.750,-0.969,-148.3,44.7,-152.0,134.7,-10.4
171,F,11,R,H,EXTENSION,-0.695,-0.373,-0.600,-0.747,-0.688,-0.866,-148.1,44.5,-151.8,134.5,-10.4
181,F,11,R,H,EXTENSION,-0.695,-0.376,-0.601,-0.780,-0.630,-0.741,-148.0,44.4,-151.6,134.4,-10.5
191,F,11,R,H,EXTENSION,-0.694,-0.378,-0.600,-0.842,-0.540,-0.634,-147.8,44.4,-151.4,134.4,-10.4
201,F,11,R,H,EXTENSION,-0.692,-0.379,-0.601,-0.936,-0.459,-0.521,-147.8,44.2,-151.3,134.2,-10.5
211,F,11,R,H,EXTENSION,-0.691,-0.380,-0.602,-1.082,-0.382,-0.399,-147.7,44.2,-151.2,134.2,-10.4
221,F,11,R,H,EXTENSION,-0.691,-0.382,-0.602,-1.235,-0.337,-0.274,-147.6,44.1,-151.1,134.1,-10.4
231,F,11,R,H,EXTENSION,-0.689,-0.383,-0.603,-1.393,-0.302,-0.141,-147.6,44.0,-151.0,134.0,-10.3
241,F,11,R,H,EXTENSION,-0.689,-0.383,-0.603,-1.557,-0.284,-0.024,-147.6,43.9,-150.9,133.9,-10.3
251,F,11,R,H,EXTENSION,-0.688,-0.384,-0.604,-1.720,-0.287,0.096,-147.5,43.9,-150.8,133.9,-10.2
261,F,11,R,H,EXTENSION,-0.687,-0.385,-0.604,-1.866,-0.293,0.203,-147.5,43.8,-150.7,133.8,-10.2
271,F,11,R,H,EXTENSION,-0.687,-0.386,-0.604,-1.995,-0.321,0.310,-147.4,43.8,-150.7,133.8,-10.2
281,F,11,R,H,EXTENSION,-0.687,-0.387,-0.605,-2.108,-0.375,0.402,-147.4,43.7,-150.6,133.7,-10.2
291,F,11,R,H,EXTENSION,-0.687,-0.389,-0.606,-2.188,-0.453,0.503,-147.3,43.7,-150.5,133.7,-10.2
301,F,11,R,H,EXTENSION,-0.687,-0.390,-0.606,-2.227,-0.515,0.599,-147.3,43.6,-150.4,133.6,-10.2
311,F,11,R,H,EXTENSION,-0.687,-0.390,-0.607,-2.237,-0.576,0.697,-147.2,43.6,-150.4,133.6,-10.3
321,F,11,R,H,EXTENSION,-0.686,-0.391,-0.607,-2.227,-0.639,0.794,-147.2,43.5,-150.3,133.5,-10.3
332,F,11,R,H,EXTENSION,-0.686,-0.391,-0.607,-2.203,-0.692,0.899,-147.2,43.5,-150.3,133.5,-10.4
342,F,11,R,H,EXTENSION,-0.686,-0.392,-0.607,-2.161,-0.731,0.986,-147.1,43.5,-150.2,133.5,-10.4
352,F,11,R,H,EXTENSION,-0.685,-0.392,-0.607,-2.126,-0.740,1.067,-147.1,43.5,-150.2,133.5,-10.5
362,F,11,R,H,EXTENSION,-0.685,-0.393,-0.607,-2.065,-0.702,1.116,-147.1,43.4,-150.2,133.4,-10.5
372,F,11,R,H,EXTENSION,-0.683,-0.393,-0.606,-1.989,-0.654,1.134,-147.0,43.4,-150.1,133.4,-10.6
382,F,11,R,H,EXTENSION,-0.683,-0.394,-0.607,-1.920,-0.589,1.159,-147.0,43.4,-150.0,133.4,-10.6
392,F,11,R,H,EXTENSION,-0.682,-0.394,-0.607,-1.856,-0.532,1.153,-147.0,43.3,-150.0,133.3,-10.6
402,F,11,R,H,EXTENSION,-0.681,-0.394,-0.606,-1.793,-0.484,1.160,-147.0,43.3,-150.0,133.3,-10.6
412,F,11,R,H,EXTENSION,-0.681,-0.394,-0.607,-1.711,-0.466,1.159,-147.0,43.3,-149.9,133.3,-10.6
422,F,11,R,H,EXTENSION,-0.680,-0.394,-0.606,-1.622,-0.459,1.153,-147.0,43.2,-149.9,133.2,-10.5
432,F,11,R,H,EXTENSION,-0.680,-0.394,-0.606,-1.523,-0.468,1.152,-147.0,43.2,-149.9,133.2,-10.4
442,F,11,R,H,EXTENSION,-0.679,-0.394,-0.606,-1.436,-0.482,1.170,-147.0,43.2,-149.9,133.2,-10.2
452,F,11,R,H,EXTENSION,-0.679,-0.393,-0.606,-1.376,-0.531,1.202,-147.0,43.2,-149.9,133.2,-10.0
462,F,11,R,H,EXTENSION,-0.679,-0.393,-0.607,-1.309,-0.583,1.238,-147.0,43.2,-149.9,133.2,-9.8
472,F,11,R,H,EXTENSION,-0.679,-0.393,-0.607,-1.250,-0.608,1.265,-147.0,43.2,-149.9,133.2,-9.7
482,F,11,R,H,EXTENSION,-0.679,-0.393,-0.607,-1.191,-0.615,1.259,-147.1,43.2,-149.9,133.2,-9.6
492,F,11,R,H,EXTENSION,-0.679,-0.393,-0.607,-1.169,-0.623,1.257,-147.1,43.2,-149.9,133.2,-9.5
502,F,11,R,H,EXTENSION,-0.679,-0.392,-0.608,-1.177,-0.631,1.275,-147.2,43.2,-150.0,133.2,-9.6
512,F,11,R,H,EXTENSION,-0.679,-0.392,-0.608,-1.188,-0.625,1.272,-147.2,43.2,-150.0,133.2,-9.6
522,F,11,R,H,EXTENSION,-0.679,-0.391,-0.608,-1.212,-0.603,1.257,-147.2,43.2,-150.1,133.2,-9.6
532,F,11,R,H,EXTENSION,-0.679,-0.391,-0.608,-1.256,-0.603,1.245,-147.3,43.2,-150.1,133.2,-9.7
542,F,11,R,H,EXTENSION,-0.679,-0.390,-0.608,-1.296,-0.643,1.247,-147.3,43.2,-150.1,133.2,-9.8
552,F,11,R,H,EXTENSION,-0.680,-0.390,-0.608,-1.326,-0.684,1.241,-147.3,43.2,-150.1,133.2,-10.0
562,F,11,R,H,EXTENSION,-0.680,-0.391,-0.608,-1.358,-0.740,1.238,-147.3,43.3,-150.1,133.3,-10.0
572,F,11,R,H,EXTENSION,-0.680,-0.391,-0.609,-1.381,-0.793,1.214,-147.3,43.3,-150.1,133.3,-10.0
582,F,11,R,H,EXTENSION,-0.681,-0.391,-0.609,-1.403,-0.837,1.163,-147.3,43.2,-150.1,133.2,-10.1
592,F,11,R,H,EXTENSION,-0.681,-0.391,-0.610,-1.408,-0.878,1.114,-147.3,43.2,-150.1,133.2,-10.2
602,F,11,R,H,EXTENSION,-0.681,-0.391,-0.610,-1.404,-0.922,1.064,-147.3,43.2,-150.1,133.2,-10.2
612,F,11,R,H,EXTENSION,-0.681,-0.391,-0.610,-1.390,-0.952,1.007,-147.3,43.3,-150.2,133.3,-10.2
622,F,11,R,H,EXTENSION,-0.681,-0.391,-0.610,-1.360,-0.984,0.967,-147.3,43.2,-150.2,133.2,-10.2
632,F,11,R,H,EXTENSION,-0.681,-0.391,-0.610,-1.328,-1.027,0.922,-147.3,43.2,-150.1,133.2,-10.3
643,F,11,R,H,EXTENSION,-0.681,-0.391,-0.609,-1.319,-1.084,0.895,-147.3,43.3,-150.1,133.3,-10.3
653,F,11,R,H,EXTENSION,-0.681,-0.391,-0.610,-1.306,-1.104,0.854,-147.3,43.2,-150.1,133.2,-10.3
663,F,11,R,H,EXTENSION,-0.681,-0.391,-0.609,-1.276,-1.122,0.804,-147.3,43.3,-150.1,133.3,-10.3
673,F,11,R,H,EXTENSION,-0.681,-0.391,-0.608,-1.259,-1.150,0.789,-147.3,43.3,-150.1,133.3,-10.2
683,F,11,R,H,EXTENSION,-0.681,-0.391,-0.608,-1.245,-1.188,0.775,-147.2,43.3,-150.1,133.3,-10.2
693,F,11,R,H,EXTENSION,-0.680,-0.391,-0.608,-1.251,-1.215,0.761,-147.3,43.3,-150.1,133.3,-10.2
703,F,11,R,H,EXTENSION,-0.680,-0.391,-0.608,-1.264,-1.250,0.763,-147.3,43.2,-150.1,133.2,-10.2
713,F,11,R,H,EXTENSION,-0.679,-0.390,-0.607,-1.288,-1.264,0.762,-147.3,43.3,-150.1,133.3,-10.1
723,F,11,R,H,EXTENSION,-0.679,-0.391,-0.607,-1.323,-1.276,0.761,-147.3,43.2,-150.1,133.2,-10.2
733,F,11,R,H,EXTENSION,-0.679,-0.391,-0.608,-1.352,-1.249,0.752,-147.3,43.2,-150.1,133.2,-10.2
743,F,11,R,H,EXTENSION,-0.679,-0.391,-0.608,-1.360,-1.182,0.714,-147.3,43.2,-150.1,133.2,-10.2
753,F,11,R,H,EXTENSION,-0.678,-0.390,-0.607,-1.371,-1.118,0.667,-147.3,43.2,-150.1,133.2,-10.3
763,F,11,R,H,EXTENSION,-0.678,-0.390,-0.608,-1.380,-1.065,0.640,-147.3,43.2,-150.1,133.2,-10.4
773,F,11,R,H,EXTENSION,-0.678,-0.390,-0.607,-1.423,-1.035,0.618,-147.3,43.2,-150.1,133.2,-10.5
783,F,11,R,H,EXTENSION,-0.677,-0.390,-0.607,-1.433,-0.982,0.570,-147.2,43.2,-150.0,133.2,-10.6
793,F,11,R,H,EXTENSION,-0.677,-0.391,-0.607,-1.451,-0.912,0.516,-147.2,43.2,-150.0,133.2,-10.6
803,F,11,R,H,EXTENSION,-0.677,-0.391,-0.607,-1.460,-0.841,0.449,-147.2,43.2,-150.0,133.2,-10.6
813,F,11,R,H,EXTENSION,-0.677,-0.391,-0.607,-1.473,-0.794,0.403,-147.2,43.1,-150.0,133.1,-10.6
823,F,11,R,H,EXTENSION,-0.677,-0.391,-0.607,-1.494,-0.761,0.362,-147.2,43.1,-150.0,133.1,-10.7
833,F,11,R,H,EXTENSION,-0.677,-0.391,-0.607,-1.485,-0.705,0.298,-147.2,43.1,-150.0,133.1,-10.7
843,F,11,R,H,EXTENSION,-0.677,-0.391,-0.607,-1.461,-0.621,0.225,-147.2,43.1,-150.0,133.1,-10.7
853,F,11,R,H,EXTENSION,-0.677,-0.391,-0.608,-1.440,-0.546,0.173,-147.2,43.1,-150.0,133.1,-10.7
863,F,11,R,H,EXTENSION,-0.677,-0.391,-0.608,-1.435,-0.491,0.131,-147.2,43.1,-150.0,133.1,-10.7
873,F,11,R,H,EXTENSION,-0.677,-0.392,-0.608,-1.417,-0.428,0.108,-147.2,43.1,-150.0,133.1,-10.8
883,F,11,R,H,EXTENSION,-0.677,-0.392,-0.608,-1.398,-0.376,0.107,-147.2,43.1,-149.9,133.1,-10.9
893,F,11,R,H,EXTENSION,-0.678,-0.392,-0.608,-1.407,-0.323,0.139,-147.2,43.1,-149.9,133.1,-11.0
903,F,11,R,H,EXTENSION,-0.678,-0.392,-0.609,-1.437,-0.269,0.179,-147.2,43.1,-149.9,133.1,-11.1
913,F,11,R,H,EXTENSION,-0.678,-0.393,-0.609,-1.485,-0.242,0.260,-147.2,43.1,-149.9,133.1,-11.1
923,F,11,R,H,EXTENSION,-0.678,-0.393,-0.610,-1.550,-0.199,0.357,-147.2,43.1,-149.9,133.1,-11.2
933,F,11,R,H,EXTENSION,-0.679,-0.393,-0.611,-1.646,-0.142,0.489,-147.3,43.1,-149.9,133.1,-11.2
943,F,11,R,H,EXTENSION,-0.678,-0.393,-0.611,-1.761,-0.079,0.661,-147.3,43.0,-149.9,133.0,-11.3
954,F,11,R,H,EXTENSION,-0.678,-0.393,-0.611,-1.893,-0.002,0.850,-147.3,43.0,-149.9,133.0,-11.3
964,F,11,R,H,EXTENSION,-0.678,-0.393,-0.611,-2.033,0.101,1.072,-147.3,43.0,-149.9,133.0,-11.3
974,F,11,R,H,EXTENSION,-0.679,-0.393,-0.611,-2.187,0.207,1.338,-147.3,43.0,-149.9,133.0,-11.4
984,F,11,R,H,EXTENSION,-0.679,-0.393,-0.611,-2.357,0.329,1.640,-147.2,43.0,-149.9,133.0,-11.3
994,F,11,R,H,EXTENSION,-0.679,-0.393,-0.611,-2.517,0.476,1.990,-147.2,43.1,-149.9,133.1,-11.3
1004,F,11,R,H,EXTENSION,-0.679,-0.393,-0.611,-2.694,0.626,2.382,-147.3,43.0,-149.9,133.0,-11.4
1014,F,11,R,H,EXTENSION,-0.679,-0.393,-0.612,-2.872,0.777,2.811,-147.3,43.0,-149.9,133.0,-11.5
1024,F,11,R,H,EXTENSION,-0.679,-0.392,-0.611,-3.086,0.922,3.283,-147.3,43.1,-150.0,133.1,-11.6
1034,F,11,R,H,EXTENSION,-0.679,-0.391,-0.610,-3.320,1.079,3.871,-147.3,43.1,-150.0,133.1,-11.7
1044,F,11,R,H,EXTENSION,-0.678,-0.390,-0.610,-3.564,1.220,4.542,-147.4,43.1,-150.1,133.1,-11.8
1054,F,11,R,H,EXTENSION,-0.678,-0.389,-0.610,-3.832,1.373,5.247,-147.5,43.2,-150.2,133.2,-11.9
1064,F,11,R,H,EXTENSION,-0.678,-0.389,-0.610,-4.161,1.551,5.973,-147.5,43.1,-150.2,133.1,-11.9
1074,F,11,R,H,EXTENSION,-0.678,-0.388,-0.612,-4.501,1.844,6.637,-147.7,43.1,-150.2,133.1,-11.8
1084,F,11,R,H,EXTENSION,-0.678,-0.387,-0.613,-4.833,2.242,7.193,-147.8,43.1,-150.3,133.1,-11.8
1094,F,11,R,H,EXTENSION,-0.679,-0.386,-0.614,-5.148,2.773,7.702,-147.8,43.1,-150.4,133.1,-11.7
1104,F,11,R,H,EXTENSION,-0.680,-0.385,-0.616,-5.395,3.508,8.109,-148.0,43.1,-150.4,133.1,-11.6
1114,F,11,R,H,EXTENSION,-0.682,-0.386,-0.618,-5.556,4.405,8.391,-148.0,43.1,-150.5,133.1,-11.5
1124,F,11,R,H,EXTENSION,-0.682,-0.384,-0.619,-5.702,5.448,8.524,-148.2,43.1,-150.6,133.1,-11.5
1134,F,11,R,H,EXTENSION,-0.683,-0.383,-0.621,-5.868,6.428,8.626,-148.3,43.1,-150.7,133.1,-11.6
1144,F,11,R,H,EXTENSION,-0.682,-0.382,-0.623,-6.052,7.268,8.682,-148.5,43.0,-150.7,133.0,-11.7
1154,F,11,R,H,EXTENSION,-0.681,-0.381,-0.625,-6.261,7.898,8.788,-148.7,43.0,-150.8,133.0,-11.7
1164,F,11,R,H,EXTENSION,-0.681,-0.379,-0.628,-6.450,8.341,8.906,-148.9,42.9,-150.9,132.9,-11.7
1174,F,11,R,H,EXTENSION,-0.679,-0.377,-0.630,-6.563,8.678,8.950,-149.1,42.8,-150.9,132.8,-11.7
1184,F,11,R,H,EXTENSION,-0.678,-0.375,-0.632,-6.706,8.845,9.042,-149.3,42.7,-151.0,132.7,-11.7
1194,F,11,R,H,EXTENSION,-0.677,-0.373,-0.634,-6.871,8.844,9.201,-149.5,42.6,-151.1,132.6,-11.6
1204,F,11,R,H,EXTENSION,-0.675,-0.371,-0.636,-7.068,8.609,9.387,-149.7,42.5,-151.2,132.5,-11.5
1214,F,11,R,H,EXTENSION,-0.673,-0.369,-0.638,-7.298,8.167,9.638,-150.0,42.4,-151.3,132.4,-11.4
1224,F,11,R,H,EXTENSION,-0.672,-0.366,-0.639,-7.557,7.562,9.978,-150.2,42.4,-151.4,132.4,-11.4
1234,F,11,R,H,EXTENSION,-0.671,-0.364,-0.641,-7.812,6.800,10.385,-150.4,42.3,-151.5,132.3,-11.3
1244,F,11,R,H,EXTENSION,-0.670,-0.361,-0.642,-8.048,5.928,10.854,-150.6,42.3,-151.6,132.3,-11.4
1254,F,11,R,H,EXTENSION,-0.669,-0.359,-0.643,-8.267,4.993,11.352,-150.8,42.2,-151.8,132.2,-11.4
1265,F,11,R,H,EXTENSION,-0.669,-0.357,-0.644,-8.454,4.010,11.852,-151.0,42.2,-151.9,132.2,-11.5
1275,F,11,R,H,EXTENSION,-0.669,-0.356,-0.647,-8.535,3.158,12.238,-151.1,42.2,-152.0,132.2,-11.5
1285,F,11,R,H,EXTENSION,-0.669,-0.354,-0.647,-8.522,2.494,12.437,-151.3,42.2,-152.1,132.2,-11.6
1295,F,11,R,H,EXTENSION,-0.669,-0.352,-0.648,-8.455,1.963,12.548,-151.5,42.2,-152.2,132.2,-11.7
1305,F,11,R,H,EXTENSION,-0.670,-0.350,-0.648,-8.311,1.567,12.586,-151.6,42.3,-152.4,132.3,-11.7
1315,F,11,R,H,EXTENSION,-0.670,-0.348,-0.647,-8.095,1.285,12.531,-151.7,42.3,-152.5,132.3,-11.8
1325,F,11,R,H,EXTENSION,-0.670,-0.346,-0.646,-7.792,1.067,12.418,-151.8,42.4,-152.7,132.4,-11.8
1335,F,11,R,H,EXTENSION,-0.670,-0.344,-0.646,-7.407,0.887,12.247,-151.9,42.5,-152.8,132.5,-11.8
1345,F,11,R,H,EXTENSION,-0.670,-0.342,-0.646,-6.942,0.795,11.964,-152.1,42.5,-152.9,132.5,-11.9
1355,F,11,R,H,EXTENSION,-0.671,-0.340,-0.646,-6.468,0.731,11.627,-152.2,42.6,-153.1,132.6,-11.9
1365,F,11,R,H,EXTENSION,-0.671,-0.338,-0.646,-6.002,0.704,11.256,-152.4,42.6,-153.3,132.6,-11.9
1375,F,11,R,H,EXTENSION,-0.672,-0.336,-0.647,-5.494,0.734,10.781,-152.5,42.7,-153.4,132.7,-12.0
1385,F,11,R,H,EXTENSION,-0.673,-0.335,-0.648,-4.994,0.816,10.252,-152.7,42.7,-153.6,132.7,-12.1
1395,F,11,R,H,EXTENSION,-0.674,-0.333,-0.649,-4.483,1.030,9.650,-152.8,42.7,-153.7,132.7,-12.1
1405,F,11,R,H,EXTENSION,-0.674,-0.331,-0.650,-3.970,1.405,8.950,-153.0,42.8,-153.9,132.8,-12.0
1415,F,11,R,H,EXTENSION,-0.674,-0.329,-0.650,-3.534,1.822,8.268,-153.2,42.8,-154.0,132.8,-11.9
1425,F,11,R,H,EXTENSION,-0.674,-0.327,-0.649,-3.178,2.192,7.673,-153.3,42.8,-154.1,132.8,-11.7
1435,F,11,R,H,EXTENSION,-0.674,-0.325,-0.650,-2.872,2.511,7.180,-153.5,42.8,-154.3,132.8,-11.6
1445,F,11,R,H,EXTENSION,-0.674,-0.323,-0.651,-2.622,2.751,6.774,-153.6,42.8,-154.4,132.8,-11.6
1455,F,11,R,H,EXTENSION,-0.674,-0.322,-0.652,-2.440,2.895,6.465,-153.7,42.8,-154.5,132.8,-11.6
1465,F,11,R,H,EXTENSION,-0.674,-0.320,-0.653,-2.346,2.962,6.255,-153.9,42.8,-154.6,132.8,-11.7
1475,F,11,R,H,EXTENSION,-0.674,-0.319,-0.654,-2.316,2.956,6.134,-154.0,42.8,-154.7,132.8,-11.9
1485,F,11,R,H,EXTENSION,-0.674,-0.317,-0.655,-2.350,2.861,6.102,-154.1,42.8,-154.8,132.8,-12.0
1495,F,11,R,H,EXTENSION,-0.674,-0.316,-0.655,-2.424,2.733,6.139,-154.3,42.8,-154.9,132.8,-12.2
1505,F,11,R,H,EXTENSION,-0.675,-0.316,-0.657,-2.509,2.635,6.183,-154.3,42.8,-154.9,132.8,-12.2
1515,F,11,R,H,EXTENSION,-0.676,-0.315,-0.658,-2.562,2.635,6.151,-154.4,42.8,-155.0,132.8,-12.2
1525,F,11,R,H,EXTENSION,-0.677,-0.315,-0.659,-2.618,2.711,6.051,-154.5,42.8,-155.0,132.8,-12.2
1535,F,11,R,H,EXTENSION,-0.677,-0.315,-0.659,-2.676,2.867,5.914,-154.5,42.8,-155.1,132.8,-12.1
1545,F,11,R,H,EXTENSION,-0.678,-0.315,-0.660,-2.730,3.112,5.752,-154.5,42.8,-155.1,132.8,-12.0
1555,F,11,R,H,EXTENSION,-0.679,-0.315,-0.661,-2.759,3.447,5.561,-154.5,42.8,-155.1,132.8,-12.0
1565,F,11,R,H,EXTENSION,-0.678,-0.315,-0.663,-2.773,3.865,5.353,-154.6,42.8,-155.1,132.8,-12.0
1576,F,11,R,H,EXTENSION,-0.678,-0.315,-0.664,-2.796,4.323,5.150,-154.6,42.7,-155.1,132.7,-11.9
1586,F,11,R,H,EXTENSION,-0.677,-0.314,-0.664,-2.847,4.702,4.981,-154.7,42.7,-155.1,132.7,-11.9
1596,F,11,R,H,EXTENSION,-0.676,-0.314,-0.664,-2.929,4.954,4.851,-154.7,42.6,-155.1,132.6,-11.9
1606,F,11,R,H,EXTENSION,-0.675,-0.314,-0.665,-2.996,5.145,4.763,-154.7,42.5,-155.0,132.5,-11.9
1616,F,11,R,H,EXTENSION,-0.674,-0.314,-0.667,-3.061,5.309,4.652,-154.8,42.5,-155.0,132.5,-11.9
1626,F,11,R,H,EXTENSION,-0.673,-0.314,-0.668,-3.110,5.484,4.515,-154.8,42.4,-155.0,132.4,-12.0
1636,F,11,R,H,EXTENSION,-0.672,-0.314,-0.669,-3.147,5.702,4.368,-154.9,42.3,-155.0,132.3,-12.0
1646,F,11,R,H,EXTENSION,-0.670,-0.313,-0.670,-3.214,5.884,4.223,-154.9,42.2,-154.9,132.2,-12.0
1656,F,11,R,H,EXTENSION,-0.669,-0.312,-0.671,-3.284,6.014,4.120,-155.1,42.1,-155.0,132.1,-12.0
1666,F,11,R,H,EXTENSION,-0.667,-0.311,-0.671,-3.318,6.097,4.069,-155.1,42.1,-155.0,132.1,-11.9
1676,F,11,R,H,EXTENSION,-0.666,-0.311,-0.672,-3.371,6.147,4.070,-155.2,42.0,-155.0,132.0,-11.9
1686,F,11,R,H,EXTENSION,-0.665,-0.311,-0.673,-3.413,6.149,4.093,-155.2,41.9,-155.0,131.9,-11.8
1696,F,11,R,H,EXTENSION,-0.664,-0.311,-0.673,-3.446,6.093,4.138,-155.2,41.8,-154.9,131.8,-11.8
1706,F,11,R,H,EXTENSION,-0.663,-0.310,-0.674,-3.470,5.999,4.227,-155.3,41.8,-154.9,131.8,-11.8
1716,F,11,R,H,EXTENSION,-0.662,-0.310,-0.674,-3.470,5.863,4.362,-155.3,41.7,-154.9,131.7,-11.7
1726,F,11,R,H,EXTENSION,-0.662,-0.309,-0.676,-3.430,5.740,4.513,-155.4,41.7,-154.9,131.7,-11.7
1736,F,11,R,H,EXTENSION,-0.661,-0.309,-0.677,-3.382,5.635,4.658,-155.5,41.6,-154.9,131.6,-11.7
1746,F,11,R,H,EXTENSION,-0.660,-0.308,-0.678,-3.299,5.567,4.748,-155.6,41.5,-155.0,131.5,-11.7
1756,F,11,R,H,EXTENSION,-0.659,-0.307,-0.679,-3.211,5.530,4.749,-155.6,41.5,-155.0,131.5,-11.7
1766,F,11,R,H,EXTENSION,-0.658,-0.307,-0.680,-3.169,5.512,4.724,-155.7,41.4,-155.0,131.4,-11.6
1776,F,11,R,H,EXTENSION,-0.656,-0.306,-0.681,-3.146,5.509,4.684,-155.8,41.3,-155.0,131.3,-11.6
1786,F,11,R,H,EXTENSION,-0.655,-0.305,-0.681,-3.109,5.521,4.623,-155.8,41.3,-155.0,131.3,-11.5
1796,F,11,R,H,EXTENSION,-0.654,-0.304,-0.681,-3.108,5.487,4.525,-155.9,41.2,-155.0,131.2,-11.5
1806,F,11,R,H,EXTENSION,-0.653,-0.303,-0.681,-3.136,5.433,4.404,-156.0,41.2,-155.1,131.2,-11.5
1816,F,11,R,H,EXTENSION,-0.653,-0.303,-0.682,-3.146,5.333,4.295,-156.1,41.2,-155.1,131.2,-11.4
1826,F,11,R,H,EXTENSION,-0.653,-0.301,-0.683,-3.122,5.220,4.217,-156.2,41.1,-155.2,131.1,-11.3
1836,F,11,R,H,EXTENSION,-0.652,-0.301,-0.684,-3.042,5.141,4.156,-156.3,41.1,-155.3,131.1,-11.2
1846,F,11,R,H,EXTENSION,-0.652,-0.299,-0.685,-2.959,5.052,4.118,-156.4,41.1,-155.4,131.1,-11.2
1856,F,11,R,H,EXTENSION,-0.652,-0.298,-0.686,-2.889,4.940,4.107,-156.5,41.1,-155.4,131.1,-11.2
1866,F,11,R,H,EXTENSION,-0.652,-0.298,-0.687,-2.854,4.801,4.114,-156.6,41.1,-155.5,131.1,-11.2
1876,F,11,R,H,EXTENSION,-0.652,-0.297,-0.689,-2.837,4.664,4.141,-156.7,41.0,-155.5,131.0,-11.2
1887,F,11,R,H,EXTENSION,-0.652,-0.297,-0.690,-2.830,4.507,4.191,-156.7,41.0,-155.5,131.0,-11.3
1897,F,11,R,H,EXTENSION,-0.652,-0.296,-0.692,-2.809,4.393,4.238,-156.8,40.9,-155.6,130.9,-11.3
1907,F,11,R,H,EXTENSION,-0.652,-0.296,-0.693,-2.758,4.352,4.253,-156.9,40.9,-155.6,130.9,-11.5
1917,F,11,R,H,EXTENSION,-0.652,-0.296,-0.694,-2.710,4.382,4.239,-156.9,40.8,-155.6,130.8,-11.5
1927,F,11,R,H,EXTENSION,-0.652,-0.295,-0.695,-2.629,4.512,4.184,-157.0,40.8,-155.6,130.8,-11.5
1937,F,11,R,H,EXTENSION,-0.652,-0.295,-0.695,-2.555,4.682,4.107,-157.0,40.8,-155.7,130.8,-11.6
1947,F,11,R,H,EXTENSION,-0.652,-0.295,-0.696,-2.505,4.847,4.024,-157.0,40.8,-155.7,130.8,-11.6
1957,F,11,R,H,EXTENSION,-0.651,-0.294,-0.696,-2.472,5.019,3.940,-157.1,40.7,-155.7,130.7,-11.5
1967,F,11,R,H,EXTENSION,-0.650,-0.294,-0.697,-2.453,5.198,3.867,-157.1,40.7,-155.7,130.7,-11.4
1977,F,11,R,H,EXTENSION,-0.650,-0.294,-0.698,-2.441,5.376,3.795,-157.2,40.7,-155.7,130.7,-11.4
1987,F,11,R,H,EXTENSION,-0.650,-0.293,-0.699,-2.424,5.528,3.717,-157.2,40.6,-155.7,130.6,-11.4
1997,F,11,R,H,EXTENSION,-0.649,-0.293,-0.700,-2.409,5.677,3.642,-157.3,40.6,-155.7,130.6,-11.4
2007,F,11,R,H,EXTENSION,-0.649,-0.293,-0.701,-2.362,5.879,3.556,-157.3,40.5,-155.7,130.5,-11.4
2017,F,11,R,H,EXTENSION,-0.649,-0.293,-0.702,-2.264,6.129,3.472,-157.3,40.5,-155.7,130.5,-11.4
2027,F,11,R,H,EXTENSION,-0.648,-0.293,-0.702,-2.203,6.412,3.394,-157.3,40.4,-155.7,130.4,-11.4
2037,F,11,R,H,EXTENSION,-0.647,-0.293,-0.703,-2.204,6.726,3.324,-157.4,40.4,-155.7,130.4,-11.4
2047,F,11,R,H,EXTENSION,-0.647,-0.292,-0.704,-2.213,7.082,3.271,-157.5,40.3,-155.7,130.3,-11.4
2057,F,11,R,H,EXTENSION,-0.646,-0.292,-0.705,-2.233,7.471,3.210,-157.5,40.2,-155.7,130.2,-11.3
2067,F,11,R,H,EXTENSION,-0.645,-0.292,-0.707,-2.257,7.868,3.160,-157.6,40.1,-155.6,130.1,-11.2
2077,F,11,R,H,EXTENSION,-0.644,-0.292,-0.709,-2.218,8.292,3.066,-157.6,40.0,-155.6,130.0,-11.1
2087,F,11,R,H,EXTENSION,-0.643,-0.292,-0.711,-2.117,8.761,2.919,-157.7,39.9,-155.6,129.9,-11.0
2097,F,11,R,H,EXTENSION,-0.642,-0.292,-0.712,-2.024,9.272,2.691,-157.7,39.9,-155.6,129.9,-11.0
2107,F,11,R,H,EXTENSION,-0.641,-0.292,-0.714,-1.935,9.827,2.380,-157.8,39.7,-155.5,129.7,-11.0
2117,F,11,R,H,EXTENSION,-0.640,-0.292,-0.715,-1.823,10.423,2.031,-157.8,39.6,-155.5,129.6,-11.0
2127,F,11,R,H,EXTENSION,-0.639,-0.292,-0.717,-1.687,11.047,1.650,-157.8,39.5,-155.5,129.5,-11.0
2137,F,11,R,H,EXTENSION,-0.637,-0.292,-0.718,-1.484,11.722,1.182,-157.9,39.4,-155.4,129.4,-11.0
2147,F,11,R,H,EXTENSION,-0.636,-0.292,-0.719,-1.263,12.414,0.639,-157.9,39.3,-155.4,129.3,-11.0
2157,F,11,R,H,EXTENSION,-0.634,-0.292,-0.720,-1.039,13.086,0.095,-158.0,39.2,-155.3,129.2,-11.0
2167,F,11,R,H,EXTENSION,-0.631,-0.291,-0.721,-0.848,13.674,-0.436,-158.0,39.1,-155.2,129.1,-11.0
2177,F,11,R,H,EXTENSION,-0.628,-0.291,-0.722,-0.681,14.137,-0.915,-158.0,38.9,-155.1,128.9,-11.0
2187,F,11,R,H,EXTENSION,-0.625,-0.291,-0.723,-0.519,14.465,-1.355,-158.1,38.7,-155.0,128.7,-10.9
2198,F,11,R,H,EXTENSION,-0.622,-0.291,-0.725,-0.369,14.640,-1.781,-158.2,38.5,-155.0,128.5,-10.9
2208,F,11,R,H,EXTENSION,-0.619,-0.291,-0.727,-0.253,14.696,-2.151,-158.2,38.3,-154.9,128.3,-10.9
2218,F,11,R,H,EXTENSION,-0.616,-0.290,-0.730,-0.174,14.645,-2.413,-158.3,38.1,-154.8,128.1,-10.9
2228,F,11,R,H,EXTENSION,-0.614,-0.289,-0.732,-0.116,14.529,-2.591,-158.4,38.0,-154.8,128.0,-10.8
2238,F,11,R,H,EXTENSION,-0.611,-0.289,-0.733,-0.080,14.353,-2.691,-158.5,37.8,-154.7,127.8,-10.8
2248,F,11,R,H,EXTENSION,-0.609,-0.289,-0.735,-0.075,14.059,-2.748,-158.5,37.6,-154.6,127.6,-10.8
2258,F,11,R,H,EXTENSION,-0.606,-0.289,-0.737,-0.101,13.669,-2.747,-158.6,37.4,-154.5,127.4,-10.8
2268,F,11,R,H,EXTENSION,-0.604,-0.290,-0.739,-0.160,13.236,-2.705,-158.6,37.3,-154.4,127.3,-10.8
2278,F,11,R,H,EXTENSION,-0.602,-0.290,-0.741,-0.232,12.742,-2.613,-158.6,37.1,-154.3,127.1,-10.8
2288,F,11,R,H,EXTENSION,-0.599,-0.290,-0.742,-0.327,12.159,-2.497,-158.7,36.9,-154.2,126.9,-10.7
2298,F,11,R,H,EXTENSION,-0.597,-0.290,-0.744,-0.429,11.555,-2.381,-158.7,36.8,-154.1,126.8,-10.6
2308,F,11,R,H,EXTENSION,-0.596,-0.291,-0.746,-0.490,11.017,-2.311,-158.7,36.6,-153.9,126.6,-10.5
2318,F,11,R,H,EXTENSION,-0.595,-0.293,-0.748,-0.512,10.576,-2.268,-158.6,36.5,-153.8,126.5,-10.4
2328,F,11,R,H,EXTENSION,-0.594,-0.293,-0.749,-0.554,10.177,-2.240,-158.6,36.4,-153.7,126.4,-10.3
2338,F,11,R,H,EXTENSION,-0.592,-0.294,-0.751,-0.626,9.787,-2.202,-158.6,36.3,-153.6,126.3,-10.3
2348,F,11,R,H,EXTENSION,-0.590,-0.294,-0.751,-0.716,9.407,-2.127,-158.6,36.2,-153.5,126.2,-10.3
2358,F,11,R,H,EXTENSION,-0.589,-0.295,-0.752,-0.807,9.021,-2.021,-158.6,36.1,-153.4,126.1,-10.2
2368,F,11,R,H,EXTENSION,-0.587,-0.296,-0.753,-0.882,8.616,-1.889,-158.6,36.0,-153.3,126.0,-10.1
2378,F,11,R,H,EXTENSION,-0.586,-0.296,-0.754,-0.938,8.212,-1.760,-158.5,35.9,-153.2,125.9,-10.0
2388,F,11,R,H,EXTENSION,-0.585,-0.297,-0.755,-0.936,7.870,-1.615,-158.5,35.8,-153.1,125.8,-10.0
2398,F,11,R,H,EXTENSION,-0.584,-0.298,-0.756,-0.898,7.580,-1.478,-158.5,35.7,-153.0,125.7,-9.9
2408,F,11,R,H,EXTENSION,-0.584,-0.299,-0.757,-0.855,7.336,-1.384,-158.5,35.7,-152.9,125.7,-9.9
2418,F,11,R,H,EXTENSION,-0.583,-0.300,-0.758,-0.815,7.164,-1.331,-158.4,35.5,-152.8,125.5,-9.9
2428,F,11,R,H,EXTENSION,-0.582,-0.300,-0.759,-0.795,7.046,-1.299,-158.4,35.5,-152.7,125.5,-9.9
2438,F,11,R,H,EXTENSION,-0.580,-0.301,-0.759,-0.829,6.970,-1.266,-158.4,35.4,-152.6,125.4,-9.9
2448,F,11,R,H,EXTENSION,-0.579,-0.301,-0.759,-0.844,6.904,-1.219,-158.3,35.4,-152.5,125.4,-10.0
2458,F,11,R,H,EXTENSION,-0.578,-0.302,-0.759,-0.830,6.848,-1.171,-158.3,35.3,-152.4,125.3,-10.1
2468,F,11,R,H,EXTENSION,-0.576,-0.302,-0.759,-0.798,6.782,-1.141,-158.3,35.2,-152.4,125.2,-10.1
2478,F,11,R,H,EXTENSION,-0.575,-0.302,-0.760,-0.772,6.730,-1.094,-158.3,35.1,-152.3,125.1,-10.1
2488,F,11,R,H,EXTENSION,-0.574,-0.303,-0.761,-0.726,6.686,-1.062,-158.3,35.0,-152.2,125.0,-10.0
2498,F,11,R,H,EXTENSION,-0.573,-0.304,-0.762,-0.688,6.662,-1.043,-158.3,34.9,-152.1,124.9,-9.9
2509,F,11,R,H,EXTENSION,-0.571,-0.304,-0.762,-0.651,6.714,-1.043,-158.2,34.8,-152.0,124.8,-9.9
2519,F,11,R,H,EXTENSION,-0.571,-0.305,-0.762,-0.650,6.818,-1.041,-158.2,34.8,-151.9,124.8,-9.8
2529,F,11,R,H,EXTENSION,-0.569,-0.305,-0.763,-0.726,6.937,-1.030,-158.2,34.7,-151.8,124.7,-9.7
2539,F,11,R,H,EXTENSION,-0.567,-0.304,-0.763,-0.844,7.058,-0.973,-158.3,34.6,-151.8,124.6,-9.7
2549,F,11,R,H,EXTENSION,-0.566,-0.304,-0.763,-0.973,7.194,-0.902,-158.3,34.6,-151.7,124.6,-9.6
2559,F,11,R,H,EXTENSION,-0.565,-0.305,-0.764,-1.095,7.309,-0.838,-158.3,34.5,-151.7,124.5,-9.6
2569,F,11,R,H,EXTENSION,-0.563,-0.304,-0.764,-1.224,7.406,-0.738,-158.3,34.4,-151.7,124.4,-9.6
2579,F,11,R,H,EXTENSION,-0.563,-0.304,-0.765,-1.346,7.496,-0.640,-158.4,34.3,-151.6,124.3,-9.6
2589,F,11,R,H,EXTENSION,-0.562,-0.304,-0.767,-1.409,7.654,-0.582,-158.4,34.3,-151.6,124.3,-9.7
2599,F,11,R,H,EXTENSION,-0.562,-0.305,-0.768,-1.398,7.921,-0.575,-158.3,34.2,-151.5,124.2,-9.6
2609,F,11,R,H,EXTENSION,-0.561,-0.306,-0.768,-1.297,8.269,-0.642,-158.3,34.2,-151.4,124.2,-9.7
2619,F,11,R,H,EXTENSION,-0.561,-0.306,-0.770,-1.134,8.665,-0.787,-158.3,34.1,-151.4,124.1,-9.7
2629,F,11,R,H,EXTENSION,-0.560,-0.307,-0.770,-1.010,9.086,-0.954,-158.3,34.0,-151.3,124.0,-9.7
2639,F,11,R,H,EXTENSION,-0.558,-0.307,-0.772,-1.014,9.548,-1.142,-158.3,33.9,-151.2,123.9,-9.7
2649,F,11,R,H,EXTENSION,-0.556,-0.308,-0.773,-1.092,10.045,-1.348,-158.3,33.8,-151.0,123.8,-9.6
2659,F,11,R,H,EXTENSION,-0.555,-0.308,-0.775,-1.177,10.527,-1.547,-158.3,33.6,-151.0,123.6,-9.6
2669,F,11,R,H,EXTENSION,-0.553,-0.308,-0.777,-1.163,10.963,-1.767,-158.3,33.5,-150.8,123.5,-9.6
2679,F,11,R,H,EXTENSION,-0.552,-0.309,-0.779,-1.072,11.353,-1.987,-158.4,33.4,-150.8,123.4,-9.6
2689,F,11,R,H,EXTENSION,-0.550,-0.308,-0.780,-0.955,11.715,-2.193,-158.4,33.2,-150.7,123.2,-9.6
2699,F,11,R,H,EXTENSION,-0.548,-0.308,-0.782,-0.912,12.053,-2.356,-158.5,33.1,-150.6,123.1,-9.6
2709,F,11,R,H,EXTENSION,-0.546,-0.308,-0.783,-0.980,12.350,-2.456,-158.5,33.0,-150.5,123.0,-9.6
2719,F,11,R,H,EXTENSION,-0.543,-0.308,-0.784,-1.124,12.556,-2.469,-158.6,32.8,-150.4,122.8,-9.6
2729,F,11,R,H,EXTENSION,-0.541,-0.308,-0.786,-1.322,12.671,-2.432,-158.6,32.6,-150.3,122.6,-9.6
2739,F,11,R,H,EXTENSION,-0.538,-0.307,-0.788,-1.573,12.713,-2.366,-158.7,32.5,-150.3,122.5,-9.6
2749,F,11,R,H,EXTENSION,-0.536,-0.307,-0.790,-1.860,12.738,-2.325,-158.8,32.3,-150.2,122.3,-9.6
2759,F,11,R,H,EXTENSION,-0.533,-0.306,-0.792,-2.076,12.819,-2.256,-158.8,32.1,-150.1,122.1,-9.7
2769,F,11,R,H,EXTENSION,-0.532,-0.306,-0.795,-2.242,12.920,-2.207,-158.9,32.0,-150.1,122.0,-9.8
2779,F,11,R,H,EXTENSION,-0.530,-0.306,-0.797,-2.326,13.078,-2.173,-159.0,31.8,-150.0,121.8,-9.9
2789,F,11,R,H,EXTENSION,-0.528,-0.307,-0.799,-2.379,13.248,-2.183,-159.0,31.7,-149.8,121.7,-9.9
2799,F,11,R,H,EXTENSION,-0.527,-0.308,-0.800,-2.397,13.423,-2.231,-158.9,31.6,-149.7,121.6,-9.9
2809,F,11,R,H,EXTENSION,-0.525,-0.309,-0.802,-2.391,13.592,-2.304,-158.9,31.4,-149.5,121.4,-9.9
2820,F,11,R,H,EXTENSION,-0.523,-0.310,-0.802,-2.387,13.750,-2.389,-158.9,31.3,-149.4,121.3,-9.8
2830,F,11,R,H,EXTENSION,-0.521,-0.310,-0.803,-2.434,13.871,-2.479,-158.9,31.2,-149.2,121.2,-9.6
2840,F,11,R,H,EXTENSION,-0.519,-0.310,-0.804,-2.517,13.982,-2.502,-158.9,31.0,-149.1,121.0,-9.5
2850,F,11,R,H,EXTENSION,-0.516,-0.310,-0.805,-2.598,14.085,-2.479,-158.9,30.9,-149.0,120.9,-9.3
2860,F,11,R,H,EXTENSION,-0.513,-0.311,-0.806,-2.650,14.147,-2.434,-158.9,30.7,-148.8,120.7,-9.2
2870,F,11,R,H,EXTENSION,-0.510,-0.311,-0.807,-2.581,14.234,-2.413,-158.9,30.5,-148.6,120.5,-9.1
2880,F,11,R,H,EXTENSION,-0.507,-0.312,-0.808,-2.427,14.391,-2.434,-158.9,30.4,-148.4,120.4,-9.1
2890,F,11,R,H,EXTENSION,-0.504,-0.312,-0.808,-2.295,14.549,-2.493,-158.9,30.2,-148.2,120.2,-9.1
2900,F,11,R,H,EXTENSION,-0.501,-0.313,-0.809,-2.256,14.717,-2.570,-158.9,30.0,-148.0,120.0,-9.2
2910,F,11,R,H,EXTENSION,-0.498,-0.313,-0.810,-2.274,14.925,-2.676,-158.9,29.8,-147.9,119.8,-9.2
2920,F,11,R,H,EXTENSION,-0.495,-0.313,-0.812,-2.287,15.167,-2.777,-158.9,29.6,-147.7,119.6,-9.2
2930,F,11,R,H,EXTENSION,-0.491,-0.312,-0.813,-2.339,15.382,-2.857,-159.0,29.4,-147.6,119.4,-9.2
2940,F,11,R,H,EXTENSION,-0.488,-0.312,-0.814,-2.429,15.589,-2.930,-159.0,29.2,-147.4,119.2,-9.2
2950,F,11,R,H,EXTENSION,-0.485,-0.312,-0.815,-2.542,15.810,-3.019,-159.0,29.1,-147.2,119.1,-9.2
2960,F,11,R,H,EXTENSION,-0.482,-0.312,-0.816,-2.642,16.028,-3.114,-159.1,28.9,-147.1,118.9,-9.3
2970,F,11,R,H,EXTENSION,-0.479,-0.312,-0.818,-2.737,16.274,-3.185,-159.1,28.7,-147.0,118.7,-9.3
2980,F,11,R,H,EXTENSION,-0.476,-0.311,-0.819,-2.918,16.471,-3.285,-159.2,28.5,-146.8,118.5,-9.3
2990,F,11,R,H,EXTENSION,-0.472,-0.310,-0.820,-3.174,16.690,-3.341,-159.3,28.3,-146.7,118.3,-9.3
3000,F,11,R,H,EXTENSION,-0.468,-0.309,-0.822,-3.434,16.839,-3.345,-159.4,28.1,-146.6,118.1,-9.3
3010,F,11,R,H,EXTENSION,-0.466,-0.309,-0.824,-3.709,16.910,-3.294,-159.5,27.9,-146.5,117.9,-9.4
3020,F,11,R,H,EXTENSION,-0.463,-0.308,-0.825,-3.991,16.936,-3.218,-159.5,27.7,-146.4,117.7,-9.4
3030,F,11,R,H,EXTENSION,-0.461,-0.308,-0.827,-4.297,16.925,-3.120,-159.6,27.6,-146.2,117.6,-9.4
3040,F,11,R,H,EXTENSION,-0.459,-0.308,-0.829,-4.562,16.956,-3.024,-159.6,27.4,-146.1,117.4,-9.3
3050,F,11,R,H,EXTENSION,-0.458,-0.308,-0.831,-4.773,17.062,-2.971,-159.7,27.3,-146.1,117.3,-9.3
3060,F,11,R,H,EXTENSION,-0.456,-0.308,-0.833,-4.974,17.226,-2.945,-159.7,27.2,-146.0,117.2,-9.2
3070,F,11,R,H,EXTENSION,-0.454,-0.309,-0.835,-5.170,17.467,-2.962,-159.7,27.0,-145.8,117.0,-9.1
3080,F,11,R,H,EXTENSION,-0.452,-0.308,-0.837,-5.395,17.819,-3.014,-159.8,26.9,-145.7,116.9,-9.0
3090,F,11,R,H,EXTENSION,-0.451,-0.308,-0.840,-5.670,18.214,-3.061,-159.9,26.7,-145.7,116.7,-9.0
3100,F,11,R,H,EXTENSION,-0.448,-0.307,-0.843,-5.897,18.583,-3.129,-160.0,26.5,-145.5,116.5,-9.0
3110,F,11,R,H,EXTENSION,-0.445,-0.307,-0.845,-6.142,18.920,-3.222,-160.0,26.3,-145.4,116.3,-9.1
3120,F,11,R,H,EXTENSION,-0.442,-0.306,-0.848,-6.391,19.191,-3.345,-160.1,26.1,-145.2,116.1,-9.1
3131,F,11,R,H,EXTENSION,-0.438,-0.306,-0.850,-6.669,19.380,-3.486,-160.2,25.9,-145.1,115.9,-9.2
3141,F,11,R,H,EXTENSION,-0.434,-0.305,-0.852,-6.916,19.526,-3.642,-160.3,25.6,-144.9,115.6,-9.2
3151,F,11,R,H,EXTENSION,-0.430,-0.305,-0.854,-7.150,19.644,-3.790,-160.3,25.4,-144.7,115.4,-9.2
3161,F,11,R,H,EXTENSION,-0.427,-0.304,-0.856,-7.401,19.664,-3.905,-160.4,25.2,-144.5,115.2,-9.3
3171,F,11,R,H,EXTENSION,-0.424,-0.304,-0.858,-7.667,19.608,-4.012,-160.5,25.0,-144.3,115.0,-9.2
3181,F,11,R,H,EXTENSION,-0.420,-0.303,-0.861,-7.893,19.473,-4.146,-160.6,24.7,-144.2,114.7,-9.2
3191,F,11,R,H,EXTENSION,-0.417,-0.303,-0.863,-7.956,19.356,-4.192,-160.7,24.5,-144.0,114.5,-9.3
3201,F,11,R,H,EXTENSION,-0.414,-0.303,-0.866,-7.929,19.235,-4.177,-160.7,24.3,-143.8,114.3,-9.4
3211,F,11,R,H,EXTENSION,-0.411,-0.303,-0.869,-7.865,19.139,-4.134,-160.7,24.1,-143.6,114.1,-9.4
3221,F,11,R,H,EXTENSION,-0.407,-0.304,-0.871,-7.742,19.111,-4.116,-160.7,23.8,-143.2,113.8,-9.4
3231,F,11,R,H,EXTENSION,-0.404,-0.306,-0.872,-7.577,19.126,-4.138,-160.7,23.6,-142.9,113.6,-9.4
3241,F,11,R,H,EXTENSION,-0.401,-0.306,-0.873,-7.386,19.191,-4.200,-160.7,23.4,-142.6,113.4,-9.5
3251,F,11,R,H,EXTENSION,-0.397,-0.307,-0.875,-7.228,19.306,-4.254,-160.7,23.2,-142.3,113.2,-9.6
3261,F,11,R,H,EXTENSION,-0.393,-0.307,-0.876,-7.135,19.436,-4.299,-160.7,22.9,-142.0,112.9,-9.6
3271,F,11,R,H,EXTENSION,-0.389,-0.307,-0.877,-7.093,19.548,-4.269,-160.7,22.7,-141.7,112.7,-9.7
3281,F,11,R,H,EXTENSION,-0.384,-0.308,-0.877,-6.993,19.629,-4.212,-160.7,22.4,-141.3,112.4,-9.6
3291,F,11,R,H,EXTENSION,-0.380,-0.307,-0.878,-6.828,19.630,-4.155,-160.7,22.2,-141.0,112.2,-9.6
3301,F,11,R,H,EXTENSION,-0.375,-0.307,-0.880,-6.605,19.584,-4.084,-160.8,21.9,-140.7,111.9,-9.6
3311,F,11,R,H,EXTENSION,-0.371,-0.307,-0.881,-6.358,19.487,-4.050,-160.8,21.7,-140.5,111.7,-9.6
3321,F,11,R,H,EXTENSION,-0.368,-0.306,-0.883,-6.097,19.364,-4.019,-160.9,21.5,-140.2,111.5,-9.6
3331,F,11,R,H,EXTENSION,-0.364,-0.305,-0.885,-5.857,19.188,-3.948,-161.0,21.3,-140.0,111.3,-9.6
3341,F,11,R,H,EXTENSION,-0.360,-0.304,-0.887,-5.649,18.945,-3.833,-161.1,21.0,-139.8,111.0,-9.6
3351,F,11,R,H,EXTENSION,-0.357,-0.303,-0.889,-5.475,18.686,-3.654,-161.2,20.8,-139.6,110.8,-9.6
3361,F,11,R,H,EXTENSION,-0.353,-0.303,-0.890,-5.336,18.416,-3.489,-161.2,20.6,-139.4,110.6,-9.6
3371,F,11,R,H,EXTENSION,-0.350,-0.302,-0.891,-5.265,18.135,-3.289,-161.3,20.4,-139.3,110.4,-9.5
3381,F,11,R,H,EXTENSION,-0.348,-0.300,-0.894,-5.195,17.884,-3.051,-161.4,20.2,-139.2,110.2,-9.5
3391,F,11,R,H,EXTENSION,-0.345,-0.299,-0.896,-5.062,17.702,-2.740,-161.5,20.1,-139.1,110.1,-9.5
3401,F,11,R,H,EXTENSION,-0.342,-0.298,-0.898,-4.879,17.607,-2.431,-161.7,19.9,-139.0,109.9,-9.5
3411,F,11,R,H,EXTENSION,-0.338,-0.297,-0.900,-4.657,17.520,-2.127,-161.7,19.6,-138.7,109.6,-9.5
3421,F,11,R,H,EXTENSION,-0.335,-0.297,-0.901,-4.401,17.460,-1.874,-161.7,19.4,-138.4,109.4,-9.6
3431,F,11,R,H,EXTENSION,-0.332,-0.297,-0.902,-4.070,17.419,-1.710,-161.8,19.2,-138.1,109.2,-9.6
3442,F,11,R,H,EXTENSION,-0.329,-0.298,-0.902,-3.761,17.414,-1.622,-161.7,19.1,-137.8,109.1,-9.6
3452,F,11,R,H,EXTENSION,-0.326,-0.297,-0.903,-3.626,17.376,-1.615,-161.8,18.9,-137.7,108.9,-9.5
3462,F,11,R,H,EXTENSION,-0.322,-0.296,-0.904,-3.635,17.211,-1.629,-161.8,18.7,-137.4,108.7,-9.5
3472,F,11,R,H,EXTENSION,-0.319,-0.296,-0.905,-3.843,17.056,-1.604,-161.9,18.5,-137.2,108.5,-9.4
3482,F,11,R,H,EXTENSION,-0.317,-0.295,-0.908,-4.330,17.025,-1.565,-162.0,18.4,-137.1,108.4,-9.4
3492,F,11,R,H,EXTENSION,-0.315,-0.294,-0.910,-4.862,16.995,-1.545,-162.1,18.2,-136.9,108.2,-9.3
3502,F,11,R,H,EXTENSION,-0.311,-0.293,-0.912,-5.022,16.773,-1.580,-162.2,18.0,-136.7,108.0,-9.2
3512,F,11,R,H,EXTENSION,-0.309,-0.291,-0.913,-4.905,16.483,-1.595,-162.4,17.9,-136.7,107.9,-9.2
3522,F,11,R,H,EXTENSION,-0.307,-0.289,-0.916,-4.905,16.329,-1.591,-162.5,17.7,-136.7,107.7,-9.2
3532,F,11,R,H,EXTENSION,-0.304,-0.289,-0.917,-5.108,16.314,-1.573,-162.5,17.5,-136.4,107.5,-9.1
3542,F,11,R,H,EXTENSION,-0.301,-0.288,-0.919,-5.319,16.155,-1.537,-162.6,17.3,-136.2,107.3,-9.0
3552,F,11,R,H,EXTENSION,-0.298,-0.288,-0.921,-5.441,15.785,-1.468,-162.6,17.2,-136.0,107.2,-8.8
3562,F,11,R,H,EXTENSION,-0.296,-0.288,-0.924,-5.373,15.251,-1.389,-162.7,17.0,-135.8,107.0,-8.7
3572,F,11,R,H,EXTENSION,-0.294,-0.288,-0.926,-5.199,14.756,-1.298,-162.7,16.9,-135.7,106.9,-8.5
3582,F,11,R,H,EXTENSION,-0.292,-0.288,-0.928,-5.028,14.453,-1.209,-162.8,16.8,-135.5,106.8,-8.4
3592,F,11,R,H,EXTENSION,-0.291,-0.288,-0.930,-4.822,14.385,-1.130,-162.8,16.6,-135.2,106.6,-8.3
3602,F,11,R,H,EXTENSION,-0.287,-0.288,-0.930,-4.603,14.319,-1.063,-162.8,16.4,-134.9,106.4,-8.1
3612,F,11,R,H,EXTENSION,-0.284,-0.288,-0.931,-4.424,14.135,-0.959,-162.8,16.2,-134.6,106.2,-8.0
3622,F,11,R,H,EXTENSION,-0.280,-0.288,-0.933,-4.304,13.781,-0.804,-162.9,16.0,-134.2,106.0,-7.9
3632,F,11,R,H,EXTENSION,-0.278,-0.287,-0.935,-4.197,13.297,-0.611,-162.9,15.9,-134.1,105.9,-7.8
3642,F,11,R,H,EXTENSION,-0.276,-0.287,-0.936,-4.017,12.793,-0.422,-163.0,15.8,-133.9,105.8,-7.7
3652,F,11,R,H,EXTENSION,-0.274,-0.286,-0.936,-3.787,12.333,-0.200,-163.0,15.6,-133.8,105.6,-7.6
3662,F,11,R,H,EXTENSION,-0.271,-0.285,-0.937,-3.402,11.900,0.026,-163.1,15.5,-133.6,105.5,-7.6
3672,F,11,R,H,EXTENSION,-0.270,-0.284,-0.937,-2.898,11.488,0.229,-163.1,15.4,-133.5,105.4,-7.6
3682,F,11,R,H,EXTENSION,-0.269,-0.284,-0.938,-2.557,11.152,0.393,-163.1,15.3,-133.4,105.3,-7.7
3692,F,11,R,H,EXTENSION,-0.267,-0.285,-0.938,-2.318,10.918,0.527,-163.1,15.3,-133.2,105.3,-7.9
3702,F,11,R,H,EXTENSION,-0.267,-0.286,-0.939,-2.168,10.688,0.654,-163.1,15.2,-133.0,105.2,-8.0
3712,F,11,R,H,EXTENSION,-0.266,-0.287,-0.939,-2.158,10.588,0.732,-163.0,15.1,-132.9,105.1,-8.1
3722,F,11,R,H,EXTENSION,-0.265,-0.287,-0.940,-2.224,10.599,0.785,-163.0,15.1,-132.7,105.1,-8.3
3732,F,11,R,H,EXTENSION,-0.263,-0.288,-0.940,-2.310,10.730,0.789,-163.0,15.0,-132.5,105.0,-8.4
3742,F,11,R,H,EXTENSION,-0.262,-0.288,-0.940,-2.453,10.958,0.753,-163.0,14.9,-132.3,104.9,-8.4
3753,F,11,R,H,EXTENSION,-0.259,-0.289,-0.940,-2.661,11.228,0.747,-162.9,14.8,-131.9,104.8,-8.5
3763,F,11,R,H,EXTENSION,-0.257,-0.289,-0.939,-2.905,11.465,0.714,-162.9,14.7,-131.6,104.7,-8.5
3773,F,11,R,H,EXTENSION,-0.255,-0.290,-0.938,-3.225,11.763,0.706,-162.8,14.5,-131.3,104.5,-8.5
3783,F,11,R,H,EXTENSION,-0.252,-0.290,-0.938,-3.662,12.141,0.710,-162.8,14.4,-131.0,104.4,-8.5
3793,F,11,R,H,EXTENSION,-0.250,-0.290,-0.938,-4.166,12.533,0.712,-162.8,14.3,-130.7,104.3,-8.5
3803,F,11,R,H,EXTENSION,-0.246,-0.290,-0.939,-4.694,12.886,0.704,-162.8,14.1,-130.4,104.1,-8.5
3813,F,11,R,H,EXTENSION,-0.243,-0.290,-0.940,-5.129,13.185,0.696,-162.9,13.9,-130.1,103.9,-8.5
3823,F,11,R,H,EXTENSION,-0.241,-0.289,-0.940,-5.422,13.472,0.690,-162.9,13.7,-129.8,103.7,-8.6
3833,F,11,R,H,EXTENSION,-0.238,-0.288,-0.940,-5.643,13.816,0.629,-163.0,13.6,-129.5,103.6,-8.7
3843,F,11,R,H,EXTENSION,-0.236,-0.287,-0.940,-5.829,14.138,0.546,-163.0,13.5,-129.4,103.5,-8.6
3853,F,11,R,H,EXTENSION,-0.232,-0.285,-0.941,-5.926,14.468,0.429,-163.1,13.3,-129.1,103.3,-8.7
3863,F,11,R,H,EXTENSION,-0.228,-0.284,-0.942,-5.947,14.777,0.293,-163.2,13.1,-128.8,103.1,-8.7
3873,F,11,R,H,EXTENSION,-0.225,-0.283,-0.942,-5.963,14.959,0.127,-163.3,12.9,-128.5,102.9,-8.6
3883,F,11,R,H,EXTENSION,-0.222,-0.281,-0.943,-5.960,15.024,-0.058,-163.4,12.7,-128.4,102.7,-8.6
3893,F,11,R,H,EXTENSION,-0.219,-0.279,-0.945,-5.947,15.066,-0.208,-163.5,12.6,-128.1,102.6,-8.6
3903,F,11,R,H,EXTENSION,-0.218,-0.278,-0.947,-5.905,15.035,-0.338,-163.6,12.4,-128.1,102.4,-8.6
3913,F,11,R,H,EXTENSION,-0.215,-0.277,-0.947,-5.839,15.062,-0.471,-163.7,12.3,-127.9,102.3,-8.6
3923,F,11,R,H,EXTENSION,-0.213,-0.275,-0.948,-5.795,15.108,-0.612,-163.8,12.2,-127.7,102.2,-8.5
3933,F,11,R,H,EXTENSION,-0.210,-0.275,-0.950,-5.730,15.171,-0.745,-163.9,12.0,-127.5,102.0,-8.4
3943,F,11,R,H,EXTENSION,-0.209,-0.273,-0.952,-5.653,15.215,-0.832,-164.0,11.9,-127.4,101.9,-8.4
3953,F,11,R,H,EXTENSION,-0.206,-0.273,-0.954,-5.572,15.286,-0.921,-164.0,11.7,-127.1,101.7,-8.4
3963,F,11,R,H,EXTENSION,-0.204,-0.272,-0.956,-5.542,15.356,-1.020,-164.1,11.6,-126.8,101.6,-8.4
3973,F,11,R,H,EXTENSION,-0.201,-0.271,-0.957,-5.662,15.397,-1.108,-164.2,11.4,-126.6,101.4,-8.6
3983,F,11,R,H,EXTENSION,-0.200,-0.271,-0.958,-5.943,15.513,-1.211,-164.2,11.3,-126.3,101.3,-8.7
3993,F,11,R,H,EXTENSION,-0.197,-0.270,-0.959,-6.260,15.719,-1.325,-164.3,11.2,-126.0,101.2,-8.7
4003,F,11,R,H,EXTENSION,-0.193,-0.269,-0.959,-6.595,15.911,-1.410,-164.3,11.0,-125.7,101.0,-8.7
4013,F,11,R,H,EXTENSION,-0.189,-0.268,-0.961,-6.932,15.993,-1.466,-164.4,10.7,-125.2,100.7,-8.7
4023,F,11,R,H,EXTENSION,-0.186,-0.266,-0.962,-7.201,15.894,-1.506,-164.6,10.6,-125.0,100.6,-8.7
4033,F,11,R,H,EXTENSION,-0.183,-0.264,-0.964,-7.383,15.774,-1.516,-164.7,10.4,-124.8,100.4,-8.6
4043,F,11,R,H,EXTENSION,-0.181,-0.262,-0.965,-7.561,15.701,-1.537,-164.8,10.3,-124.6,100.3,-8.6
4053,F,11,R,H,EXTENSION,-0.179,-0.261,-0.965,-7.683,15.709,-1.564,-164.9,10.1,-124.4,100.1,-8.6
4064,F,11,R,H,EXTENSION,-0.175,-0.260,-0.966,-7.782,15.789,-1.593,-164.9,9.9,-124.0,99.9,-8.6
4074,F,11,R,H,EXTENSION,-0.172,-0.259,-0.967,-7.812,15.867,-1.631,-165.0,9.8,-123.6,99.8,-8.7
4084,F,11,R,H,EXTENSION,-0.170,-0.258,-0.967,-7.838,15.972,-1.625,-165.0,9.7,-123.4,99.7,-8.7
4094,F,11,R,H,EXTENSION,-0.167,-0.257,-0.967,-7.845,16.113,-1.587,-165.1,9.5,-123.1,99.5,-8.7
4104,F,11,R,H,EXTENSION,-0.163,-0.256,-0.967,-7.865,16.373,-1.578,-165.2,9.3,-122.5,99.3,-8.8
4114,F,11,R,H,EXTENSION,-0.160,-0.255,-0.968,-7.859,16.523,-1.545,-165.2,9.1,-122.1,99.1,-8.8
4124,F,11,R,H,EXTENSION,-0.158,-0.255,-0.970,-7.797,16.688,-1.493,-165.3,9.0,-121.8,99.0,-8.8
4134,F,11,R,H,EXTENSION,-0.156,-0.256,-0.971,-7.598,16.866,-1.414,-165.3,8.8,-121.5,98.8,-8.8
4144,F,11,R,H,EXTENSION,-0.153,-0.256,-0.973,-7.313,17.143,-1.342,-165.3,8.7,-121.0,98.7,-8.8
4154,F,11,R,H,EXTENSION,-0.149,-0.256,-0.973,-7.099,17.554,-1.298,-165.3,8.4,-120.2,98.4,-8.9
4164,F,11,R,H,EXTENSION,-0.147,-0.256,-0.973,-7.179,18.038,-1.270,-165.2,8.3,-119.8,98.3,-8.9
4174,F,11,R,H,EXTENSION,-0.142,-0.257,-0.972,-7.542,18.649,-1.356,-165.2,8.0,-119.0,98.0,-8.9
4184,F,11,R,H,EXTENSION,-0.137,-0.256,-0.971,-8.139,19.096,-1.438,-165.2,7.8,-118.2,97.8,-8.8
4194,F,11,R,H,EXTENSION,-0.133,-0.255,-0.972,-8.856,19.341,-1.528,-165.3,7.5,-117.5,97.5,-8.7
4204,F,11,R,H,EXTENSION,-0.128,-0.253,-0.972,-9.631,19.460,-1.608,-165.4,7.3,-116.8,97.3,-8.7
4214,F,11,R,H,EXTENSION,-0.124,-0.251,-0.972,-10.364,19.534,-1.680,-165.5,7.0,-116.3,97.0,-8.6
4224,F,11,R,H,EXTENSION,-0.120,-0.248,-0.973,-10.917,19.575,-1.751,-165.7,6.8,-115.8,96.8,-8.6
4234,F,11,R,H,EXTENSION,-0.117,-0.245,-0.974,-11.263,19.716,-1.775,-165.9,6.6,-115.5,96.6,-8.6
4244,F,11,R,H,EXTENSION,-0.113,-0.242,-0.975,-11.344,19.971,-1.809,-166.1,6.4,-115.1,96.4,-8.5
4254,F,11,R,H,EXTENSION,-0.109,-0.240,-0.974,-11.236,20.238,-1.851,-166.2,6.2,-114.5,96.2,-8.5
4264,F,11,R,H,EXTENSION,-0.104,-0.238,-0.973,-11.091,20.426,-1.903,-166.3,6.0,-113.7,96.0,-8.4
4274,F,11,R,H,EXTENSION,-0.100,-0.236,-0.974,-11.013,20.510,-1.911,-166.4,5.7,-112.9,95.7,-8.3
4284,F,11,R,H,EXTENSION,-0.095,-0.235,-0.975,-11.042,20.533,-1.919,-166.4,5.4,-112.0,95.4,-8.2
4294,F,11,R,H,EXTENSION,-0.090,-0.235,-0.976,-11.086,20.426,-1.889,-166.5,5.1,-111.0,95.1,-8.1
4304,F,11,R,H,EXTENSION,-0.087,-0.233,-0.977,-11.165,20.328,-1.857,-166.6,4.9,-110.4,94.9,-8.1
4314,F,11,R,H,EXTENSION,-0.083,-0.232,-0.978,-11.321,20.293,-1.812,-166.6,4.7,-109.7,94.7,-8.1
4324,F,11,R,H,EXTENSION,-0.079,-0.231,-0.978,-11.533,20.289,-1.766,-166.7,4.5,-108.8,94.5,-8.2
4334,F,11,R,H,EXTENSION,-0.075,-0.228,-0.979,-11.783,20.205,-1.705,-166.9,4.3,-108.2,94.3,-8.4
4344,F,11,R,H,EXTENSION,-0.071,-0.227,-0.980,-11.997,20.082,-1.631,-167.0,4.0,-107.4,94.0,-8.5
4354,F,11,R,H,EXTENSION,-0.068,-0.225,-0.982,-12.152,19.951,-1.550,-167.1,3.9,-106.8,93.9,-8.7
4364,F,11,R,H,EXTENSION,-0.065,-0.223,-0.983,-12.223,19.826,-1.485,-167.2,3.7,-106.2,93.7,-8.9
4375,F,11,R,H,EXTENSION,-0.061,-0.222,-0.984,-12.208,19.687,-1.440,-167.3,3.5,-105.5,93.5,-9.0
4385,F,11,R,H,EXTENSION,-0.058,-0.220,-0.986,-12.161,19.496,-1.427,-167.4,3.3,-104.8,93.3,-9.0
4395,F,11,R,H,EXTENSION,-0.055,-0.219,-0.988,-12.097,19.304,-1.419,-167.5,3.1,-104.2,93.1,-9.0
4405,F,11,R,H,EXTENSION,-0.051,-0.217,-0.990,-12.042,19.087,-1.448,-167.6,2.9,-103.2,92.9,-8.9
4415,F,11,R,H,EXTENSION,-0.047,-0.216,-0.991,-12.086,18.857,-1.446,-167.7,2.7,-102.4,92.7,-8.9
4425,F,11,R,H,EXTENSION,-0.044,-0.214,-0.992,-12.134,18.647,-1.439,-167.8,2.5,-101.6,92.5,-8.8
4435,F,11,R,H,EXTENSION,-0.041,-0.213,-0.994,-12.138,18.453,-1.428,-167.9,2.3,-100.8,92.3,-8.9
4445,F,11,R,H,EXTENSION,-0.037,-0.211,-0.996,-12.112,18.195,-1.420,-168.1,2.1,-100.0,92.1,-8.9
4455,F,11,R,H,EXTENSION,-0.034,-0.208,-0.998,-12.054,17.878,-1.376,-168.2,1.9,-99.3,91.9,-9.0
4465,F,11,R,H,EXTENSION,-0.031,-0.206,-1.000,-11.964,17.530,-1.296,-168.4,1.8,-98.7,91.8,-9.1
4475,F,11,R,H,EXTENSION,-0.029,-0.204,-1.000,-11.860,17.287,-1.189,-168.5,1.6,-98.1,91.6,-9.1
4485,F,11,R,H,EXTENSION,-0.026,-0.202,-1.002,-11.752,17.087,-1.103,-168.6,1.5,-97.4,91.5,-9.1
4495,F,11,R,H,EXTENSION,-0.023,-0.200,-1.003,-11.630,16.878,-1.027,-168.7,1.3,-96.6,91.3,-9.0
4505,F,11,R,H,EXTENSION,-0.021,-0.198,-1.005,-11.484,16.614,-0.951,-168.8,1.2,-95.9,91.2,-8.9
4515,F,11,R,H,EXTENSION,-0.018,-0.196,-1.005,-11.303,16.355,-0.869,-168.9,1.0,-95.1,91.0,-8.9
4525,F,11,R,H,EXTENSION,-0.014,-0.195,-1.006,-11.175,16.132,-0.778,-169.0,0.8,-94.1,90.8,-8.9
4535,F,11,R,H,EXTENSION,-0.011,-0.193,-1.006,-11.132,15.908,-0.656,-169.1,0.6,-93.3,90.6,-9.0
4545,F,11,R,H,EXTENSION,-0.007,-0.192,-1.006,-11.155,15.665,-0.535,-169.2,0.4,-92.1,90.4,-9.1
4555,F,11,R,H,EXTENSION,-0.004,-0.191,-1.005,-11.171,15.318,-0.392,-169.3,0.2,-91.3,90.2,-9.3
4565,F,11,R,H,EXTENSION,-0.002,-0.189,-1.006,-11.146,14.949,-0.243,-169.3,0.1,-90.5,90.1,-9.5
4575,F,11,R,H,EXTENSION,0.001,-0.187,-1.006,-11.106,14.635,-0.104,-169.4,-0.1,-89.6,89.9,-9.7
4585,F,11,R,H,EXTENSION,0.005,-0.186,-1.007,-11.065,14.364,0.014,-169.5,-0.3,-88.6,89.7,-9.8
4595,F,11,R,H,EXTENSION,0.008,-0.185,-1.007,-11.037,14.119,0.103,-169.6,-0.4,-87.6,89.6,-9.9
4605,F,11,R,H,EXTENSION,0.011,-0.183,-1.007,-10.967,13.872,0.191,-169.7,-0.6,-86.6,89.4,-9.9
4615,F,11,R,H,EXTENSION,0.014,-0.181,-1.007,-10.879,13.639,0.310,-169.8,-0.8,-85.5,89.2,-9.9
4625,F,11,R,H,EXTENSION,0.017,-0.179,-1.006,-10.775,13.397,0.402,-169.9,-0.9,-84.6,89.1,-9.9
4635,F,11,R,H,EXTENSION,0.019,-0.176,-1.006,-10.666,13.149,0.475,-170.1,-1.1,-83.7,88.9,-9.9
4645,F,11,R,H,EXTENSION,0.023,-0.174,-1.007,-10.543,12.950,0.533,-170.2,-1.3,-82.6,88.7,-9.9
4655,F,11,R,H,EXTENSION,0.025,-0.173,-1.007,-10.358,12.684,0.589,-170.3,-1.4,-81.7,88.6,-9.9
4665,F,11,R,H,EXTENSION,0.027,-0.171,-1.006,-10.175,12.426,0.633,-170.3,-1.5,-81.0,88.5,-10.0
4675,F,11,R,H,EXTENSION,0.029,-0.170,-1.006,-10.047,12.234,0.654,-170.4,-1.6,-80.3,88.4,-10.1
4686,F,11,R,H,EXTENSION,0.031,-0.168,-1.006,-9.946,12.070,0.664,-170.5,-1.7,-79.6,88.3,-10.2
4696,F,11,R,H,EXTENSION,0.033,-0.167,-1.005,-9.860,11.946,0.703,-170.6,-1.9,-78.8,88.1,-10.3
4706,F,11,R,H,EXTENSION,0.035,-0.166,-1.004,-9.824,11.907,0.744,-170.6,-1.9,-78.2,88.1,-10.4
4716,F,11,R,H,EXTENSION,0.037,-0.165,-1.004,-9.768,11.889,0.797,-170.7,-2.1,-77.4,87.9,-10.4
4726,F,11,R,H,EXTENSION,0.039,-0.164,-1.004,-9.703,11.864,0.829,-170.7,-2.2,-76.6,87.8,-10.5
4736,F,11,R,H,EXTENSION,0.041,-0.163,-1.003,-9.675,11.819,0.828,-170.8,-2.3,-75.9,87.7,-10.5
4746,F,11,R,H,EXTENSION,0.043,-0.161,-1.002,-9.682,11.771,0.811,-170.9,-2.5,-74.9,87.5,-10.6
4756,F,11,R,H,EXTENSION,0.045,-0.158,-1.002,-9.739,11.743,0.783,-171.0,-2.6,-74.0,87.4,-10.5
4766,F,11,R,H,EXTENSION,0.047,-0.156,-1.001,-9.834,11.752,0.751,-171.1,-2.7,-73.1,87.3,-10.5
4776,F,11,R,H,EXTENSION,0.049,-0.155,-1.001,-9.902,11.817,0.732,-171.2,-2.8,-72.3,87.2,-10.6
4786,F,11,R,H,EXTENSION,0.052,-0.153,-1.001,-9.902,11.856,0.747,-171.3,-2.9,-71.4,87.1,-10.6
4796,F,11,R,H,EXTENSION,0.054,-0.151,-1.002,-9.769,11.818,0.791,-171.4,-3.0,-70.5,87.0,-10.6
4806,F,11,R,H,EXTENSION,0.056,-0.149,-1.004,-9.469,11.692,0.854,-171.5,-3.2,-69.4,86.8,-10.7
4816,F,11,R,H,EXTENSION,0.059,-0.147,-1.006,-9.085,11.494,0.902,-171.7,-3.3,-68.3,86.7,-10.8
4826,F,11,R,H,EXTENSION,0.061,-0.146,-1.007,-8.669,11.278,0.945,-171.7,-3.4,-67.3,86.6,-10.8
4836,F,11,R,H,EXTENSION,0.064,-0.145,-1.008,-8.286,11.054,0.984,-171.8,-3.6,-66.1,86.4,-10.8
4846,F,11,R,H,EXTENSION,0.067,-0.143,-1.008,-8.013,10.844,1.006,-171.9,-3.7,-65.0,86.3,-10.8
4856,F,11,R,H,EXTENSION,0.069,-0.142,-1.007,-7.876,10.669,1.021,-172.0,-3.9,-64.1,86.1,-10.9
4866,F,11,R,H,EXTENSION,0.072,-0.142,-1.007,-7.877,10.462,1.030,-172.0,-4.1,-62.9,85.9,-11.1
4876,F,11,R,H,EXTENSION,0.074,-0.141,-1.008,-7.974,10.151,1.053,-172.0,-4.2,-62.2,85.8,-11.1
4886,F,11,R,H,EXTENSION,0.077,-0.140,-1.009,-8.043,9.752,1.089,-172.1,-4.3,-61.2,85.7,-11.3
4896,F,11,R,H,EXTENSION,0.078,-0.139,-1.011,-7.995,9.275,1.134,-172.2,-4.4,-60.6,85.6,-11.4
4906,F,11,R,H,EXTENSION,0.079,-0.138,-1.014,-7.843,8.792,1.180,-172.3,-4.4,-60.1,85.6,-11.5
4916,F,11,R,H,EXTENSION,0.080,-0.136,-1.015,-7.586,8.377,1.205,-172.4,-4.5,-59.7,85.5,-11.6
4926,F,11,R,H,EXTENSION,0.080,-0.136,-1.016,-7.281,8.045,1.224,-172.4,-4.5,-59.3,85.5,-11.7
4936,F,11,R,H,EXTENSION,0.081,-0.135,-1.017,-6.913,7.773,1.233,-172.5,-4.5,-58.9,85.5,-11.8
4946,F,11,R,H,EXTENSION,0.083,-0.134,-1.019,-6.525,7.524,1.214,-172.5,-4.6,-58.2,85.4,-11.9
4956,F,11,R,H,EXTENSION,0.085,-0.133,-1.019,-6.143,7.290,1.164,-172.6,-4.7,-57.5,85.3,-12.0
4966,F,11,R,H,EXTENSION,0.087,-0.132,-1.020,-5.819,7.056,1.099,-172.6,-4.8,-56.7,85.2,-12.0
4976,F,11,R,H,EXTENSION,0.088,-0.131,-1.020,-5.580,6.801,1.038,-172.7,-4.9,-56.1,85.1,-12.1
4986,F,11,R,H,EXTENSION,0.090,-0.130,-1.020,-5.377,6.529,1.010,-172.7,-5.0,-55.4,85.0,-12.0
4997,F,11,R,H,EXTENSION,0.091,-0.130,-1.020,-5.226,6.272,0.986,-172.7,-5.0,-55.2,85.0,-12.0
5007,F,11,R,H,EXTENSION,0.091,-0.130,-1.020,-5.087,6.113,0.988,-172.7,-5.1,-55.1,84.9,-12.0
5017,F,11,R,H,EXTENSION,0.091,-0.131,-1.019,-4.950,6.052,1.000,-172.7,-5.1,-55.0,84.9,-11.9
5027,F,11,R,H,EXTENSION,0.092,-0.130,-1.017,-4.881,6.051,1.035,-172.7,-5.1,-54.6,84.9,-11.9
5037,F,11,R,H,EXTENSION,0.093,-0.130,-1.016,-4.876,6.121,1.104,-172.7,-5.2,-54.3,84.8,-12.0
5047,F,11,R,H,EXTENSION,0.094,-0.129,-1.014,-4.912,6.238,1.190,-172.7,-5.3,-54.0,84.7,-12.0
5057,F,11,R,H,EXTENSION,0.095,-0.128,-1.012,-4.953,6.422,1.302,-172.8,-5.3,-53.5,84.7,-12.1
5067,F,11,R,H,EXTENSION,0.097,-0.128,-1.011,-5.004,6.651,1.433,-172.8,-5.4,-52.9,84.6,-12.2
5077,F,11,R,H,EXTENSION,0.098,-0.128,-1.009,-5.041,6.904,1.538,-172.8,-5.5,-52.4,84.5,-12.5
5087,F,11,R,H,EXTENSION,0.101,-0.127,-1.007,-5.066,7.099,1.623,-172.8,-5.7,-51.7,84.3,-12.7
5097,F,11,R,H,EXTENSION,0.103,-0.127,-1.005,-5.109,7.339,1.703,-172.8,-5.8,-50.8,84.2,-12.9
5107,F,11,R,H,EXTENSION,0.105,-0.126,-1.003,-5.132,7.502,1.771,-172.9,-6.0,-50.0,84.0,-13.1
5117,F,11,R,H,EXTENSION,0.108,-0.125,-1.002,-5.158,7.635,1.822,-172.9,-6.1,-49.4,83.9,-13.1
5127,F,11,R,H,EXTENSION,0.109,-0.125,-1.001,-5.193,7.709,1.849,-172.9,-6.2,-49.0,83.8,-13.2
5137,F,11,R,H,EXTENSION,0.110,-0.125,-1.000,-5.239,7.789,1.841,-172.9,-6.2,-48.6,83.8,-13.2
5147,F,11,R,H,EXTENSION,0.111,-0.125,-0.999,-5.319,7.912,1.806,-172.9,-6.3,-48.2,83.7,-13.1
5157,F,11,R,H,EXTENSION,0.112,-0.124,-0.999,-5.378,8.050,1.760,-172.9,-6.4,-47.9,83.6,-13.1
5167,F,11,R,H,EXTENSION,0.113,-0.123,-0.999,-5.460,8.191,1.706,-173.0,-6.4,-47.4,83.6,-13.1
5177,F,11,R,H,EXTENSION,0.115,-0.122,-0.999,-5.551,8.350,1.686,-173.0,-6.5,-46.6,83.5,-13.3
5187,F,11,R,H,EXTENSION,0.117,-0.121,-0.999,-5.631,8.514,1.674,-173.1,-6.6,-46.0,83.4,-13.4
5197,F,11,R,H,EXTENSION,0.119,-0.120,-0.999,-5.699,8.695,1.660,-173.1,-6.8,-45.2,83.2,-13.6
5207,F,11,R,H,EXTENSION,0.122,-0.119,-0.999,-5.780,8.844,1.630,-173.2,-6.9,-44.4,83.1,-13.7
5217,F,11,R,H,EXTENSION,0.124,-0.118,-1.000,-5.861,8.944,1.605,-173.3,-7.0,-43.7,83.0,-13.8
5227,F,11,R,H,EXTENSION,0.125,-0.117,-1.001,-5.915,8.965,1.568,-173.4,-7.1,-42.9,82.9,-13.9
5237,F,11,R,H,EXTENSION,0.127,-0.115,-1.002,-5.985,8.980,1.511,-173.4,-7.2,-42.3,82.8,-14.0
5247,F,11,R,H,EXTENSION,0.128,-0.115,-1.002,-6.065,9.003,1.452,-173.5,-7.2,-41.8,82.8,-14.0
5257,F,11,R,H,EXTENSION,0.129,-0.113,-1.004,-6.199,9.048,1.407,-173.6,-7.3,-41.2,82.7,-14.1
5267,F,11,R,H,EXTENSION,0.131,-0.113,-1.005,-6.296,9.085,1.361,-173.6,-7.4,-40.7,82.6,-14.2
5277,F,11,R,H,EXTENSION,0.133,-0.112,-1.006,-6.384,9.157,1.346,-173.7,-7.5,-40.0,82.5,-14.2
5287,F,11,R,H,EXTENSION,0.135,-0.110,-1.008,-6.426,9.208,1.331,-173.8,-7.6,-39.3,82.4,-14.2
5297,F,11,R,H,EXTENSION,0.136,-0.109,-1.009,-6.402,9.217,1.317,-173.8,-7.6,-38.8,82.4,-14.2
5308,F,11,R,H,EXTENSION,0.138,-0.108,-1.010,-6.335,9.206,1.286,-173.9,-7.7,-38.2,82.3,-14.1
5318,F,11,R,H,EXTENSION,0.139,-0.107,-1.012,-6.211,9.178,1.273,-174.0,-7.8,-37.5,82.2,-14.2
5328,F,11,R,H,EXTENSION,0.141,-0.106,-1.012,-6.067,9.168,1.253,-174.0,-7.9,-37.0,82.1,-14.2
5338,F,11,R,H,EXTENSION,0.142,-0.106,-1.012,-5.927,9.171,1.211,-174.0,-8.0,-36.5,82.0,-14.3
5348,F,11,R,H,EXTENSION,0.144,-0.105,-1.013,-5.835,9.139,1.182,-174.1,-8.1,-36.1,81.9,-14.4
5358,F,11,R,H,EXTENSION,0.146,-0.104,-1.012,-5.785,9.161,1.154,-174.1,-8.2,-35.6,81.8,-14.3
5368,F,11,R,H,EXTENSION,0.148,-0.104,-1.011,-5.768,9.191,1.132,-174.1,-8.3,-35.1,81.7,-14.3
5378,F,11,R,H,EXTENSION,0.151,-0.103,-1.010,-5.828,9.196,1.123,-174.2,-8.4,-34.4,81.6,-14.3
5388,F,11,R,H,EXTENSION,0.153,-0.103,-1.009,-5.930,9.126,1.106,-174.2,-8.6,-33.9,81.4,-14.2
5398,F,11,R,H,EXTENSION,0.154,-0.102,-1.009,-6.024,9.013,1.095,-174.2,-8.7,-33.4,81.3,-14.2
5408,F,11,R,H,EXTENSION,0.156,-0.101,-1.008,-6.074,8.862,1.097,-174.3,-8.8,-32.9,81.2,-14.2
5418,F,11,R,H,EXTENSION,0.158,-0.100,-1.008,-6.058,8.739,1.092,-174.3,-8.9,-32.4,81.1,-14.2
5428,F,11,R,H,EXTENSION,0.160,-0.099,-1.007,-5.971,8.606,1.096,-174.4,-9.0,-31.9,81.0,-14.2
5438,F,11,R,H,EXTENSION,0.162,-0.099,-1.006,-5.911,8.476,1.117,-174.4,-9.1,-31.4,80.9,-14.2
5448,F,11,R,H,EXTENSION,0.164,-0.098,-1.006,-5.836,8.271,1.153,-174.4,-9.2,-30.8,80.8,-14.2
5458,F,11,R,H,EXTENSION,0.166,-0.097,-1.005,-5.697,8.083,1.176,-174.5,-9.3,-30.3,80.7,-14.3
5468,F,11,R,H,EXTENSION,0.168,-0.096,-1.006,-5.498,7.885,1.193,-174.5,-9.4,-29.9,80.6,-14.4
5478,F,11,R,H,EXTENSION,0.170,-0.096,-1.005,-5.272,7.669,1.208,-174.5,-9.5,-29.5,80.5,-14.5
5488,F,11,R,H,EXTENSION,0.171,-0.096,-1.005,-5.000,7.468,1.222,-174.6,-9.6,-29.1,80.4,-14.5
5498,F,11,R,H,EXTENSION,0.173,-0.095,-1.006,-4.744,7.289,1.235,-174.6,-9.7,-28.8,80.3,-14.6
5508,F,11,R,H,EXTENSION,0.175,-0.095,-1.006,-4.575,7.154,1.237,-174.6,-9.8,-28.5,80.2,-14.7
5518,F,11,R,H,EXTENSION,0.176,-0.094,-1.006,-4.445,7.048,1.247,-174.7,-9.9,-28.2,80.1,-14.8
5528,F,11,R,H,EXTENSION,0.177,-0.094,-1.006,-4.373,6.996,1.273,-174.7,-9.9,-27.8,80.1,-15.0
5538,F,11,R,H,EXTENSION,0.178,-0.094,-1.007,-4.332,6.995,1.289,-174.7,-10.0,-27.7,80.0,-15.1
5548,F,11,R,H,EXTENSION,0.180,-0.093,-1.006,-4.270,7.010,1.303,-174.7,-10.1,-27.4,79.9,-15.1
5558,F,11,R,H,EXTENSION,0.181,-0.094,-1.006,-4.237,7.040,1.324,-174.7,-10.2,-27.3,79.8,-15.2
5568,F,11,R,H,EXTENSION,0.182,-0.093,-1.004,-4.226,7.112,1.336,-174.7,-10.3,-27.1,79.7,-15.2
5578,F,11,R,H,EXTENSION,0.184,-0.093,-1.003,-4.269,7.199,1.353,-174.7,-10.4,-26.7,79.6,-15.2
5588,F,11,R,H,EXTENSION,0.186,-0.092,-1.002,-4.335,7.263,1.398,-174.7,-10.5,-26.4,79.5,-15.2
5598,F,11,R,H,EXTENSION,0.187,-0.091,-1.001,-4.363,7.347,1.435,-174.8,-10.5,-26.0,79.5,-15.2
5608,F,11,R,H,EXTENSION,0.189,-0.091,-1.000,-4.303,7.411,1.463,-174.8,-10.6,-25.7,79.4,-15.3
5619,F,11,R,H,EXTENSION,0.190,-0.089,-0.999,-4.139,7.459,1.478,-174.9,-10.7,-25.2,79.3,-15.4
5629,F,11,R,H,EXTENSION,0.192,-0.089,-0.998,-3.940,7.512,1.488,-174.9,-10.8,-24.8,79.2,-15.6
5639,F,11,R,H,EXTENSION,0.193,-0.088,-0.997,-3.735,7.537,1.507,-175.0,-10.9,-24.4,79.1,-15.7
5649,F,11,R,H,EXTENSION,0.194,-0.087,-0.996,-3.530,7.545,1.539,-175.0,-11.0,-24.2,79.0,-15.8
5659,F,11,R,H,EXTENSION,0.196,-0.087,-0.995,-3.364,7.488,1.569,-175.0,-11.1,-24.0,78.9,-15.8
5669,F,11,R,H,EXTENSION,0.197,-0.087,-0.995,-3.243,7.416,1.597,-175.0,-11.2,-23.8,78.8,-15.8
5679,F,11,R,H,EXTENSION,0.198,-0.087,-0.996,-3.116,7.345,1.611,-175.0,-11.2,-23.7,78.8,-15.8
5689,F,11,R,H,EXTENSION,0.199,-0.087,-0.997,-3.017,7.257,1.620,-175.0,-11.3,-23.6,78.7,-15.8
5699,F,11,R,H,EXTENSION,0.200,-0.086,-0.997,-3.000,7.212,1.594,-175.1,-11.3,-23.3,78.7,-15.8
5709,F,11,R,H,EXTENSION,0.202,-0.085,-0.998,-3.069,7.217,1.551,-175.1,-11.4,-22.9,78.6,-15.8
5719,F,11,R,H,EXTENSION,0.204,-0.084,-0.999,-3.200,7.204,1.514,-175.2,-11.5,-22.5,78.5,-15.8
5729,F,11,R,H,EXTENSION,0.206,-0.083,-1.001,-3.371,7.163,1.477,-175.2,-11.6,-22.1,78.4,-15.8
5739,F,11,R,H,EXTENSION,0.207,-0.083,-1.002,-3.570,7.102,1.434,-175.3,-11.7,-21.8,78.3,-15.8
5749,F,11,R,H,EXTENSION,0.209,-0.082,-1.003,-3.782,7.048,1.379,-175.3,-11.7,-21.6,78.3,-15.9
5759,F,11,R,H,EXTENSION,0.210,-0.082,-1.004,-3.995,6.989,1.308,-175.3,-11.8,-21.3,78.2,-15.9
5769,F,11,R,H,EXTENSION,0.211,-0.081,-1.004,-4.223,6.936,1.259,-175.4,-11.8,-21.0,78.2,-16.0
5779,F,11,R,H,EXTENSION,0.213,-0.080,-1.005,-4.398,6.909,1.220,-175.4,-11.9,-20.6,78.1,-16.0
5789,F,11,R,H,EXTENSION,0.214,-0.079,-1.006,-4.477,6.792,1.184,-175.5,-12.0,-20.2,78.0,-16.0
5799,F,11,R,H,EXTENSION,0.216,-0.078,-1.007,-4.411,6.647,1.168,-175.6,-12.1,-19.9,77.9,-16.1
5809,F,11,R,H,EXTENSION,0.217,-0.078,-1.006,-4.222,6.510,1.155,-175.6,-12.1,-19.7,77.9,-16.2
5819,F,11,R,H,EXTENSION,0.218,-0.078,-1.006,-3.992,6.383,1.144,-175.6,-12.2,-19.6,77.8,-16.2
5829,F,11,R,H,EXTENSION,0.219,-0.077,-1.004,-3.809,6.306,1.115,-175.6,-12.3,-19.5,77.7,-16.4
5839,F,11,R,H,EXTENSION,0.221,-0.077,-1.004,-3.656,6.201,1.083,-175.6,-12.4,-19.3,77.6,-16.4
5849,F,11,R,H,EXTENSION,0.222,-0.077,-1.002,-3.538,6.080,1.076,-175.6,-12.4,-19.2,77.6,-16.5
5859,F,11,R,H,EXTENSION,0.223,-0.077,-1.000,-3.428,5.972,1.081,-175.6,-12.5,-19.1,77.5,-16.5
5869,F,11,R,H,EXTENSION,0.224,-0.077,-0.999,-3.308,5.857,1.105,-175.6,-12.6,-19.1,77.4,-16.5
5879,F,11,R,H,EXTENSION,0.226,-0.077,-0.997,-3.171,5.729,1.155,-175.6,-12.7,-18.9,77.3,-16.3
5889,F,11,R,H,EXTENSION,0.227,-0.078,-0.995,-3.025,5.580,1.214,-175.5,-12.8,-18.9,77.2,-16.1
5899,F,11,R,H,EXTENSION,0.229,-0.078,-0.994,-2.855,5.449,1.268,-175.5,-12.9,-18.7,77.1,-15.8
5909,F,11,R,H,EXTENSION,0.230,-0.078,-0.992,-2.719,5.335,1.296,-175.5,-13.0,-18.6,77.0,-15.5
5919,F,11,R,H,EXTENSION,0.232,-0.077,-0.991,-2.571,5.208,1.314,-175.5,-13.1,-18.4,76.9,-15.3
5930,F,11,R,H,EXTENSION,0.234,-0.077,-0.990,-2.424,5.070,1.342,-175.5,-13.2,-18.3,76.8,-15.0
5940,F,11,R,H,EXTENSION,0.235,-0.077,-0.990,-2.287,4.955,1.385,-175.6,-13.3,-18.1,76.7,-14.9
5950,F,11,R,H,EXTENSION,0.236,-0.077,-0.990,-2.187,4.901,1.421,-175.5,-13.4,-18.1,76.6,-14.8
5960,F,11,R,H,EXTENSION,0.237,-0.077,-0.989,-2.122,4.885,1.438,-175.5,-13.4,-18.0,76.6,-14.8
5970,F,11,R,H,EXTENSION,0.239,-0.077,-0.988,-2.135,4.909,1.454,-175.6,-13.5,-17.8,76.5,-14.8
5980,F,11,R,H,EXTENSION,0.240,-0.076,-0.988,-2.199,4.944,1.464,-175.6,-13.6,-17.6,76.4,-14.9
5990,F,11,R,H,EXTENSION,0.241,-0.077,-0.988,-2.307,4.990,1.480,-175.6,-13.7,-17.6,76.3,-15.0
6000,F,11,R,H,EXTENSION,0.242,-0.077,-0.989,-2.473,5.069,1.485,-175.6,-13.7,-17.6,76.3,-15.1
6010,F,11,R,H,EXTENSION,0.243,-0.077,-0.989,-2.694,5.193,1.511,-175.6,-13.7,-17.6,76.3,-15.3
6020,F,11,R,H,EXTENSION,0.243,-0.077,-0.989,-2.928,5.366,1.535,-175.6,-13.8,-17.5,76.2,-15.4
6030,F,11,R,H,EXTENSION,0.245,-0.077,-0.987,-3.176,5.596,1.548,-175.6,-13.9,-17.4,76.1,-15.5
6040,F,11,R,H,EXTENSION,0.246,-0.077,-0.987,-3.421,5.811,1.571,-175.5,-13.9,-17.4,76.1,-15.6
6050,F,11,R,H,EXTENSION,0.248,-0.077,-0.985,-3.674,6.010,1.600,-175.6,-14.1,-17.2,75.9,-15.6
6060,F,11,R,H,EXTENSION,0.248,-0.077,-0.985,-3.900,6.117,1.614,-175.6,-14.1,-17.1,75.9,-15.6
6070,F,11,R,H,EXTENSION,0.250,-0.076,-0.984,-4.117,6.182,1.632,-175.6,-14.2,-16.9,75.8,-15.7
6080,F,11,R,H,EXTENSION,0.251,-0.075,-0.983,-4.305,6.241,1.651,-175.6,-14.3,-16.7,75.7,-15.7
6090,F,11,R,H,EXTENSION,0.252,-0.074,-0.983,-4.428,6.303,1.685,-175.7,-14.3,-16.4,75.7,-15.9
6100,F,11,R,H,EXTENSION,0.253,-0.073,-0.983,-4.480,6.319,1.698,-175.7,-14.4,-16.2,75.6,-16.0
6110,F,11,R,H,EXTENSION,0.254,-0.073,-0.983,-4.464,6.304,1.708,-175.8,-14.5,-15.9,75.5,-16.0
6120,F,11,R,H,EXTENSION,0.255,-0.072,-0.984,-4.385,6.266,1.707,-175.8,-14.5,-15.8,75.5,-16.1
6130,F,11,R,H,EXTENSION,0.256,-0.072,-0.985,-4.272,6.218,1.705,-175.8,-14.6,-15.6,75.4,-16.3
6140,F,11,R,H,EXTENSION,0.257,-0.071,-0.986,-4.154,6.139,1.718,-175.9,-14.6,-15.5,75.4,-16.3
6150,F,11,R,H,EXTENSION,0.258,-0.071,-0.987,-4.025,6.064,1.730,-175.9,-14.6,-15.3,75.4,-16.4
6160,F,11,R,H,EXTENSION,0.259,-0.071,-0.987,-3.915,5.985,1.729,-175.9,-14.6,-15.3,75.4,-16.3
6170,F,11,R,H,EXTENSION,0.259,-0.070,-0.988,-3.824,5.910,1.721,-175.9,-14.7,-15.1,75.3,-16.2
6180,F,11,R,H,EXTENSION,0.261,-0.070,-0.989,-3.761,5.831,1.722,-176.0,-14.7,-15.0,75.3,-16.2
6190,F,11,R,H,EXTENSION,0.262,-0.069,-0.990,-3.701,5.722,1.735,-176.0,-14.8,-14.7,75.2,-16.2
6200,F,11,R,H,EXTENSION,0.263,-0.069,-0.990,-3.640,5.593,1.752,-176.0,-14.9,-14.6,75.1,-16.2
6210,F,11,R,H,EXTENSION,0.264,-0.068,-0.990,-3.585,5.457,1.769,-176.1,-14.9,-14.5,75.1,-16.1
6220,F,11,R,H,EXTENSION,0.266,-0.068,-0.990,-3.510,5.327,1.771,-176.1,-15.0,-14.3,75.0,-16.1
6230,F,11,R,H,EXTENSION,0.267,-0.068,-0.989,-3.445,5.185,1.765,-176.1,-15.1,-14.3,74.9,-16.1
6241,F,11,R,H,EXTENSION,0.268,-0.068,-0.988,-3.406,4.999,1.757,-176.0,-15.1,-14.3,74.9,-16.1
6251,F,11,R,H,EXTENSION,0.269,-0.068,-0.988,-3.378,4.795,1.753,-176.1,-15.2,-14.1,74.8,-16.1
6261,F,11,R,H,EXTENSION,0.271,-0.067,-0.988,-3.320,4.533,1.739,-176.1,-15.3,-13.9,74.7,-16.2
6271,F,11,R,H,EXTENSION,0.272,-0.066,-0.987,-3.196,4.254,1.720,-176.2,-15.3,-13.7,74.7,-16.2
6281,F,11,R,H,EXTENSION,0.272,-0.065,-0.987,-3.021,3.978,1.711,-176.2,-15.4,-13.5,74.6,-16.3
6291,F,11,R,H,EXTENSION,0.273,-0.065,-0.987,-2.820,3.710,1.707,-176.2,-15.4,-13.3,74.6,-16.4
6301,F,11,R,H,EXTENSION,0.274,-0.064,-0.987,-2.605,3.481,1.708,-176.3,-15.5,-13.2,74.5,-16.5
6311,F,11,R,H,EXTENSION,0.275,-0.063,-0.987,-2.381,3.261,1.706,-176.3,-15.5,-13.0,74.5,-16.5
6321,F,11,R,H,EXTENSION,0.276,-0.063,-0.987,-2.170,3.047,1.711,-176.3,-15.6,-12.9,74.4,-16.5
6331,F,11,R,H,EXTENSION,0.277,-0.064,-0.988,-1.990,2.867,1.725,-176.3,-15.6,-12.9,74.4,-16.4
6341,F,11,R,H,EXTENSION,0.277,-0.064,-0.989,-1.877,2.712,1.738,-176.3,-15.6,-12.9,74.4,-16.2
6351,F,11,R,H,EXTENSION,0.279,-0.064,-0.988,-1.814,2.593,1.766,-176.3,-15.7,-12.8,74.3,-16.0
6361,F,11,R,H,EXTENSION,0.280,-0.064,-0.989,-1.809,2.495,1.789,-176.3,-15.8,-12.8,74.2,-15.9
6371,F,11,R,H,EXTENSION,0.281,-0.064,-0.988,-1.852,2.425,1.813,-176.3,-15.8,-12.8,74.2,-15.8
6381,F,11,R,H,EXTENSION,0.282,-0.063,-0.989,-1.940,2.357,1.838,-176.3,-15.9,-12.7,74.1,-15.8
6391,F,11,R,H,EXTENSION,0.282,-0.063,-0.990,-2.029,2.297,1.861,-176.4,-15.9,-12.5,74.1,-15.8
6401,F,11,R,H,EXTENSION,0.283,-0.062,-0.992,-2.136,2.261,1.879,-176.4,-15.9,-12.4,74.1,-15.8
6411,F,11,R,H,EXTENSION,0.283,-0.062,-0.992,-2.234,2.261,1.899,-176.4,-15.9,-12.3,74.1,-15.8
6421,F,11,R,H,EXTENSION,0.283,-0.061,-0.993,-2.341,2.313,1.923,-176.5,-15.9,-12.1,74.1,-15.8
6431,F,11,R,H,EXTENSION,0.283,-0.060,-0.994,-2.416,2.378,1.959,-176.5,-15.9,-12.0,74.1,-15.7
6441,F,11,R,H,EXTENSION,0.283,-0.059,-0.995,-2.436,2.458,1.994,-176.6,-15.9,-11.8,74.1,-15.6
6451,F,11,R,H,EXTENSION,0.283,-0.058,-0.995,-2.388,2.573,2.038,-176.6,-15.9,-11.7,74.1,-15.5
6461,F,11,R,H,EXTENSION,0.284,-0.057,-0.993,-2.292,2.755,2.082,-176.7,-15.9,-11.4,74.1,-15.3
6471,F,11,R,H,EXTENSION,0.285,-0.057,-0.991,-2.179,2.945,2.127,-176.7,-16.0,-11.3,74.0,-15.2
6481,F,11,R,H,EXTENSION,0.287,-0.057,-0.990,-2.007,3.018,2.153,-176.7,-16.1,-11.3,73.9,-15.1
6491,F,11,R,H,EXTENSION,0.288,-0.058,-0.988,-1.750,2.954,2.134,-176.6,-16.2,-11.4,73.8,-15.0
6501,F,11,R,H,EXTENSION,0.289,-0.058,-0.986,-1.441,2.820,2.105,-176.6,-16.3,-11.4,73.7,-15.0
6511,F,11,R,H,EXTENSION,0.289,-0.058,-0.985,-1.139,2.675,2.035,-176.6,-16.3,-11.4,73.7,-15.0
6521,F,11,R,H,EXTENSION,0.290,-0.059,-0.984,-0.909,2.536,1.949,-176.6,-16.4,-11.4,73.6,-15.0
6531,F,11,R,H,EXTENSION,0.291,-0.060,-0.982,-0.738,2.390,1.856,-176.5,-16.5,-11.6,73.5,-15.0
6541,F,11,R,H,EXTENSION,0.292,-0.061,-0.981,-0.617,2.203,1.799,-176.5,-16.5,-11.8,73.5,-14.9
6552,F,11,R,H,EXTENSION,0.293,-0.062,-0.981,-0.505,1.959,1.747,-176.4,-16.6,-11.9,73.4,-14.8
6562,F,11,R,H,EXTENSION,0.294,-0.063,-0.982,-0.418,1.665,1.683,-176.3,-16.7,-12.1,73.3,-14.8
6572,F,11,R,H,EXTENSION,0.295,-0.064,-0.983,-0.381,1.312,1.614,-176.3,-16.7,-12.3,73.3,-14.7
6582,F,11,R,H,EXTENSION,0.295,-0.065,-0.984,-0.381,0.962,1.542,-176.2,-16.6,-12.5,73.4,-14.7
6592,F,11,R,H,EXTENSION,0.295,-0.065,-0.986,-0.437,0.656,1.467,-176.2,-16.6,-12.4,73.4,-14.8
6602,F,11,R,H,EXTENSION,0.294,-0.065,-0.986,-0.543,0.430,1.405,-176.2,-16.6,-12.4,73.4,-15.0
6612,F,11,R,H,EXTENSION,0.294,-0.065,-0.985,-0.684,0.363,1.325,-176.2,-16.6,-12.4,73.4,-15.1
6622,F,11,R,H,EXTENSION,0.294,-0.064,-0.984,-0.837,0.421,1.263,-176.3,-16.6,-12.3,73.4,-15.2
6632,F,11,R,H,EXTENSION,0.294,-0.064,-0.982,-0.976,0.565,1.234,-176.3,-16.6,-12.2,73.4,-15.4
6642,F,11,R,H,EXTENSION,0.295,-0.064,-0.980,-1.071,0.686,1.230,-176.3,-16.7,-12.2,73.3,-15.6
6652,F,11,R,H,EXTENSION,0.295,-0.064,-0.978,-1.080,0.774,1.260,-176.2,-16.7,-12.3,73.3,-15.6
6662,F,11,R,H,EXTENSION,0.295,-0.065,-0.976,-1.033,0.846,1.305,-176.2,-16.8,-12.4,73.2,-15.6
6672,F,11,R,H,EXTENSION,0.295,-0.066,-0.975,-0.898,0.887,1.345,-176.1,-16.8,-12.6,73.2,-15.7
6682,F,11,R,H,EXTENSION,0.295,-0.067,-0.973,-0.747,0.924,1.383,-176.1,-16.9,-12.7,73.1,-15.8
6692,F,11,R,H,EXTENSION,0.296,-0.067,-0.972,-0.638,0.942,1.423,-176.0,-16.9,-12.8,73.1,-15.8
6702,F,11,R,H,EXTENSION,0.296,-0.068,-0.972,-0.588,0.954,1.462,-176.0,-16.9,-12.9,73.1,-15.9
6712,F,11,R,H,EXTENSION,0.297,-0.068,-0.971,-0.605,1.001,1.516,-176.0,-17.0,-12.9,73.0,-15.9
6722,F,11,R,H,EXTENSION,0.297,-0.068,-0.971,-0.676,1.064,1.588,-176.0,-17.0,-12.9,73.0,-16.0
6732,F,11,R,H,EXTENSION,0.298,-0.069,-0.971,-0.788,1.147,1.653,-176.0,-17.0,-13.0,73.0,-16.0
6742,F,11,R,H,EXTENSION,0.299,-0.069,-0.973,-0.918,1.224,1.717,-175.9,-17.0,-13.1,73.0,-16.1
6752,F,11,R,H,EXTENSION,0.299,-0.070,-0.974,-1.087,1.328,1.769,-175.9,-17.0,-13.1,73.0,-16.1
6762,F,11,R,H,EXTENSION,0.299,-0.070,-0.975,-1.321,1.458,1.823,-175.9,-17.0,-13.1,73.0,-16.1
6772,F,11,R,H,EXTENSION,0.300,-0.069,-0.976,-1.592,1.608,1.891,-175.9,-17.0,-13.0,73.0,-16.1
6782,F,11,R,H,EXTENSION,0.300,-0.069,-0.977,-1.891,1.753,1.979,-176.0,-17.0,-12.9,73.0,-16.2
6792,F,11,R,H,EXTENSION,0.300,-0.068,-0.977,-2.173,1.952,2.060,-176.0,-17.0,-12.8,73.0,-16.2
6802,F,11,R,H,EXTENSION,0.300,-0.067,-0.976,-2.418,2.205,2.116,-176.1,-17.0,-12.5,73.0,-16.2
6812,F,11,R,H,EXTENSION,0.300,-0.066,-0.975,-2.641,2.520,2.163,-176.1,-17.1,-12.4,72.9,-16.2
6822,F,11,R,H,EXTENSION,0.301,-0.065,-0.974,-2.823,2.806,2.217,-176.2,-17.1,-12.2,72.9,-16.2
6832,F,11,R,H,EXTENSION,0.302,-0.065,-0.973,-2.964,3.068,2.273,-176.2,-17.2,-12.1,72.8,-16.2
6842,F,11,R,H,EXTENSION,0.303,-0.066,-0.970,-3.128,3.306,2.304,-176.1,-17.3,-12.2,72.7,-16.3
6852,F,11,R,H,EXTENSION,0.304,-0.065,-0.969,-3.264,3.498,2.332,-176.1,-17.4,-12.1,72.6,-16.3
6863,F,11,R,H,EXTENSION,0.305,-0.065,-0.967,-3.407,3.670,2.342,-176.1,-17.5,-12.1,72.5,-16.3
6873,F,11,R,H,EXTENSION,0.306,-0.065,-0.965,-3.569,3.824,2.342,-176.1,-17.6,-12.0,72.4,-16.2
6883,F,11,R,H,EXTENSION,0.307,-0.065,-0.965,-3.714,3.930,2.334,-176.2,-17.6,-11.9,72.4,-16.2
6893,F,11,R,H,EXTENSION,0.308,-0.064,-0.965,-3.805,4.006,2.322,-176.2,-17.7,-11.8,72.3,-16.2
6903,F,11,R,H,EXTENSION,0.309,-0.064,-0.965,-3.831,4.051,2.309,-176.2,-17.7,-11.6,72.3,-16.2
6913,F,11,R,H,EXTENSION,0.310,-0.063,-0.965,-3.794,4.057,2.290,-176.3,-17.8,-11.5,72.2,-16.2
6923,F,11,R,H,EXTENSION,0.311,-0.063,-0.966,-3.750,4.073,2.271,-176.3,-17.8,-11.4,72.2,-16.3
6933,F,11,R,H,EXTENSION,0.312,-0.063,-0.967,-3.711,4.086,2.240,-176.3,-17.9,-11.3,72.1,-16.4
6943,F,11,R,H,EXTENSION,0.313,-0.062,-0.966,-3.668,4.086,2.198,-176.3,-17.9,-11.2,72.1,-16.5
6953,F,11,R,H,EXTENSION,0.314,-0.062,-0.966,-3.635,4.077,2.136,-176.3,-18.0,-11.1,72.0,-16.6
6963,F,11,R,H,EXTENSION,0.315,-0.061,-0.967,-3.649,4.051,2.062,-176.4,-18.0,-11.0,72.0,-16.7
6973,F,11,R,H,EXTENSION,0.316,-0.061,-0.966,-3.682,3.981,1.986,-176.4,-18.1,-11.0,71.9,-16.8
6983,F,11,R,H,EXTENSION,0.317,-0.061,-0.966,-3.726,3.878,1.922,-176.4,-18.1,-10.9,71.9,-16.7
6993,F,11,R,H,EXTENSION,0.318,-0.060,-0.965,-3.808,3.759,1.869,-176.4,-18.2,-10.7,71.8,-16.6
7003,F,11,R,H,EXTENSION,0.319,-0.060,-0.965,-3.893,3.635,1.843,-176.5,-18.3,-10.6,71.7,-16.6
7013,F,11,R,H,EXTENSION,0.320,-0.059,-0.965,-3.940,3.498,1.820,-176.5,-18.3,-10.4,71.7,-16.5
7023,F,11,R,H,EXTENSION,0.321,-0.058,-0.965,-3.945,3.307,1.780,-176.6,-18.3,-10.2,71.7,-16.5
7033,F,11,R,H,EXTENSION,0.321,-0.057,-0.966,-3.892,3.099,1.740,-176.6,-18.4,-10.0,71.6,-16.6
7043,F,11,R,H,EXTENSION,0.322,-0.056,-0.966,-3.774,2.874,1.699,-176.7,-18.4,-9.9,71.6,-16.7
7053,F,11,R,H,EXTENSION,0.322,-0.056,-0.967,-3.559,2.637,1.661,-176.7,-18.4,-9.8,71.6,-16.8
7063,F,11,R,H,EXTENSION,0.323,-0.055,-0.968,-3.294,2.383,1.606,-176.7,-18.4,-9.7,71.6,-16.9
7073,F,11,R,H,EXTENSION,0.324,-0.055,-0.969,-3.035,2.110,1.543,-176.8,-18.4,-9.6,71.6,-17.0
7083,F,11,R,H,EXTENSION,0.324,-0.055,-0.970,-2.800,1.820,1.479,-176.8,-18.5,-9.5,71.5,-17.1
7093,F,11,R,H,EXTENSION,0.325,-0.054,-0.972,-2.577,1.517,1.411,-176.8,-18.5,-9.5,71.5,-17.0
7103,F,11,R,H,EXTENSION,0.326,-0.054,-0.973,-2.369,1.219,1.346,-176.8,-18.5,-9.4,71.5,-17.0
7113,F,11,R,H,EXTENSION,0.326,-0.054,-0.974,-2.203,0.939,1.286,-176.8,-18.5,-9.4,71.5,-16.9
7123,F,11,R,H,EXTENSION,0.327,-0.054,-0.975,-2.058,0.670,1.235,-176.8,-18.5,-9.4,71.5,-16.7
7133,F,11,R,H,EXTENSION,0.328,-0.054,-0.976,-1.942,0.419,1.188,-176.8,-18.5,-9.4,71.5,-16.6
7143,F,11,R,H,EXTENSION,0.328,-0.054,-0.978,-1.842,0.187,1.158,-176.8,-18.5,-9.3,71.5,-16.5
7153,F,11,R,H,EXTENSION,0.328,-0.054,-0.977,-1.759,-0.020,1.121,-176.8,-18.5,-9.3,71.5,-16.4
7163,F,11,R,H,EXTENSION,0.328,-0.053,-0.977,-1.701,-0.193,1.086,-176.9,-18.6,-9.2,71.4,-16.3
7174,F,11,R,H,EXTENSION,0.329,-0.053,-0.976,-1.644,-0.371,1.065,-176.9,-18.6,-9.2,71.4,-16.3
7184,F,11,R,H,EXTENSION,0.329,-0.053,-0.977,-1.584,-0.535,1.034,-176.9,-18.6,-9.2,71.4,-16.3
7194,F,11,R,H,EXTENSION,0.328,-0.054,-0.977,-1.523,-0.686,0.998,-176.8,-18.6,-9.3,71.4,-16.3
7204,F,11,R,H,EXTENSION,0.328,-0.054,-0.977,-1.452,-0.821,0.959,-176.9,-18.6,-9.3,71.4,-16.4
7214,F,11,R,H,EXTENSION,0.328,-0.054,-0.976,-1.364,-0.943,0.923,-176.8,-18.6,-9.4,71.4,-16.4
7224,F,11,R,H,EXTENSION,0.328,-0.054,-0.975,-1.292,-1.054,0.890,-176.8,-18.6,-9.4,71.4,-16.4
7234,F,11,R,H,EXTENSION,0.328,-0.054,-0.973,-1.227,-1.138,0.865,-176.8,-18.6,-9.4,71.4,-16.4
7244,F,11,R,H,EXTENSION,0.328,-0.054,-0.972,-1.180,-1.204,0.828,-176.8,-18.6,-9.4,71.4,-16.5
7254,F,11,R,H,EXTENSION,0.328,-0.054,-0.972,-1.137,-1.261,0.802,-176.8,-18.6,-9.4,71.4,-16.4
7264,F,11,R,H,EXTENSION,0.328,-0.054,-0.972,-1.090,-1.325,0.780,-176.8,-18.6,-9.4,71.4,-16.5
7274,F,11,R,H,EXTENSION,0.328,-0.054,-0.971,-1.035,-1.388,0.763,-176.8,-18.6,-9.4,71.4,-16.4
7284,F,11,R,H,EXTENSION,0.328,-0.054,-0.971,-0.985,-1.425,0.756,-176.8,-18.6,-9.4,71.4,-16.4
7294,F,11,R,H,EXTENSION,0.327,-0.054,-0.970,-0.923,-1.423,0.755,-176.8,-18.6,-9.5,71.4,-16.4
7304,F,11,R,H,EXTENSION,0.327,-0.055,-0.970,-0.867,-1.401,0.747,-176.8,-18.6,-9.5,71.4,-16.4
7314,F,11,R,H,EXTENSION,0.327,-0.055,-0.970,-0.827,-1.373,0.760,-176.8,-18.6,-9.6,71.4,-16.2
7324,F,11,R,H,EXTENSION,0.327,-0.056,-0.970,-0.796,-1.351,0.769,-176.7,-18.6,-9.7,71.4,-16.1
7334,F,11,R,H,EXTENSION,0.326,-0.056,-0.970,-0.776,-1.312,0.801,-176.7,-18.6,-9.7,71.4,-16.0
7344,F,11,R,H,EXTENSION,0.326,-0.057,-0.969,-0.765,-1.256,0.838,-176.7,-18.6,-9.9,71.4,-15.8
7354,F,11,R,H,EXTENSION,0.326,-0.057,-0.969,-0.761,-1.208,0.891,-176.6,-18.6,-9.9,71.4,-15.7
7364,F,11,R,H,EXTENSION,0.326,-0.057,-0.969,-0.754,-1.165,0.910,-176.6,-18.6,-10.0,71.4,-15.6
7374,F,11,R,H,EXTENSION,0.326,-0.057,-0.969,-0.713,-1.121,0.937,-176.6,-18.6,-10.0,71.4,-15.5
7384,F,11,R,H,EXTENSION,0.326,-0.057,-0.968,-0.719,-1.015,0.970,-176.6,-18.6,-10.0,71.4,-15.4
7394,F,11,R,H,EXTENSION,0.327,-0.057,-0.967,-0.721,-0.919,1.022,-176.6,-18.6,-10.0,71.4,-15.4
7404,F,11,R,H,EXTENSION,0.327,-0.058,-0.967,-0.721,-0.850,1.075,-176.6,-18.7,-10.0,71.3,-15.3
7414,F,11,R,H,EXTENSION,0.328,-0.058,-0.967,-0.772,-0.784,1.128,-176.6,-18.7,-10.0,71.3,-15.3
7424,F,11,R,H,EXTENSION,0.328,-0.058,-0.967,-0.866,-0.709,1.155,-176.6,-18.7,-10.0,71.3,-15.3
7434,F,11,R,H,EXTENSION,0.328,-0.058,-0.967,-0.929,-0.632,1.174,-176.6,-18.7,-10.0,71.3,-15.3
7444,F,11,R,H,EXTENSION,0.328,-0.058,-0.966,-0.965,-0.550,1.196,-176.6,-18.7,-10.0,71.3,-15.3
7454,F,11,R,H,EXTENSION,0.328,-0.058,-0.966,-1.035,-0.470,1.231,-176.6,-18.7,-10.0,71.3,-15.3
7464,F,11,R,H,EXTENSION,0.328,-0.058,-0.966,-1.129,-0.385,1.293,-176.6,-18.7,-10.0,71.3,-15.2
7474,F,11,R,H,EXTENSION,0.329,-0.058,-0.966,-1.264,-0.305,1.361,-176.6,-18.8,-10.0,71.2,-15.2
7485,F,11,R,H,EXTENSION,0.329,-0.059,-0.965,-1.419,-0.274,1.412,-176.5,-18.8,-10.1,71.2,-15.1
7495,F,11,R,H,EXTENSION,0.330,-0.059,-0.965,-1.592,-0.259,1.437,-176.5,-18.9,-10.1,71.1,-15.1
7505,F,11,R,H,EXTENSION,0.331,-0.058,-0.965,-1.753,-0.304,1.432,-176.5,-18.9,-10.0,71.1,-15.0
7515,F,11,R,H,EXTENSION,0.331,-0.058,-0.965,-1.887,-0.354,1.417,-176.6,-18.9,-10.0,71.1,-14.9
7525,F,11,R,H,EXTENSION,0.332,-0.058,-0.965,-1.975,-0.419,1.401,-176.6,-18.9,-9.9,71.1,-14.9
7535,F,11,R,H,EXTENSION,0.332,-0.058,-0.966,-2.025,-0.490,1.375,-176.6,-19.0,-9.8,71.0,-14.8
7545,F,11,R,H,EXTENSION,0.333,-0.057,-0.966,-2.016,-0.568,1.355,-176.6,-19.0,-9.7,71.0,-14.7
7555,F,11,R,H,EXTENSION,0.333,-0.057,-0.966,-1.967,-0.644,1.333,-176.6,-19.0,-9.7,71.0,-14.6
7565,F,11,R,H,EXTENSION,0.333,-0.058,-0.966,-1.951,-0.727,1.298,-176.6,-19.0,-9.8,71.0,-14.5
7575,F,11,R,H,EXTENSION,0.333,-0.058,-0.966,-1.997,-0.823,1.252,-176.6,-19.0,-9.8,71.0,-14.3
7585,F,11,R,H,EXTENSION,0.333,-0.058,-0.966,-2.099,-0.933,1.210,-176.6,-19.0,-9.9,71.0,-14.2
7595,F,11,R,H,EXTENSION,0.333,-0.058,-0.967,-2.242,-1.060,1.178,-176.6,-19.0,-9.8,71.0,-14.2
7605,F,11,R,H,EXTENSION,0.332,-0.057,-0.968,-2.384,-1.155,1.151,-176.6,-18.9,-9.8,71.1,-14.2
7615,F,11,R,H,EXTENSION,0.332,-0.057,-0.969,-2.487,-1.231,1.130,-176.7,-18.9,-9.7,71.1,-14.2
7625,F,11,R,H,EXTENSION,0.332,-0.057,-0.971,-2.541,-1.297,1.117,-176.7,-18.9,-9.7,71.1,-14.4
7635,F,11,R,H,EXTENSION,0.332,-0.056,-0.972,-2.532,-1.340,1.117,-176.7,-18.8,-9.6,71.2,-14.4
7645,F,11,R,H,EXTENSION,0.332,-0.055,-0.974,-2.467,-1.366,1.118,-176.7,-18.8,-9.5,71.2,-14.5
7655,F,11,R,H,EXTENSION,0.332,-0.055,-0.974,-2.365,-1.382,1.113,-176.8,-18.8,-9.4,71.2,-14.6
7665,F,11,R,H,EXTENSION,0.332,-0.055,-0.974,-2.275,-1.388,1.127,-176.8,-18.8,-9.5,71.2,-14.5
7675,F,11,R,H,EXTENSION,0.332,-0.056,-0.974,-2.228,-1.405,1.161,-176.7,-18.8,-9.5,71.2,-14.3
7685,F,11,R,H,EXTENSION,0.332,-0.056,-0.974,-2.219,-1.419,1.199,-176.7,-18.8,-9.6,71.2,-14.2
7695,F,11,R,H,EXTENSION,0.331,-0.056,-0.973,-2.253,-1.429,1.241,-176.7,-18.8,-9.6,71.2,-14.1
7705,F,11,R,H,EXTENSION,0.331,-0.056,-0.973,-2.290,-1.436,1.277,-176.7,-18.8,-9.7,71.2,-14.1
7715,F,11,R,H,EXTENSION,0.331,-0.056,-0.972,-2.345,-1.430,1.299,-176.7,-18.8,-9.6,71.2,-14.1
7725,F,11,R,H,EXTENSION,0.330,-0.056,-0.971,-2.382,-1.406,1.322,-176.7,-18.8,-9.6,71.2,-14.1
7735,F,11,R,H,EXTENSION,0.330,-0.056,-0.970,-2.386,-1.388,1.343,-176.7,-18.7,-9.7,71.3,-14.2
7745,F,11,R,H,EXTENSION,0.330,-0.056,-0.970,-2.344,-1.386,1.371,-176.7,-18.8,-9.6,71.2,-14.3
7755,F,11,R,H,EXTENSION,0.329,-0.055,-0.969,-2.282,-1.400,1.407,-176.7,-18.7,-9.6,71.3,-14.3
7765,F,11,R,H,EXTENSION,0.329,-0.055,-0.969,-2.192,-1.413,1.437,-176.8,-18.7,-9.4,71.3,-14.3
7775,F,11,R,H,EXTENSION,0.329,-0.055,-0.968,-2.062,-1.411,1.468,-176.8,-18.8,-9.4,71.2,-14.3
7785,F,11,R,H,EXTENSION,0.330,-0.054,-0.968,-1.926,-1.416,1.484,-176.8,-18.8,-9.3,71.2,-14.4
7796,F,11,R,H,EXTENSION,0.330,-0.054,-0.968,-1.774,-1.436,1.495,-176.8,-18.8,-9.3,71.2,-14.5
7806,F,11,R,H,EXTENSION,0.330,-0.053,-0.968,-1.607,-1.435,1.501,-176.8,-18.8,-9.2,71.2,-14.4
7816,F,11,R,H,EXTENSION,0.330,-0.053,-0.968,-1.439,-1.403,1.512,-176.9,-18.8,-9.1,71.2,-14.3
7826,F,11,R,H,EXTENSION,0.330,-0.053,-0.969,-1.295,-1.360,1.522,-176.9,-18.8,-9.1,71.2,-14.2
7836,F,11,R,H,EXTENSION,0.331,-0.053,-0.969,-1.194,-1.313,1.537,-176.9,-18.8,-9.1,71.2,-14.1
7846,F,11,R,H,EXTENSION,0.331,-0.053,-0.969,-1.153,-1.259,1.564,-176.9,-18.8,-9.1,71.2,-14.1
7856,F,11,R,H,EXTENSION,0.331,-0.053,-0.970,-1.151,-1.211,1.582,-176.9,-18.8,-9.1,71.2,-14.1
7866,F,11,R,H,EXTENSION,0.331,-0.053,-0.970,-1.158,-1.158,1.565,-176.9,-18.8,-9.1,71.2,-14.1
7876,F,11,R,H,EXTENSION,0.331,-0.053,-0.971,-1.168,-1.096,1.551,-176.9,-18.8,-9.1,71.2,-14.1
7886,F,11,R,H,EXTENSION,0.330,-0.053,-0.970,-1.168,-1.036,1.545,-176.9,-18.8,-9.1,71.2,-14.0
7896,F,11,R,H,EXTENSION,0.330,-0.052,-0.969,-1.174,-0.979,1.552,-176.9,-18.8,-9.0,71.2,-13.9
7906,F,11,R,H,EXTENSION,0.330,-0.052,-0.969,-1.151,-0.910,1.551,-176.9,-18.8,-9.0,71.2,-13.9
7916,F,11,R,H,EXTENSION,0.330,-0.052,-0.969,-1.100,-0.853,1.547,-176.9,-18.8,-8.9,71.2,-13.9
7926,F,11,R,H,EXTENSION,0.331,-0.052,-0.968,-1.021,-0.823,1.540,-176.9,-18.8,-8.9,71.2,-13.9
7936,F,11,R,H,EXTENSION,0.330,-0.052,-0.967,-0.934,-0.803,1.533,-176.9,-18.8,-8.9,71.2,-14.0
7946,F,11,R,H,EXTENSION,0.330,-0.052,-0.967,-0.852,-0.775,1.512,-176.9,-18.8,-9.0,71.2,-14.0
7956,F,11,R,H,EXTENSION,0.330,-0.052,-0.966,-0.767,-0.756,1.489,-176.9,-18.8,-9.0,71.2,-14.1
7966,F,11,R,H,EXTENSION,0.330,-0.052,-0.967,-0.691,-0.726,1.460,-176.9,-18.8,-9.0,71.2,-14.3
7976,F,11,R,H,EXTENSION,0.330,-0.053,-0.967,-0.616,-0.713,1.438,-176.9,-18.8,-9.1,71.2,-14.4
7986,F,11,R,H,EXTENSION,0.330,-0.052,-0.968,-0.556,-0.702,1.425,-176.9,-18.8,-9.0,71.2,-14.6
7996,F,11,R,H,EXTENSION,0.331,-0.053,-0.969,-0.509,-0.675,1.418,-176.9,-18.8,-9.0,71.2,-14.7
8006,F,11,R,H,EXTENSION,0.331,-0.053,-0.969,-0.501,-0.655,1.413,-176.8,-18.8,-9.2,71.2,-14.7
8016,F,11,R,H,EXTENSION,0.331,-0.054,-0.969,-0.529,-0.608,1.404,-176.8,-18.8,-9.2,71.2,-14.8
8026,F,11,R,H,EXTENSION,0.331,-0.054,-0.969,-0.593,-0.567,1.390,-176.8,-18.8,-9.2,71.2,-14.7
8036,F,11,R,H,EXTENSION,0.331,-0.054,-0.968,-0.675,-0.517,1.379,-176.8,-18.8,-9.3,71.2,-14.6
8046,F,11,R,H,EXTENSION,0.331,-0.054,-0.967,-0.756,-0.476,1.362,-176.8,-18.9,-9.3,71.1,-14.7
8056,F,11,R,H,EXTENSION,0.332,-0.054,-0.967,-0.853,-0.460,1.360,-176.8,-18.9,-9.3,71.1,-14.7
8066,F,11,R,H,EXTENSION,0.332,-0.054,-0.967,-0.953,-0.472,1.361,-176.8,-18.9,-9.3,71.1,-14.8
8076,F,11,R,H,EXTENSION,0.332,-0.054,-0.968,-1.062,-0.491,1.365,-176.8,-18.9,-9.3,71.1,-14.9
8086,F,11,R,H,EXTENSION,0.333,-0.054,-0.968,-1.126,-0.507,1.348,-176.8,-18.9,-9.3,71.1,-15.1
8096,F,11,R,H,EXTENSION,0.333,-0.054,-0.967,-1.151,-0.517,1.329,-176.8,-19.0,-9.3,71.0,-15.2
8107,F,11,R,H,EXTENSION,0.333,-0.054,-0.967,-1.117,-0.537,1.319,-176.8,-19.0,-9.2,71.0,-15.2
8117,F,11,R,H,EXTENSION,0.333,-0.054,-0.967,-1.001,-0.541,1.307,-176.8,-19.0,-9.2,71.0,-15.1
8127,F,11,R,H,EXTENSION,0.333,-0.054,-0.968,-0.863,-0.551,1.304,-176.8,-19.0,-9.2,71.0,-15.0
8137,F,11,R,H,EXTENSION,0.335,-0.054,-0.968,-0.763,-0.549,1.293,-176.8,-19.0,-9.2,71.0,-14.9
8147,F,11,R,H,EXTENSION,0.336,-0.054,-0.968,-0.689,-0.537,1.279,-176.8,-19.1,-9.1,70.9,-14.8
8157,F,11,R,H,EXTENSION,0.336,-0.054,-0.968,-0.654,-0.526,1.261,-176.8,-19.1,-9.1,70.9,-14.7
8167,F,11,R,H,EXTENSION,0.337,-0.054,-0.969,-0.628,-0.533,1.246,-176.8,-19.1,-9.1,70.9,-14.8
8177,F,11,R,H,EXTENSION,0.337,-0.054,-0.969,-0.614,-0.553,1.228,-176.8,-19.1,-9.1,70.9,-14.8
8187,F,11,R,H,EXTENSION,0.337,-0.055,-0.969,-0.599,-0.584,1.208,-176.8,-19.1,-9.2,70.9,-14.8
8197,F,11,R,H,EXTENSION,0.337,-0.055,-0.968,-0.589,-0.589,1.198,-176.8,-19.2,-9.2,70.8,-14.9
8207,F,11,R,H,EXTENSION,0.337,-0.055,-0.968,-0.594,-0.602,1.201,-176.7,-19.2,-9.3,70.8,-14.9
8217,F,11,R,H,EXTENSION,0.337,-0.055,-0.968,-0.598,-0.624,1.221,-176.8,-19.1,-9.2,70.9,-14.9
8227,F,11,R,H,EXTENSION,0.337,-0.055,-0.967,-0.596,-0.641,1.236,-176.7,-19.2,-9.3,70.8,-14.8
8237,F,11,R,H,EXTENSION,0.337,-0.055,-0.967,-0.592,-0.669,1.254,-176.7,-19.2,-9.3,70.8,-14.8
8247,F,11,R,H,EXTENSION,0.337,-0.056,-0.967,-0.570,-0.697,1.249,-176.7,-19.2,-9.4,70.8,-14.9
8257,F,11,R,H,EXTENSION,0.336,-0.056,-0.966,-0.566,-0.705,1.236,-176.7,-19.2,-9.5,70.8,-14.9
8267,F,11,R,H,EXTENSION,0.336,-0.057,-0.965,-0.586,-0.726,1.212,-176.6,-19.2,-9.6,70.8,-15.0
8277,F,11,R,H,EXTENSION,0.336,-0.057,-0.965,-0.599,-0.761,1.202,-176.6,-19.2,-9.6,70.8,-15.1
8287,F,11,R,H,EXTENSION,0.336,-0.056,-0.966,-0.618,-0.777,1.209,-176.7,-19.2,-9.5,70.8,-15.1
8297,F,11,R,H,EXTENSION,0.336,-0.057,-0.965,-0.631,-0.795,1.213,-176.6,-19.2,-9.6,70.8,-15.1
8307,F,11,R,H,EXTENSION,0.336,-0.056,-0.965,-0.621,-0.808,1.204,-176.6,-19.2,-9.5,70.8,-15.0
8317,F,11,R,H,EXTENSION,0.336,-0.057,-0.965,-0.588,-0.832,1.187,-176.6,-19.2,-9.6,70.8,-14.9
8327,F,11,R,H,EXTENSION,0.336,-0.057,-0.965,-0.542,-0.858,1.162,-176.6,-19.2,-9.7,70.8,-14.8
8337,F,11,R,H,EXTENSION,0.337,-0.057,-0.965,-0.484,-0.883,1.152,-176.6,-19.2,-9.7,70.8,-14.7
8347,F,11,R,H,EXTENSION,0.337,-0.057,-0.965,-0.444,-0.916,1.147,-176.6,-19.2,-9.7,70.8,-14.7
8357,F,11,R,H,EXTENSION,0.336,-0.057,-0.966,-0.418,-0.953,1.133,-176.6,-19.2,-9.7,70.8,-14.7
8367,F,11,R,H,EXTENSION,0.336,-0.058,-0.966,-0.412,-0.992,1.119,-176.6,-19.1,-9.8,70.9,-14.9
8377,F,11,R,H,EXTENSION,0.336,-0.059,-0.967,-0.422,-1.016,1.103,-176.5,-19.1,-9.9,70.9,-15.0
8387,F,11,R,H,EXTENSION,0.336,-0.059,-0.966,-0.453,-1.038,1.090,-176.5,-19.1,-9.9,70.9,-15.2
8397,F,11,R,H,EXTENSION,0.336,-0.059,-0.966,-0.472,-1.042,1.095,-176.5,-19.1,-9.9,70.9,-15.2
8407,F,11,R,H,EXTENSION,0.336,-0.059,-0.966,-0.482,-1.081,1.081,-176.5,-19.1,-9.9,70.9,-15.4
8418,F,11,R,H,EXTENSION,0.336,-0.059,-0.965,-0.474,-1.113,1.071,-176.5,-19.1,-9.9,70.9,-15.4
8428,F,11,R,H,EXTENSION,0.336,-0.059,-0.965,-0.484,-1.126,1.064,-176.5,-19.1,-10.0,70.9,-15.5
8438,F,11,R,H,EXTENSION,0.335,-0.059,-0.964,-0.506,-1.135,1.069,-176.5,-19.2,-10.0,70.8,-15.5
8448,F,11,R,H,EXTENSION,0.336,-0.059,-0.964,-0.521,-1.149,1.079,-176.5,-19.2,-10.0,70.8,-15.4
8458,F,11,R,H,EXTENSION,0.336,-0.059,-0.964,-0.520,-1.172,1.081,-176.5,-19.2,-9.9,70.8,-15.4
8468,F,11,R,H,EXTENSION,0.336,-0.059,-0.965,-0.487,-1.201,1.091,-176.5,-19.2,-10.0,70.8,-15.5
8478,F,11,R,H,EXTENSION,0.336,-0.059,-0.965,-0.426,-1.231,1.101,-176.5,-19.1,-10.0,70.9,-15.5
8488,F,11,R,H,EXTENSION,0.336,-0.059,-0.965,-0.344,-1.234,1.102,-176.5,-19.1,-10.0,70.9,-15.6
8498,F,11,R,H,EXTENSION,0.336,-0.059,-0.965,-0.273,-1.212,1.086,-176.5,-19.1,-10.0,70.9,-15.7
8508,F,11,R,H,EXTENSION,0.336,-0.060,-0.965,-0.235,-1.197,1.074,-176.5,-19.1,-10.1,70.9,-15.7
8518,F,11,R,H,EXTENSION,0.336,-0.060,-0.965,-0.244,-1.191,1.053,-176.5,-19.1,-10.1,70.9,-15.8
8528,F,11,R,H,EXTENSION,0.336,-0.060,-0.965,-0.270,-1.211,1.032,-176.4,-19.2,-10.2,70.8,-15.8
8538,F,11,R,H,EXTENSION,0.336,-0.060,-0.965,-0.347,-1.209,1.025,-176.4,-19.2,-10.2,70.8,-15.8
8548,F,11,R,H,EXTENSION,0.337,-0.061,-0.965,-0.434,-1.215,1.005,-176.4,-19.2,-10.2,70.8,-15.8
11,F,11,R,H,SUPINATION,0.329,-0.143,-0.908,-0.744,-1.571,1.097,-171.0,-19.7,-23.5,138.3,-23.5
21,F,11,R,H,SUPINATION,0.321,-0.217,-0.857,-1.109,-1.904,1.218,-165.8,-19.9,-34.0,137.9,-34.0
31,F,11,R,H,SUPINATION,0.313,-0.282,-0.812,-1.403,-2.215,1.358,-160.8,-20.0,-42.0,137.4,-42.0
41,F,11,R,H,SUPINATION,0.306,-0.341,-0.772,-1.622,-2.494,1.496,-156.1,-19.9,-48.1,137.1,-48.1
51,F,11,R,H,SUPINATION,0.298,-0.395,-0.735,-1.785,-2.704,1.628,-151.8,-19.7,-52.9,136.7,-52.9
61,F,11,R,H,SUPINATION,0.290,-0.443,-0.703,-1.911,-2.868,1.755,-147.8,-19.3,-56.7,136.5,-56.7
71,F,11,R,H,SUPINATION,0.283,-0.486,-0.674,-2.077,-2.938,1.906,-144.2,-18.8,-59.8,136.2,-59.8
81,F,11,R,H,SUPINATION,0.276,-0.525,-0.649,-2.329,-2.934,2.056,-141.0,-18.3,-62.2,135.9,-62.2
91,F,11,R,H,SUPINATION,0.271,-0.561,-0.626,-2.679,-2.854,2.216,-138.1,-17.9,-64.2,135.7,-64.2
101,F,11,R,H,SUPINATION,0.267,-0.593,-0.606,-3.149,-2.714,2.352,-135.6,-17.5,-65.8,135.5,-65.8
111,F,11,R,H,SUPINATION,0.264,-0.622,-0.586,-3.715,-2.565,2.438,-133.3,-17.1,-67.0,135.3,-67.0
121,F,11,R,H,SUPINATION,0.261,-0.648,-0.569,-4.345,-2.448,2.470,-131.3,-16.8,-68.1,135.1,-68.1
131,F,11,R,H,SUPINATION,0.258,-0.671,-0.553,-4.952,-2.311,2.481,-129.5,-16.6,-68.9,135.0,-68.9
141,F,11,R,H,SUPINATION,0.256,-0.691,-0.540,-5.465,-2.144,2.517,-128.0,-16.3,-69.7,134.9,-69.7
151,F,11,R,H,SUPINATION,0.255,-0.710,-0.527,-5.900,-1.952,2.576,-126.6,-16.1,-70.2,134.8,-70.2
161,F,11,R,H,SUPINATION,0.255,-0.728,-0.515,-6.269,-1.800,2.622,-125.3,-16.0,-70.7,134.7,-70.7
171,F,11,R,H,SUPINATION,0.254,-0.744,-0.504,-6.593,-1.739,2.625,-124.1,-15.8,-71.1,134.5,-71.1
181,F,11,R,H,SUPINATION,0.252,-0.758,-0.494,-6.894,-1.786,2.563,-123.1,-15.6,-71.6,134.4,-71.6
191,F,11,R,H,SUPINATION,0.249,-0.771,-0.484,-7.152,-1.866,2.471,-122.1,-15.3,-72.1,134.4,-72.1
201,F,11,R,H,SUPINATION,0.246,-0.782,-0.476,-7.292,-1.904,2.382,-121.3,-15.0,-72.5,134.2,-72.5
211,F,11,R,H,SUPINATION,0.243,-0.792,-0.469,-7.275,-1.886,2.311,-120.6,-14.8,-72.9,134.2,-72.9
221,F,11,R,H,SUPINATION,0.242,-0.800,-0.461,-7.106,-1.812,2.252,-120.0,-14.7,-73.2,134.1,-73.2
231,F,11,R,H,SUPINATION,0.241,-0.807,-0.455,-6.745,-1.731,2.206,-119.4,-14.6,-73.4,134.0,-73.4
241,F,11,R,H,SUPINATION,0.240,-0.812,-0.449,-6.212,-1.696,2.178,-119.0,-14.5,-73.5,133.9,-73.5
251,F,11,R,H,SUPINATION,0.239,-0.817,-0.444,-5.500,-1.709,2.162,-118.5,-14.4,-73.7,133.9,-73.7
261,F,11,R,H,SUPINATION,0.238,-0.822,-0.440,-4.607,-1.778,2.163,-118.2,-14.3,-73.9,133.8,-73.9
271,F,11,R,H,SUPINATION,0.236,-0.827,-0.437,-3.592,-1.837,2.180,-117.9,-14.2,-74.0,133.8,-74.0
281,F,11,R,H,SUPINATION,0.236,-0.832,-0.435,-2.540,-1.867,2.212,-117.6,-14.1,-74.2,133.7,-74.2
291,F,11,R,H,SUPINATION,0.235,-0.837,-0.433,-1.589,-1.840,2.251,-117.3,-14.0,-74.3,133.7,-74.3
301,F,11,R,H,SUPINATION,0.235,-0.843,-0.432,-0.834,-1.806,2.289,-117.1,-13.9,-74.4,133.6,-74.4
311,F,11,R,H,SUPINATION,0.234,-0.848,-0.430,-0.345,-1.772,2.312,-116.9,-13.8,-74.6,133.6,-74.6
321,F,11,R,H,SUPINATION,0.233,-0.852,-0.428,-0.127,-1.752,2.311,-116.7,-13.7,-74.7,133.5,-74.7
332,F,11,R,H,SUPINATION,0.231,-0.857,-0.426,-0.160,-1.666,2.318,-116.5,-13.6,-74.9,133.5,-74.9
342,F,11,R,H,SUPINATION,0.230,-0.860,-0.425,-0.356,-1.514,2.335,-116.3,-13.5,-75.0,133.5,-75.0
352,F,11,R,H,SUPINATION,0.230,-0.862,-0.424,-0.677,-1.315,2.354,-116.2,-13.5,-75.1,133.5,-75.1
362,F,11,R,H,SUPINATION,0.229,-0.864,-0.423,-1.065,-1.087,2.334,-116.1,-13.4,-75.1,133.4,-75.1
372,F,11,R,H,SUPINATION,0.229,-0.865,-0.422,-1.469,-0.845,2.299,-116.0,-13.4,-75.2,133.4,-75.2
382,F,11,R,H,SUPINATION,0.228,-0.865,-0.422,-1.819,-0.629,2.251,-116.0,-13.3,-75.2,133.4,-75.2
392,F,11,R,H,SUPINATION,0.228,-0.865,-0.421,-2.047,-0.444,2.219,-116.0,-13.3,-75.2,133.3,-75.2
402,F,11,R,H,SUPINATION,0.227,-0.865,-0.421,-2.136,-0.279,2.183,-116.0,-13.3,-75.3,133.3,-75.3
412,F,11,R,H,SUPINATION,0.227,-0.865,-0.421,-2.102,-0.097,2.165,-115.9,-13.3,-75.3,133.3,-75.3
422,F,11,R,H,SUPINATION,0.227,-0.866,-0.420,-1.981,0.073,2.177,-115.9,-13.3,-75.3,133.2,-75.3
432,F,11,R,H,SUPINATION,0.227,-0.866,-0.419,-1.829,0.264,2.185,-115.8,-13.3,-75.3,133.2,-75.3
442,F,11,R,H,SUPINATION,0.227,-0.868,-0.418,-1.701,0.450,2.180,-115.7,-13.3,-75.3,133.2,-75.3
452,F,11,R,H,SUPINATION,0.228,-0.870,-0.417,-1.620,0.596,2.209,-115.6,-13.3,-75.3,133.2,-75.3
462,F,11,R,H,SUPINATION,0.228,-0.872,-0.416,-1.584,0.718,2.232,-115.5,-13.3,-75.4,133.2,-75.4
472,F,11,R,H,SUPINATION,0.229,-0.874,-0.415,-1.644,0.809,2.254,-115.4,-13.3,-75.3,133.2,-75.3
482,F,11,R,H,SUPINATION,0.229,-0.875,-0.414,-1.806,0.875,2.255,-115.3,-13.3,-75.3,133.2,-75.3
492,F,11,R,H,SUPINATION,0.230,-0.876,-0.414,-2.041,0.892,2.239,-115.3,-13.4,-75.3,133.2,-75.3
502,F,11,R,H,SUPINATION,0.231,-0.876,-0.414,-2.273,0.922,2.199,-115.3,-13.4,-75.2,133.2,-75.2
512,F,11,R,H,SUPINATION,0.232,-0.877,-0.413,-2.470,0.945,2.172,-115.2,-13.5,-75.2,133.2,-75.2
522,F,11,R,H,SUPINATION,0.233,-0.877,-0.412,-2.613,0.934,2.125,-115.2,-13.5,-75.1,133.2,-75.1
532,F,11,R,H,SUPINATION,0.233,-0.878,-0.411,-2.712,0.907,2.046,-115.1,-13.5,-75.1,133.2,-75.1
542,F,11,R,H,SUPINATION,0.234,-0.878,-0.411,-2.729,0.867,1.954,-115.1,-13.6,-75.1,133.2,-75.1
552,F,11,R,H,SUPINATION,0.234,-0.878,-0.412,-2.618,0.828,1.855,-115.1,-13.5,-75.1,133.2,-75.1
562,F,11,R,H,SUPINATION,0.234,-0.878,-0.412,-2.437,0.814,1.766,-115.1,-13.6,-75.1,133.3,-75.1
572,F,11,R,H,SUPINATION,0.234,-0.879,-0.411,-2.307,0.831,1.673,-115.1,-13.5,-75.1,133.3,-75.1
582,F,11,R,H,SUPINATION,0.234,-0.880,-0.411,-2.246,0.851,1.580,-115.1,-13.5,-75.1,133.2,-75.1
592,F,11,R,H,SUPINATION,0.233,-0.882,-0.411,-2.224,0.853,1.496,-115.0,-13.5,-75.2,133.2,-75.2
602,F,11,R,H,SUPINATION,0.232,-0.882,-0.412,-2.222,0.831,1.382,-115.0,-13.4,-75.3,133.2,-75.3
612,F,11,R,H,SUPINATION,0.230,-0.883,-0.413,-2.226,0.831,1.271,-115.1,-13.3,-75.4,133.3,-75.4
622,F,11,R,H,SUPINATION,0.230,-0.883,-0.414,-2.292,0.896,1.191,-115.1,-13.2,-75.4,133.2,-75.4
632,F,11,R,H,SUPINATION,0.230,-0.884,-0.415,-2.419,0.984,1.156,-115.2,-13.2,-75.4,133.2,-75.4
643,F,11,R,H,SUPINATION,0.230,-0.884,-0.416,-2.543,1.038,1.181,-115.2,-13.2,-75.4,133.3,-75.4
653,F,11,R,H,SUPINATION,0.229,-0.884,-0.417,-2.600,1.038,1.220,-115.3,-13.2,-75.5,133.2,-75.5
663,F,11,R,H,SUPINATION,0.228,-0.883,-0.417,-2.616,1.016,1.256,-115.3,-13.2,-75.5,133.3,-75.5
673,F,11,R,H,SUPINATION,0.228,-0.883,-0.417,-2.563,1.018,1.290,-115.3,-13.2,-75.5,133.3,-75.5
683,F,11,R,H,SUPINATION,0.229,-0.884,-0.418,-2.478,1.013,1.345,-115.3,-13.2,-75.5,133.3,-75.5
693,F,11,R,H,SUPINATION,0.230,-0.883,-0.417,-2.428,1.044,1.443,-115.3,-13.2,-75.4,133.3,-75.4
703,F,11,R,H,SUPINATION,0.231,-0.883,-0.417,-2.384,1.035,1.556,-115.3,-13.3,-75.4,133.2,-75.4
713,F,11,R,H,SUPINATION,0.231,-0.883,-0.418,-2.326,0.980,1.680,-115.3,-13.3,-75.4,133.3,-75.4
723,F,11,R,H,SUPINATION,0.231,-0.883,-0.418,-2.241,0.913,1.809,-115.3,-13.3,-75.3,133.2,-75.3
733,F,11,R,H,SUPINATION,0.232,-0.883,-0.417,-2.145,0.828,1.927,-115.3,-13.3,-75.3,133.2,-75.3
743,F,11,R,H,SUPINATION,0.233,-0.884,-0.416,-2.045,0.668,2.061,-115.2,-13.4,-75.3,133.2,-75.3
753,F,11,R,H,SUPINATION,0.233,-0.884,-0.415,-1.942,0.508,2.190,-115.2,-13.4,-75.2,133.2,-75.2
763,F,11,R,H,SUPINATION,0.233,-0.884,-0.415,-1.849,0.339,2.293,-115.1,-13.4,-75.2,133.2,-75.2
773,F,11,R,H,SUPINATION,0.233,-0.885,-0.414,-1.817,0.186,2.390,-115.1,-13.4,-75.3,133.2,-75.3
783,F,11,R,H,SUPINATION,0.233,-0.884,-0.414,-1.842,0.082,2.488,-115.1,-13.4,-75.2,133.2,-75.2
793,F,11,R,H,SUPINATION,0.233,-0.884,-0.415,-1.913,-0.053,2.594,-115.1,-13.4,-75.2,133.2,-75.2
803,F,11,R,H,SUPINATION,0.234,-0.883,-0.415,-1.996,-0.180,2.665,-115.2,-13.5,-75.2,133.2,-75.2
813,F,11,R,H,SUPINATION,0.234,-0.882,-0.415,-2.067,-0.329,2.713,-115.2,-13.5,-75.1,133.1,-75.1
823,F,11,R,H,SUPINATION,0.234,-0.881,-0.415,-2.091,-0.469,2.748,-115.2,-13.5,-75.1,133.1,-75.1
833,F,11,R,H,SUPINATION,0.235,-0.880,-0.415,-2.077,-0.626,2.760,-115.2,-13.6,-75.1,133.1,-75.1
843,F,11,R,H,SUPINATION,0.234,-0.879,-0.415,-2.064,-0.767,2.765,-115.3,-13.6,-75.1,133.1,-75.1
853,F,11,R,H,SUPINATION,0.233,-0.879,-0.415,-2.052,-0.893,2.760,-115.3,-13.5,-75.1,133.1,-75.1
863,F,11,R,H,SUPINATION,0.232,-0.879,-0.415,-2.074,-0.965,2.747,-115.3,-13.4,-75.2,133.1,-75.2
873,F,11,R,H,SUPINATION,0.232,-0.880,-0.415,-2.121,-1.027,2.730,-115.3,-13.4,-75.2,133.1,-75.2
883,F,11,R,H,SUPINATION,0.232,-0.880,-0.415,-2.228,-1.076,2.707,-115.3,-13.4,-75.3,133.1,-75.3
893,F,11,R,H,SUPINATION,0.231,-0.880,-0.416,-2.373,-1.142,2.679,-115.3,-13.4,-75.3,133.1,-75.3
903,F,11,R,H,SUPINATION,0.230,-0.880,-0.417,-2.544,-1.206,2.657,-115.4,-13.3,-75.3,133.1,-75.3
913,F,11,R,H,SUPINATION,0.229,-0.880,-0.418,-2.749,-1.231,2.648,-115.4,-13.2,-75.4,133.1,-75.4
923,F,11,R,H,SUPINATION,0.228,-0.880,-0.418,-2.919,-1.239,2.621,-115.4,-13.2,-75.4,133.1,-75.4
933,F,11,R,H,SUPINATION,0.228,-0.880,-0.419,-3.069,-1.226,2.594,-115.4,-13.1,-75.5,133.1,-75.5
943,F,11,R,H,SUPINATION,0.227,-0.879,-0.419,-3.173,-1.193,2.563,-115.5,-13.1,-75.5,133.0,-75.5
954,F,11,R,H,SUPINATION,0.226,-0.878,-0.418,-3.201,-1.175,2.528,-115.5,-13.1,-75.5,133.0,-75.5
964,F,11,R,H,SUPINATION,0.226,-0.878,-0.418,-3.181,-1.147,2.491,-115.5,-13.1,-75.6,133.0,-75.6
974,F,11,R,H,SUPINATION,0.226,-0.877,-0.417,-3.140,-1.145,2.462,-115.4,-13.1,-75.6,133.0,-75.6
984,F,11,R,H,SUPINATION,0.226,-0.877,-0.418,-3.069,-1.127,2.412,-115.5,-13.1,-75.5,133.0,-75.5
994,F,11,R,H,SUPINATION,0.226,-0.876,-0.418,-2.997,-1.130,2.360,-115.5,-13.1,-75.6,133.1,-75.6
1004,F,11,R,H,SUPINATION,0.225,-0.876,-0.419,-2.916,-1.149,2.311,-115.5,-13.1,-75.6,133.0,-75.6
1014,F,11,R,H,SUPINATION,0.225,-0.876,-0.419,-2.789,-1.176,2.264,-115.5,-13.1,-75.6,133.0,-75.6
1024,F,11,R,H,SUPINATION,0.225,-0.877,-0.419,-2.672,-1.214,2.207,-115.6,-13.0,-75.6,133.1,-75.6
1034,F,11,R,H,SUPINATION,0.225,-0.877,-0.420,-2.580,-1.259,2.146,-115.6,-13.0,-75.6,133.1,-75.6
1044,F,11,R,H,SUPINATION,0.225,-0.877,-0.420,-2.547,-1.316,2.069,-115.6,-13.0,-75.6,133.1,-75.6
1054,F,11,R,H,SUPINATION,0.225,-0.878,-0.420,-2.567,-1.384,1.971,-115.6,-13.0,-75.6,133.2,-75.6
1064,F,11,R,H,SUPINATION,0.225,-0.878,-0.420,-2.692,-1.457,1.860,-115.6,-13.0,-75.6,133.1,-75.6
1074,F,11,R,H,SUPINATION,0.224,-0.879,-0.421,-2.906,-1.493,1.742,-115.6,-13.0,-75.7,133.1,-75.7
1084,F,11,R,H,SUPINATION,0.224,-0.879,-0.421,-3.279,-1.523,1.643,-115.6,-13.0,-75.7,133.1,-75.7
1094,F,11,R,H,SUPINATION,0.224,-0.880,-0.422,-3.776,-1.580,1.563,-115.6,-13.0,-75.7,133.1,-75.7
1104,F,11,R,H,SUPINATION,0.224,-0.880,-0.423,-4.344,-1.657,1.477,-115.7,-12.9,-75.7,133.1,-75.7
1114,F,11,R,H,SUPINATION,0.224,-0.880,-0.424,-4.983,-1.732,1.395,-115.7,-12.9,-75.7,133.1,-75.7
1124,F,11,R,H,SUPINATION,0.223,-0.880,-0.424,-5.653,-1.812,1.329,-115.8,-12.9,-75.8,133.1,-75.8
1134,F,11,R,H,SUPINATION,0.223,-0.880,-0.425,-6.390,-1.872,1.299,-115.8,-12.8,-75.8,133.1,-75.8
1144,F,11,R,H,SUPINATION,0.223,-0.879,-0.426,-7.180,-1.900,1.321,-115.8,-12.8,-75.8,133.0,-75.8
1154,F,11,R,H,SUPINATION,0.223,-0.878,-0.426,-7.963,-1.939,1.381,-115.9,-12.8,-75.8,133.0,-75.8
1164,F,11,R,H,SUPINATION,0.222,-0.877,-0.427,-8.792,-1.951,1.443,-116.0,-12.8,-75.8,132.9,-75.8
1174,F,11,R,H,SUPINATION,0.222,-0.876,-0.428,-9.616,-1.951,1.502,-116.0,-12.8,-75.8,132.8,-75.8
1184,F,11,R,H,SUPINATION,0.223,-0.876,-0.430,-10.365,-1.961,1.534,-116.1,-12.9,-75.7,132.7,-75.7
1194,F,11,R,H,SUPINATION,0.223,-0.874,-0.431,-11.055,-2.004,1.561,-116.2,-12.9,-75.7,132.6,-75.7
1204,F,11,R,H,SUPINATION,0.223,-0.873,-0.433,-11.657,-2.065,1.587,-116.4,-12.9,-75.7,132.5,-75.7
1214,F,11,R,H,SUPINATION,0.223,-0.872,-0.436,-12.107,-2.156,1.612,-116.6,-12.9,-75.6,132.4,-75.6
1224,F,11,R,H,SUPINATION,0.223,-0.871,-0.438,-12.427,-2.273,1.650,-116.7,-12.9,-75.6,132.4,-75.6
1234,F,11,R,H,SUPINATION,0.223,-0.871,-0.441,-12.622,-2.437,1.687,-116.8,-12.9,-75.6,132.3,-75.6
1244,F,11,R,H,SUPINATION,0.223,-0.871,-0.442,-12.719,-2.613,1.745,-116.9,-12.8,-75.7,132.3,-75.7
1254,F,11,R,H,SUPINATION,0.222,-0.872,-0.444,-12.741,-2.774,1.800,-117.0,-12.8,-75.7,132.2,-75.7
1265,F,11,R,H,SUPINATION,0.221,-0.871,-0.446,-12.727,-2.879,1.849,-117.1,-12.7,-75.8,132.2,-75.8
1275,F,11,R,H,SUPINATION,0.220,-0.871,-0.448,-12.686,-2.912,1.888,-117.2,-12.7,-75.8,132.2,-75.8
1285,F,11,R,H,SUPINATION,0.219,-0.870,-0.448,-12.554,-2.884,1.919,-117.3,-12.6,-75.8,132.2,-75.8
1295,F,11,R,H,SUPINATION,0.219,-0.869,-0.450,-12.330,-2.820,1.940,-117.4,-12.6,-75.8,132.2,-75.8
1305,F,11,R,H,SUPINATION,0.219,-0.867,-0.450,-11.973,-2.759,1.968,-117.5,-12.6,-75.8,132.3,-75.8
1315,F,11,R,H,SUPINATION,0.219,-0.865,-0.452,-11.474,-2.741,1.978,-117.6,-12.6,-75.8,132.3,-75.8
1325,F,11,R,H,SUPINATION,0.219,-0.864,-0.452,-10.885,-2.760,1.980,-117.6,-12.6,-75.8,132.4,-75.8
1335,F,11,R,H,SUPINATION,0.218,-0.864,-0.453,-10.237,-2.826,1.963,-117.7,-12.6,-75.8,132.5,-75.8
1345,F,11,R,H,SUPINATION,0.218,-0.863,-0.454,-9.622,-2.884,1.927,-117.7,-12.6,-75.8,132.5,-75.8
1355,F,11,R,H,SUPINATION,0.218,-0.863,-0.455,-9.089,-2.931,1.891,-117.8,-12.6,-75.8,132.6,-75.8
1365,F,11,R,H,SUPINATION,0.218,-0.862,-0.455,-8.617,-2.940,1.845,-117.8,-12.6,-75.8,132.6,-75.8
1375,F,11,R,H,SUPINATION,0.218,-0.862,-0.455,-8.260,-2.912,1.807,-117.8,-12.6,-75.8,132.7,-75.8
1385,F,11,R,H,SUPINATION,0.218,-0.860,-0.456,-7.967,-2.851,1.782,-117.9,-12.6,-75.8,132.7,-75.8
1395,F,11,R,H,SUPINATION,0.218,-0.859,-0.457,-7.704,-2.791,1.738,-118.0,-12.6,-75.8,132.7,-75.8
1405,F,11,R,H,SUPINATION,0.218,-0.858,-0.458,-7.475,-2.750,1.691,-118.1,-12.7,-75.7,132.8,-75.7
1415,F,11,R,H,SUPINATION,0.218,-0.858,-0.459,-7.318,-2.732,1.643,-118.2,-12.7,-75.7,132.8,-75.7
1425,F,11,R,H,SUPINATION,0.218,-0.858,-0.460,-7.236,-2.731,1.591,-118.2,-12.6,-75.7,132.8,-75.7
1435,F,11,R,H,SUPINATION,0.218,-0.859,-0.461,-7.218,-2.755,1.529,-118.2,-12.6,-75.8,132.8,-75.8
1445,F,11,R,H,SUPINATION,0.218,-0.859,-0.462,-7.310,-2.784,1.444,-118.3,-12.6,-75.8,132.8,-75.8
1455,F,11,R,H,SUPINATION,0.218,-0.859,-0.463,-7.478,-2.784,1.351,-118.3,-12.6,-75.8,132.8,-75.8
1465,F,11,R,H,SUPINATION,0.217,-0.858,-0.464,-7.764,-2.746,1.283,-118.4,-12.6,-75.8,132.8,-75.8
1475,F,11,R,H,SUPINATION,0.217,-0.858,-0.465,-8.131,-2.707,1.232,-118.5,-12.5,-75.8,132.8,-75.8
1485,F,11,R,H,SUPINATION,0.217,-0.857,-0.467,-8.566,-2.641,1.189,-118.6,-12.5,-75.8,132.8,-75.8
1495,F,11,R,H,SUPINATION,0.217,-0.856,-0.468,-9.084,-2.545,1.137,-118.7,-12.5,-75.8,132.8,-75.8
1505,F,11,R,H,SUPINATION,0.217,-0.855,-0.470,-9.683,-2.437,1.075,-118.8,-12.5,-75.8,132.8,-75.8
1515,F,11,R,H,SUPINATION,0.217,-0.854,-0.472,-10.317,-2.312,1.014,-118.9,-12.5,-75.8,132.8,-75.8
1525,F,11,R,H,SUPINATION,0.217,-0.853,-0.474,-11.002,-2.200,0.958,-119.1,-12.5,-75.7,132.8,-75.7
1535,F,11,R,H,SUPINATION,0.218,-0.852,-0.477,-11.694,-2.092,0.907,-119.2,-12.6,-75.7,132.8,-75.7
1545,F,11,R,H,SUPINATION,0.218,-0.851,-0.479,-12.354,-2.022,0.858,-119.3,-12.6,-75.6,132.8,-75.6
1555,F,11,R,H,SUPINATION,0.217,-0.850,-0.480,-12.972,-2.002,0.819,-119.5,-12.6,-75.7,132.8,-75.7
1565,F,11,R,H,SUPINATION,0.217,-0.849,-0.482,-13.490,-1.992,0.781,-119.6,-12.6,-75.6,132.8,-75.6
1576,F,11,R,H,SUPINATION,0.217,-0.848,-0.484,-13.867,-1.956,0.784,-119.7,-12.5,-75.7,132.7,-75.7
1586,F,11,R,H,SUPINATION,0.216,-0.846,-0.487,-14.081,-1.922,0.784,-119.9,-12.5,-75.7,132.7,-75.7
1596,F,11,R,H,SUPINATION,0.217,-0.845,-0.489,-14.156,-1.875,0.759,-120.0,-12.5,-75.6,132.6,-75.6
1606,F,11,R,H,SUPINATION,0.216,-0.844,-0.490,-14.110,-1.813,0.717,-120.2,-12.5,-75.6,132.5,-75.6
1616,F,11,R,H,SUPINATION,0.217,-0.843,-0.493,-13.983,-1.757,0.674,-120.3,-12.5,-75.6,132.5,-75.6
1626,F,11,R,H,SUPINATION,0.216,-0.841,-0.495,-13.742,-1.708,0.609,-120.5,-12.5,-75.6,132.4,-75.6
1636,F,11,R,H,SUPINATION,0.216,-0.840,-0.497,-13.425,-1.648,0.535,-120.6,-12.5,-75.6,132.3,-75.6
1646,F,11,R,H,SUPINATION,0.215,-0.839,-0.498,-13.054,-1.614,0.447,-120.7,-12.4,-75.6,132.2,-75.6
1656,F,11,R,H,SUPINATION,0.215,-0.839,-0.500,-12.643,-1.566,0.392,-120.8,-12.4,-75.6,132.1,-75.6
1666,F,11,R,H,SUPINATION,0.215,-0.838,-0.502,-12.211,-1.511,0.354,-120.9,-12.4,-75.6,132.1,-75.6
1676,F,11,R,H,SUPINATION,0.215,-0.837,-0.504,-11.752,-1.463,0.333,-121.0,-12.4,-75.6,132.0,-75.6
1686,F,11,R,H,SUPINATION,0.215,-0.837,-0.505,-11.228,-1.421,0.321,-121.1,-12.4,-75.6,131.9,-75.6
1696,F,11,R,H,SUPINATION,0.215,-0.836,-0.507,-10.649,-1.408,0.303,-121.2,-12.4,-75.6,131.8,-75.6
1706,F,11,R,H,SUPINATION,0.215,-0.835,-0.508,-10.025,-1.395,0.290,-121.3,-12.4,-75.5,131.8,-75.5
1716,F,11,R,H,SUPINATION,0.216,-0.834,-0.510,-9.378,-1.353,0.273,-121.4,-12.4,-75.5,131.7,-75.5
1726,F,11,R,H,SUPINATION,0.216,-0.834,-0.511,-8.766,-1.287,0.269,-121.5,-12.5,-75.5,131.7,-75.5
1736,F,11,R,H,SUPINATION,0.216,-0.833,-0.512,-8.199,-1.199,0.271,-121.5,-12.5,-75.4,131.6,-75.4
1746,F,11,R,H,SUPINATION,0.217,-0.833,-0.512,-7.681,-1.128,0.269,-121.6,-12.5,-75.4,131.5,-75.4
1756,F,11,R,H,SUPINATION,0.217,-0.833,-0.513,-7.222,-1.074,0.269,-121.6,-12.5,-75.4,131.5,-75.4
1766,F,11,R,H,SUPINATION,0.218,-0.833,-0.513,-6.809,-1.041,0.268,-121.7,-12.6,-75.3,131.4,-75.3
1776,F,11,R,H,SUPINATION,0.218,-0.832,-0.514,-6.450,-1.044,0.265,-121.7,-12.6,-75.3,131.3,-75.3
1786,F,11,R,H,SUPINATION,0.218,-0.832,-0.515,-6.168,-1.081,0.250,-121.7,-12.6,-75.3,131.3,-75.3
1796,F,11,R,H,SUPINATION,0.218,-0.831,-0.516,-5.965,-1.140,0.218,-121.8,-12.6,-75.3,131.2,-75.3
1806,F,11,R,H,SUPINATION,0.218,-0.831,-0.517,-5.790,-1.175,0.208,-121.9,-12.6,-75.3,131.2,-75.3
1816,F,11,R,H,SUPINATION,0.218,-0.830,-0.517,-5.629,-1.140,0.226,-121.9,-12.5,-75.3,131.2,-75.3
1826,F,11,R,H,SUPINATION,0.218,-0.830,-0.518,-5.476,-1.093,0.257,-122.0,-12.5,-75.3,131.1,-75.3
1836,F,11,R,H,SUPINATION,0.218,-0.830,-0.520,-5.281,-1.048,0.300,-122.1,-12.5,-75.3,131.1,-75.3
1846,F,11,R,H,SUPINATION,0.218,-0.830,-0.521,-5.056,-1.036,0.318,-122.1,-12.6,-75.3,131.1,-75.3
1856,F,11,R,H,SUPINATION,0.218,-0.830,-0.522,-4.818,-1.055,0.322,-122.2,-12.5,-75.3,131.1,-75.3
1866,F,11,R,H,SUPINATION,0.218,-0.831,-0.523,-4.584,-1.077,0.366,-122.2,-12.5,-75.3,131.1,-75.3
1876,F,11,R,H,SUPINATION,0.217,-0.831,-0.524,-4.428,-1.089,0.400,-122.2,-12.5,-75.3,131.0,-75.3
1887,F,11,R,H,SUPINATION,0.218,-0.831,-0.525,-4.368,-1.081,0.462,-122.3,-12.5,-75.3,131.0,-75.3
1897,F,11,R,H,SUPINATION,0.217,-0.830,-0.525,-4.411,-1.056,0.514,-122.3,-12.5,-75.3,130.9,-75.3
1907,F,11,R,H,SUPINATION,0.217,-0.830,-0.525,-4.535,-1.006,0.553,-122.3,-12.5,-75.3,130.9,-75.3
1917,F,11,R,H,SUPINATION,0.217,-0.828,-0.525,-4.699,-0.959,0.596,-122.4,-12.5,-75.3,130.8,-75.3
1927,F,11,R,H,SUPINATION,0.218,-0.827,-0.525,-4.880,-0.897,0.627,-122.4,-12.5,-75.3,130.8,-75.3
1937,F,11,R,H,SUPINATION,0.218,-0.826,-0.526,-5.078,-0.869,0.646,-122.5,-12.6,-75.2,130.8,-75.2
1947,F,11,R,H,SUPINATION,0.218,-0.826,-0.527,-5.306,-0.865,0.686,-122.5,-12.6,-75.2,130.8,-75.2
1957,F,11,R,H,SUPINATION,0.218,-0.826,-0.527,-5.567,-0.880,0.719,-122.5,-12.6,-75.2,130.7,-75.2
1967,F,11,R,H,SUPINATION,0.218,-0.826,-0.528,-5.889,-0.932,0.743,-122.6,-12.5,-75.2,130.7,-75.2
1977,F,11,R,H,SUPINATION,0.218,-0.826,-0.528,-6.274,-0.981,0.749,-122.6,-12.5,-75.2,130.7,-75.2
1987,F,11,R,H,SUPINATION,0.218,-0.827,-0.528,-6.737,-0.983,0.749,-122.6,-12.5,-75.2,130.6,-75.2
1997,F,11,R,H,SUPINATION,0.218,-0.827,-0.529,-7.280,-0.930,0.760,-122.6,-12.5,-75.3,130.6,-75.3
2007,F,11,R,H,SUPINATION,0.217,-0.826,-0.529,-7.871,-0.841,0.792,-122.6,-12.5,-75.2,130.5,-75.2
2017,F,11,R,H,SUPINATION,0.218,-0.824,-0.529,-8.473,-0.739,0.826,-122.7,-12.5,-75.2,130.5,-75.2
2027,F,11,R,H,SUPINATION,0.219,-0.822,-0.529,-9.026,-0.617,0.854,-122.8,-12.6,-75.1,130.4,-75.1
2037,F,11,R,H,SUPINATION,0.220,-0.820,-0.530,-9.505,-0.539,0.856,-122.9,-12.7,-75.0,130.4,-75.0
2047,F,11,R,H,SUPINATION,0.221,-0.818,-0.531,-9.882,-0.553,0.832,-123.0,-12.8,-74.9,130.3,-74.9
2057,F,11,R,H,SUPINATION,0.221,-0.815,-0.532,-10.099,-0.630,0.761,-123.1,-12.8,-74.8,130.2,-74.8
2067,F,11,R,H,SUPINATION,0.222,-0.814,-0.532,-10.184,-0.739,0.657,-123.2,-12.8,-74.8,130.1,-74.8
2077,F,11,R,H,SUPINATION,0.222,-0.813,-0.534,-10.148,-0.859,0.552,-123.3,-12.8,-74.7,130.0,-74.7
2087,F,11,R,H,SUPINATION,0.221,-0.812,-0.535,-10.027,-0.951,0.432,-123.4,-12.8,-74.8,129.9,-74.8
2097,F,11,R,H,SUPINATION,0.221,-0.811,-0.537,-9.887,-1.009,0.304,-123.5,-12.8,-74.7,129.9,-74.7
2107,F,11,R,H,SUPINATION,0.221,-0.811,-0.539,-9.737,-1.052,0.171,-123.6,-12.8,-74.7,129.7,-74.7
2117,F,11,R,H,SUPINATION,0.222,-0.811,-0.541,-9.617,-1.096,0.032,-123.7,-12.8,-74.7,129.6,-74.7
2127,F,11,R,H,SUPINATION,0.222,-0.811,-0.543,-9.556,-1.134,-0.113,-123.8,-12.8,-74.7,129.5,-74.7
2137,F,11,R,H,SUPINATION,0.222,-0.811,-0.544,-9.579,-1.181,-0.233,-123.9,-12.8,-74.7,129.4,-74.7
2147,F,11,R,H,SUPINATION,0.222,-0.811,-0.547,-9.673,-1.191,-0.346,-124.0,-12.8,-74.7,129.3,-74.7
2157,F,11,R,H,SUPINATION,0.221,-0.810,-0.548,-9.802,-1.165,-0.426,-124.1,-12.8,-74.7,129.2,-74.7
2167,F,11,R,H,SUPINATION,0.222,-0.810,-0.550,-9.982,-1.097,-0.486,-124.2,-12.8,-74.7,129.1,-74.7
2177,F,11,R,H,SUPINATION,0.222,-0.809,-0.551,-10.216,-1.017,-0.548,-124.3,-12.8,-74.6,128.9,-74.6
2187,F,11,R,H,SUPINATION,0.223,-0.808,-0.552,-10.481,-0.956,-0.620,-124.4,-12.8,-74.6,128.7,-74.6
2198,F,11,R,H,SUPINATION,0.223,-0.807,-0.553,-10.766,-0.883,-0.673,-124.5,-12.8,-74.6,128.5,-74.6
2208,F,11,R,H,SUPINATION,0.223,-0.806,-0.555,-11.053,-0.834,-0.710,-124.6,-12.9,-74.5,128.3,-74.5
2218,F,11,R,H,SUPINATION,0.224,-0.805,-0.556,-11.315,-0.790,-0.748,-124.6,-12.9,-74.5,128.1,-74.5
2228,F,11,R,H,SUPINATION,0.224,-0.804,-0.557,-11.551,-0.759,-0.781,-124.7,-12.9,-74.4,128.0,-74.4
2238,F,11,R,H,SUPINATION,0.224,-0.803,-0.559,-11.780,-0.737,-0.843,-124.8,-12.9,-74.4,127.8,-74.4
2248,F,11,R,H,SUPINATION,0.225,-0.802,-0.561,-12.002,-0.708,-0.912,-124.9,-12.9,-74.4,127.6,-74.4
2258,F,11,R,H,SUPINATION,0.225,-0.801,-0.562,-12.189,-0.670,-0.995,-125.1,-13.0,-74.3,127.4,-74.3
2268,F,11,R,H,SUPINATION,0.225,-0.800,-0.563,-12.347,-0.626,-1.091,-125.2,-13.0,-74.3,127.3,-74.3
2278,F,11,R,H,SUPINATION,0.225,-0.799,-0.565,-12.502,-0.583,-1.180,-125.3,-13.0,-74.3,127.1,-74.3
2288,F,11,R,H,SUPINATION,0.225,-0.798,-0.566,-12.597,-0.516,-1.262,-125.4,-13.0,-74.2,126.9,-74.2
2298,F,11,R,H,SUPINATION,0.226,-0.796,-0.568,-12.691,-0.434,-1.334,-125.5,-13.0,-74.2,126.8,-74.2
2308,F,11,R,H,SUPINATION,0.226,-0.795,-0.570,-12.798,-0.354,-1.384,-125.6,-13.0,-74.2,126.6,-74.2
2318,F,11,R,H,SUPINATION,0.226,-0.795,-0.571,-12.956,-0.276,-1.434,-125.7,-13.0,-74.1,126.5,-74.1
2328,F,11,R,H,SUPINATION,0.226,-0.793,-0.572,-13.186,-0.207,-1.484,-125.8,-13.0,-74.1,126.4,-74.1
2338,F,11,R,H,SUPINATION,0.227,-0.793,-0.573,-13.520,-0.147,-1.521,-125.9,-13.1,-74.0,126.3,-74.0
2348,F,11,R,H,SUPINATION,0.228,-0.792,-0.575,-13.902,-0.117,-1.550,-126.0,-13.1,-74.0,126.2,-74.0
2358,F,11,R,H,SUPINATION,0.229,-0.791,-0.577,-14.320,-0.107,-1.564,-126.1,-13.1,-73.9,126.1,-73.9
2368,F,11,R,H,SUPINATION,0.230,-0.790,-0.579,-14.739,-0.098,-1.558,-126.2,-13.2,-73.8,126.0,-73.8
2378,F,11,R,H,SUPINATION,0.230,-0.789,-0.582,-15.130,-0.092,-1.554,-126.4,-13.2,-73.7,125.9,-73.7
2388,F,11,R,H,SUPINATION,0.231,-0.787,-0.584,-15.454,-0.104,-1.529,-126.6,-13.3,-73.6,125.8,-73.6
2398,F,11,R,H,SUPINATION,0.232,-0.785,-0.586,-15.730,-0.106,-1.509,-126.7,-13.3,-73.5,125.7,-73.5
2408,F,11,R,H,SUPINATION,0.232,-0.783,-0.588,-15.950,-0.115,-1.505,-126.9,-13.4,-73.5,125.7,-73.5
2418,F,11,R,H,SUPINATION,0.233,-0.781,-0.589,-16.099,-0.092,-1.506,-127.0,-13.4,-73.4,125.5,-73.4
2428,F,11,R,H,SUPINATION,0.233,-0.780,-0.591,-16.201,-0.072,-1.503,-127.2,-13.4,-73.4,125.5,-73.4
2438,F,11,R,H,SUPINATION,0.234,-0.778,-0.593,-16.250,-0.051,-1.494,-127.3,-13.4,-73.3,125.4,-73.3
2448,F,11,R,H,SUPINATION,0.234,-0.777,-0.595,-16.282,-0.049,-1.466,-127.5,-13.5,-73.2,125.4,-73.2
2458,F,11,R,H,SUPINATION,0.235,-0.775,-0.598,-16.249,-0.090,-1.425,-127.7,-13.5,-73.2,125.3,-73.2
2468,F,11,R,H,SUPINATION,0.235,-0.774,-0.601,-16.160,-0.171,-1.402,-127.8,-13.5,-73.1,125.2,-73.1
2478,F,11,R,H,SUPINATION,0.235,-0.772,-0.604,-16.016,-0.263,-1.361,-128.0,-13.5,-73.1,125.1,-73.1
2488,F,11,R,H,SUPINATION,0.235,-0.771,-0.606,-15.818,-0.311,-1.316,-128.2,-13.5,-73.1,125.0,-73.1
2498,F,11,R,H,SUPINATION,0.235,-0.770,-0.608,-15.623,-0.311,-1.250,-128.3,-13.4,-73.1,124.9,-73.1
2509,F,11,R,H,SUPINATION,0.234,-0.769,-0.609,-15.352,-0.273,-1.180,-128.4,-13.4,-73.1,124.8,-73.1
2519,F,11,R,H,SUPINATION,0.234,-0.767,-0.611,-14.997,-0.219,-1.109,-128.5,-13.4,-73.0,124.8,-73.0
2529,F,11,R,H,SUPINATION,0.234,-0.765,-0.612,-14.553,-0.158,-1.031,-128.7,-13.4,-73.0,124.7,-73.0
2539,F,11,R,H,SUPINATION,0.235,-0.763,-0.613,-14.010,-0.127,-0.974,-128.8,-13.5,-72.9,124.6,-72.9
2549,F,11,R,H,SUPINATION,0.235,-0.761,-0.614,-13.433,-0.141,-0.916,-128.9,-13.5,-72.8,124.6,-72.8
2559,F,11,R,H,SUPINATION,0.236,-0.760,-0.615,-12.855,-0.187,-0.868,-128.9,-13.5,-72.8,124.5,-72.8
2569,F,11,R,H,SUPINATION,0.236,-0.759,-0.615,-12.321,-0.247,-0.824,-129.0,-13.6,-72.7,124.4,-72.7
2579,F,11,R,H,SUPINATION,0.237,-0.758,-0.616,-11.854,-0.290,-0.777,-129.1,-13.6,-72.7,124.3,-72.7
2589,F,11,R,H,SUPINATION,0.237,-0.757,-0.618,-11.479,-0.348,-0.742,-129.2,-13.7,-72.6,124.3,-72.6
2599,F,11,R,H,SUPINATION,0.238,-0.756,-0.618,-11.177,-0.406,-0.697,-129.3,-13.7,-72.5,124.2,-72.5
2609,F,11,R,H,SUPINATION,0.239,-0.755,-0.619,-10.937,-0.464,-0.654,-129.4,-13.7,-72.4,124.2,-72.4
2619,F,11,R,H,SUPINATION,0.239,-0.754,-0.621,-10.707,-0.554,-0.629,-129.5,-13.8,-72.4,124.1,-72.4
2629,F,11,R,H,SUPINATION,0.239,-0.753,-0.622,-10.474,-0.651,-0.600,-129.6,-13.8,-72.4,124.0,-72.4
2639,F,11,R,H,SUPINATION,0.240,-0.752,-0.623,-10.264,-0.706,-0.579,-129.6,-13.8,-72.3,123.9,-72.3
2649,F,11,R,H,SUPINATION,0.240,-0.751,-0.624,-10.097,-0.728,-0.560,-129.7,-13.8,-72.3,123.8,-72.3
2659,F,11,R,H,SUPINATION,0.240,-0.751,-0.626,-9.986,-0.726,-0.528,-129.8,-13.8,-72.3,123.6,-72.3
2669,F,11,R,H,SUPINATION,0.240,-0.751,-0.627,-9.955,-0.727,-0.482,-129.9,-13.8,-72.2,123.5,-72.2
2679,F,11,R,H,SUPINATION,0.241,-0.750,-0.629,-9.978,-0.741,-0.425,-130.0,-13.8,-72.2,123.4,-72.2
2689,F,11,R,H,SUPINATION,0.241,-0.749,-0.631,-10.015,-0.777,-0.359,-130.1,-13.8,-72.2,123.2,-72.2
2699,F,11,R,H,SUPINATION,0.241,-0.747,-0.633,-10.055,-0.796,-0.290,-130.3,-13.9,-72.1,123.1,-72.1
2709,F,11,R,H,SUPINATION,0.242,-0.745,-0.635,-10.083,-0.831,-0.221,-130.4,-13.9,-72.0,123.0,-72.0
2719,F,11,R,H,SUPINATION,0.242,-0.744,-0.637,-10.091,-0.864,-0.157,-130.6,-13.9,-72.0,122.8,-72.0
2729,F,11,R,H,SUPINATION,0.242,-0.742,-0.638,-10.064,-0.913,-0.111,-130.7,-13.9,-71.9,122.6,-71.9
2739,F,11,R,H,SUPINATION,0.243,-0.741,-0.639,-9.990,-0.972,-0.068,-130.8,-13.9,-71.9,122.5,-71.9
2749,F,11,R,H,SUPINATION,0.243,-0.739,-0.641,-9.834,-1.033,-0.015,-130.9,-14.0,-71.8,122.3,-71.8
2759,F,11,R,H,SUPINATION,0.243,-0.738,-0.642,-9.570,-1.094,0.059,-131.0,-14.0,-71.7,122.1,-71.7
2769,F,11,R,H,SUPINATION,0.244,-0.736,-0.642,-9.143,-1.157,0.123,-131.1,-14.0,-71.7,122.0,-71.7
2779,F,11,R,H,SUPINATION,0.244,-0.734,-0.643,-8.540,-1.204,0.174,-131.2,-14.0,-71.6,121.8,-71.6
2789,F,11,R,H,SUPINATION,0.245,-0.732,-0.643,-7.804,-1.211,0.173,-131.3,-14.1,-71.5,121.7,-71.5
2799,F,11,R,H,SUPINATION,0.246,-0.732,-0.644,-7.023,-1.232,0.118,-131.3,-14.1,-71.4,121.6,-71.4
2809,F,11,R,H,SUPINATION,0.246,-0.733,-0.645,-6.301,-1.266,0.040,-131.4,-14.1,-71.5,121.4,-71.5
2820,F,11,R,H,SUPINATION,0.246,-0.733,-0.646,-5.726,-1.299,-0.020,-131.4,-14.1,-71.5,121.3,-71.5
2830,F,11,R,H,SUPINATION,0.245,-0.734,-0.646,-5.358,-1.334,-0.063,-131.3,-14.1,-71.5,121.2,-71.5
2840,F,11,R,H,SUPINATION,0.245,-0.735,-0.647,-5.198,-1.338,-0.064,-131.3,-14.0,-71.6,121.0,-71.6
2850,F,11,R,H,SUPINATION,0.245,-0.735,-0.648,-5.219,-1.320,-0.029,-131.4,-14.1,-71.5,120.9,-71.5
2860,F,11,R,H,SUPINATION,0.245,-0.734,-0.648,-5.369,-1.286,0.009,-131.4,-14.1,-71.5,120.7,-71.5
2870,F,11,R,H,SUPINATION,0.246,-0.733,-0.648,-5.592,-1.283,0.023,-131.5,-14.1,-71.5,120.5,-71.5
2880,F,11,R,H,SUPINATION,0.246,-0.733,-0.649,-5.810,-1.301,0.021,-131.5,-14.1,-71.4,120.4,-71.4
2890,F,11,R,H,SUPINATION,0.247,-0.731,-0.650,-6.013,-1.355,0.017,-131.6,-14.2,-71.4,120.2,-71.4
2900,F,11,R,H,SUPINATION,0.247,-0.730,-0.650,-6.201,-1.398,0.048,-131.7,-14.2,-71.3,120.0,-71.3
2910,F,11,R,H,SUPINATION,0.247,-0.729,-0.651,-6.380,-1.402,0.086,-131.8,-14.2,-71.3,119.8,-71.3
2920,F,11,R,H,SUPINATION,0.246,-0.729,-0.652,-6.536,-1.418,0.119,-131.8,-14.1,-71.3,119.6,-71.3
2930,F,11,R,H,SUPINATION,0.246,-0.728,-0.652,-6.641,-1.456,0.122,-131.8,-14.1,-71.3,119.4,-71.3
2940,F,11,R,H,SUPINATION,0.246,-0.728,-0.652,-6.707,-1.517,0.102,-131.9,-14.1,-71.3,119.2,-71.3
2950,F,11,R,H,SUPINATION,0.246,-0.728,-0.653,-6.718,-1.554,0.082,-131.9,-14.1,-71.3,119.1,-71.3
2960,F,11,R,H,SUPINATION,0.246,-0.728,-0.654,-6.772,-1.574,0.047,-131.9,-14.1,-71.3,118.9,-71.3
2970,F,11,R,H,SUPINATION,0.246,-0.728,-0.654,-6.940,-1.563,-0.006,-131.9,-14.1,-71.3,118.7,-71.3
2980,F,11,R,H,SUPINATION,0.246,-0.728,-0.655,-7.252,-1.534,-0.072,-132.0,-14.1,-71.3,118.5,-71.3
2990,F,11,R,H,SUPINATION,0.246,-0.728,-0.656,-7.698,-1.507,-0.137,-132.0,-14.1,-71.3,118.3,-71.3
3000,F,11,R,H,SUPINATION,0.246,-0.728,-0.657,-8.172,-1.498,-0.215,-132.1,-14.1,-71.3,118.1,-71.3
3010,F,11,R,H,SUPINATION,0.246,-0.726,-0.658,-8.618,-1.490,-0.270,-132.2,-14.1,-71.3,117.9,-71.3
3020,F,11,R,H,SUPINATION,0.246,-0.724,-0.660,-8.982,-1.470,-0.295,-132.4,-14.1,-71.2,117.7,-71.2
3030,F,11,R,H,SUPINATION,0.246,-0.721,-0.662,-9.223,-1.408,-0.297,-132.5,-14.1,-71.2,117.6,-71.2
3040,F,11,R,H,SUPINATION,0.246,-0.719,-0.662,-9.292,-1.302,-0.293,-132.6,-14.1,-71.1,117.4,-71.1
3050,F,11,R,H,SUPINATION,0.247,-0.717,-0.662,-9.197,-1.192,-0.283,-132.7,-14.2,-71.0,117.3,-71.0
3060,F,11,R,H,SUPINATION,0.247,-0.715,-0.662,-8.979,-1.109,-0.271,-132.8,-14.2,-70.9,117.2,-70.9
3070,F,11,R,H,SUPINATION,0.247,-0.713,-0.662,-8.664,-1.054,-0.251,-132.9,-14.2,-70.9,117.0,-70.9
3080,F,11,R,H,SUPINATION,0.247,-0.712,-0.663,-8.285,-1.033,-0.266,-132.9,-14.3,-70.9,116.9,-70.9
3090,F,11,R,H,SUPINATION,0.247,-0.711,-0.663,-7.906,-1.025,-0.283,-133.0,-14.3,-70.8,116.7,-70.8
3100,F,11,R,H,SUPINATION,0.248,-0.710,-0.664,-7.566,-1.030,-0.326,-133.1,-14.3,-70.8,116.5,-70.8
3110,F,11,R,H,SUPINATION,0.248,-0.710,-0.665,-7.298,-1.035,-0.396,-133.1,-14.3,-70.7,116.3,-70.7
3120,F,11,R,H,SUPINATION,0.249,-0.710,-0.667,-7.119,-1.045,-0.494,-133.2,-14.3,-70.7,116.1,-70.7
3131,F,11,R,H,SUPINATION,0.249,-0.710,-0.668,-7.039,-1.054,-0.589,-133.3,-14.3,-70.7,115.9,-70.7
3141,F,11,R,H,SUPINATION,0.249,-0.709,-0.670,-7.027,-1.060,-0.682,-133.4,-14.3,-70.7,115.6,-70.7
3151,F,11,R,H,SUPINATION,0.249,-0.709,-0.671,-7.085,-1.042,-0.781,-133.5,-14.3,-70.6,115.4,-70.6
3161,F,11,R,H,SUPINATION,0.249,-0.708,-0.672,-7.192,-1.002,-0.863,-133.5,-14.3,-70.6,115.2,-70.6
3171,F,11,R,H,SUPINATION,0.249,-0.707,-0.673,-7.356,-0.919,-0.926,-133.6,-14.3,-70.6,115.0,-70.6
3181,F,11,R,H,SUPINATION,0.249,-0.707,-0.674,-7.547,-0.792,-0.982,-133.6,-14.3,-70.6,114.7,-70.6
3191,F,11,R,H,SUPINATION,0.250,-0.705,-0.675,-7.734,-0.653,-1.003,-133.7,-14.4,-70.5,114.5,-70.5
3201,F,11,R,H,SUPINATION,0.250,-0.704,-0.675,-7.880,-0.552,-1.040,-133.8,-14.4,-70.4,114.3,-70.4
3211,F,11,R,H,SUPINATION,0.251,-0.703,-0.675,-7.982,-0.446,-1.081,-133.9,-14.4,-70.4,114.1,-70.4
3221,F,11,R,H,SUPINATION,0.251,-0.702,-0.676,-8.025,-0.348,-1.123,-133.9,-14.4,-70.3,113.8,-70.3
3231,F,11,R,H,SUPINATION,0.251,-0.700,-0.677,-8.002,-0.287,-1.174,-134.0,-14.4,-70.3,113.6,-70.3
3241,F,11,R,H,SUPINATION,0.251,-0.699,-0.678,-7.947,-0.227,-1.212,-134.1,-14.4,-70.3,113.4,-70.3
3251,F,11,R,H,SUPINATION,0.251,-0.698,-0.679,-7.866,-0.177,-1.248,-134.2,-14.4,-70.2,113.2,-70.2
3261,F,11,R,H,SUPINATION,0.251,-0.698,-0.679,-7.780,-0.137,-1.280,-134.2,-14.5,-70.2,112.9,-70.2
3271,F,11,R,H,SUPINATION,0.252,-0.698,-0.680,-7.683,-0.111,-1.303,-134.2,-14.5,-70.2,112.7,-70.2
3281,F,11,R,H,SUPINATION,0.252,-0.698,-0.681,-7.610,-0.088,-1.323,-134.3,-14.5,-70.1,112.4,-70.1
3291,F,11,R,H,SUPINATION,0.252,-0.697,-0.681,-7.568,-0.056,-1.344,-134.3,-14.5,-70.1,112.2,-70.1
3301,F,11,R,H,SUPINATION,0.253,-0.697,-0.682,-7.563,-0.007,-1.357,-134.4,-14.5,-70.1,111.9,-70.1
3311,F,11,R,H,SUPINATION,0.254,-0.697,-0.684,-7.610,0.035,-1.373,-134.5,-14.6,-70.0,111.7,-70.0
3321,F,11,R,H,SUPINATION,0.255,-0.697,-0.685,-7.723,0.078,-1.397,-134.5,-14.6,-69.9,111.5,-69.9
3331,F,11,R,H,SUPINATION,0.256,-0.697,-0.687,-7.913,0.126,-1.417,-134.6,-14.7,-69.8,111.3,-69.8
3341,F,11,R,H,SUPINATION,0.257,-0.697,-0.687,-8.192,0.167,-1.429,-134.6,-14.7,-69.8,111.0,-69.8
3351,F,11,R,H,SUPINATION,0.258,-0.697,-0.688,-8.601,0.214,-1.441,-134.6,-14.7,-69.7,110.8,-69.7
3361,F,11,R,H,SUPINATION,0.259,-0.697,-0.689,-9.134,0.244,-1.446,-134.7,-14.8,-69.6,110.6,-69.6
3371,F,11,R,H,SUPINATION,0.259,-0.696,-0.690,-9.772,0.276,-1.464,-134.8,-14.8,-69.6,110.4,-69.6
3381,F,11,R,H,SUPINATION,0.260,-0.695,-0.691,-10.450,0.322,-1.484,-134.8,-14.8,-69.5,110.2,-69.5
3391,F,11,R,H,SUPINATION,0.260,-0.694,-0.692,-11.130,0.384,-1.499,-134.9,-14.9,-69.5,110.1,-69.5
3401,F,11,R,H,SUPINATION,0.260,-0.692,-0.692,-11.808,0.477,-1.506,-135.0,-14.9,-69.4,109.9,-69.4
3411,F,11,R,H,SUPINATION,0.260,-0.691,-0.693,-12.451,0.578,-1.512,-135.1,-14.9,-69.4,109.6,-69.4
3421,F,11,R,H,SUPINATION,0.260,-0.689,-0.695,-13.040,0.643,-1.506,-135.2,-14.9,-69.3,109.4,-69.3
3431,F,11,R,H,SUPINATION,0.261,-0.688,-0.696,-13.591,0.695,-1.498,-135.3,-14.9,-69.2,109.2,-69.2
3442,F,11,R,H,SUPINATION,0.261,-0.686,-0.698,-14.130,0.740,-1.485,-135.5,-15.0,-69.1,109.1,-69.1
3452,F,11,R,H,SUPINATION,0.262,-0.685,-0.699,-14.683,0.801,-1.465,-135.6,-15.0,-69.1,108.9,-69.1
3462,F,11,R,H,SUPINATION,0.262,-0.682,-0.701,-15.242,0.876,-1.436,-135.8,-15.0,-69.0,108.7,-69.0
3472,F,11,R,H,SUPINATION,0.263,-0.680,-0.703,-15.814,0.968,-1.400,-135.9,-15.1,-68.8,108.5,-68.8
3482,F,11,R,H,SUPINATION,0.265,-0.677,-0.704,-16.333,1.064,-1.331,-136.1,-15.2,-68.6,108.4,-68.6
3492,F,11,R,H,SUPINATION,0.266,-0.674,-0.705,-16.765,1.118,-1.271,-136.3,-15.3,-68.4,108.2,-68.4
3502,F,11,R,H,SUPINATION,0.267,-0.670,-0.706,-17.032,1.125,-1.237,-136.5,-15.3,-68.3,108.0,-68.3
3512,F,11,R,H,SUPINATION,0.267,-0.668,-0.708,-17.100,1.161,-1.219,-136.7,-15.3,-68.2,107.9,-68.2
3522,F,11,R,H,SUPINATION,0.268,-0.665,-0.709,-17.007,1.244,-1.202,-136.8,-15.4,-68.1,107.7,-68.1
3532,F,11,R,H,SUPINATION,0.269,-0.663,-0.710,-16.806,1.339,-1.185,-137.0,-15.5,-67.9,107.5,-67.9
3542,F,11,R,H,SUPINATION,0.270,-0.661,-0.711,-16.562,1.402,-1.205,-137.1,-15.5,-67.8,107.3,-67.8
3552,F,11,R,H,SUPINATION,0.270,-0.659,-0.713,-16.292,1.437,-1.220,-137.2,-15.6,-67.7,107.2,-67.7
3562,F,11,R,H,SUPINATION,0.270,-0.657,-0.714,-15.961,1.462,-1.250,-137.4,-15.5,-67.7,107.0,-67.7
3572,F,11,R,H,SUPINATION,0.270,-0.654,-0.716,-15.503,1.502,-1.279,-137.6,-15.6,-67.6,106.9,-67.6
3582,F,11,R,H,SUPINATION,0.270,-0.650,-0.717,-14.895,1.563,-1.287,-137.8,-15.6,-67.4,106.8,-67.4
3592,F,11,R,H,SUPINATION,0.271,-0.648,-0.719,-14.094,1.634,-1.285,-138.0,-15.6,-67.3,106.6,-67.3
3602,F,11,R,H,SUPINATION,0.271,-0.646,-0.721,-13.114,1.691,-1.302,-138.1,-15.6,-67.3,106.4,-67.3
3612,F,11,R,H,SUPINATION,0.271,-0.645,-0.723,-12.079,1.743,-1.324,-138.3,-15.6,-67.2,106.2,-67.2
3622,F,11,R,H,SUPINATION,0.272,-0.644,-0.725,-11.096,1.782,-1.341,-138.4,-15.7,-67.1,106.0,-67.1
3632,F,11,R,H,SUPINATION,0.273,-0.645,-0.726,-10.299,1.782,-1.372,-138.4,-15.7,-67.0,105.9,-67.0
3642,F,11,R,H,SUPINATION,0.274,-0.646,-0.728,-9.772,1.761,-1.405,-138.4,-15.7,-67.0,105.8,-67.0
3652,F,11,R,H,SUPINATION,0.274,-0.646,-0.729,-9.551,1.754,-1.434,-138.5,-15.7,-67.0,105.6,-67.0
3662,F,11,R,H,SUPINATION,0.275,-0.646,-0.730,-9.543,1.769,-1.453,-138.5,-15.8,-66.9,105.5,-66.9
3672,F,11,R,H,SUPINATION,0.276,-0.645,-0.730,-9.644,1.818,-1.456,-138.5,-15.8,-66.9,105.4,-66.9
3682,F,11,R,H,SUPINATION,0.276,-0.644,-0.731,-9.733,1.865,-1.438,-138.6,-15.8,-66.8,105.3,-66.8
3692,F,11,R,H,SUPINATION,0.276,-0.643,-0.732,-9.749,1.892,-1.401,-138.7,-15.8,-66.7,105.3,-66.7
3702,F,11,R,H,SUPINATION,0.277,-0.642,-0.733,-9.655,1.900,-1.374,-138.8,-15.9,-66.6,105.2,-66.6
3712,F,11,R,H,SUPINATION,0.278,-0.641,-0.734,-9.448,1.911,-1.348,-138.9,-15.9,-66.5,105.1,-66.5
3722,F,11,R,H,SUPINATION,0.280,-0.639,-0.735,-9.163,1.915,-1.316,-139.0,-16.0,-66.4,105.1,-66.4
3732,F,11,R,H,SUPINATION,0.280,-0.638,-0.735,-8.817,1.878,-1.302,-139.0,-16.1,-66.3,105.0,-66.3
3742,F,11,R,H,SUPINATION,0.280,-0.638,-0.736,-8.445,1.820,-1.283,-139.1,-16.1,-66.3,104.9,-66.3
3753,F,11,R,H,SUPINATION,0.281,-0.637,-0.736,-8.055,1.756,-1.255,-139.1,-16.1,-66.2,104.8,-66.2
3763,F,11,R,H,SUPINATION,0.282,-0.637,-0.736,-7.706,1.666,-1.218,-139.2,-16.2,-66.1,104.7,-66.1
3773,F,11,R,H,SUPINATION,0.282,-0.636,-0.737,-7.398,1.547,-1.140,-139.2,-16.2,-66.1,104.5,-66.1
3783,F,11,R,H,SUPINATION,0.283,-0.636,-0.739,-7.144,1.418,-1.058,-139.3,-16.2,-66.0,104.4,-66.0
3793,F,11,R,H,SUPINATION,0.284,-0.635,-0.739,-6.958,1.287,-0.977,-139.3,-16.2,-65.9,104.3,-65.9
3803,F,11,R,H,SUPINATION,0.285,-0.635,-0.740,-6.884,1.175,-0.890,-139.4,-16.3,-65.9,104.1,-65.9
3813,F,11,R,H,SUPINATION,0.285,-0.635,-0.741,-6.870,1.055,-0.782,-139.4,-16.3,-65.8,103.9,-65.8
3823,F,11,R,H,SUPINATION,0.286,-0.634,-0.741,-6.871,0.932,-0.664,-139.4,-16.3,-65.7,103.7,-65.7
3833,F,11,R,H,SUPINATION,0.287,-0.633,-0.742,-6.841,0.818,-0.534,-139.5,-16.4,-65.6,103.6,-65.6
3843,F,11,R,H,SUPINATION,0.287,-0.631,-0.743,-6.761,0.692,-0.397,-139.6,-16.4,-65.5,103.5,-65.5
3853,F,11,R,H,SUPINATION,0.288,-0.630,-0.743,-6.607,0.597,-0.256,-139.7,-16.5,-65.5,103.3,-65.5
3863,F,11,R,H,SUPINATION,0.289,-0.630,-0.743,-6.398,0.526,-0.138,-139.7,-16.5,-65.4,103.1,-65.4
3873,F,11,R,H,SUPINATION,0.289,-0.629,-0.743,-6.212,0.472,-0.007,-139.7,-16.6,-65.3,102.9,-65.3
3883,F,11,R,H,SUPINATION,0.290,-0.628,-0.744,-6.071,0.422,0.107,-139.8,-16.6,-65.2,102.7,-65.2
3893,F,11,R,H,SUPINATION,0.291,-0.628,-0.744,-5.976,0.376,0.198,-139.9,-16.6,-65.1,102.6,-65.1
3903,F,11,R,H,SUPINATION,0.291,-0.626,-0.744,-5.937,0.336,0.266,-139.9,-16.7,-65.1,102.4,-65.1
3913,F,11,R,H,SUPINATION,0.292,-0.626,-0.744,-5.900,0.318,0.316,-140.0,-16.7,-65.0,102.3,-65.0
3923,F,11,R,H,SUPINATION,0.292,-0.624,-0.744,-5.880,0.345,0.334,-140.0,-16.7,-64.9,102.2,-64.9
3933,F,11,R,H,SUPINATION,0.293,-0.624,-0.745,-5.887,0.392,0.363,-140.0,-16.8,-64.9,102.0,-64.9
3943,F,11,R,H,SUPINATION,0.293,-0.624,-0.745,-5.956,0.414,0.380,-140.1,-16.8,-64.8,101.9,-64.8
3953,F,11,R,H,SUPINATION,0.294,-0.623,-0.746,-6.083,0.418,0.422,-140.1,-16.8,-64.8,101.7,-64.8
3963,F,11,R,H,SUPINATION,0.294,-0.622,-0.746,-6.249,0.365,0.478,-140.2,-16.8,-64.7,101.6,-64.7
3973,F,11,R,H,SUPINATION,0.294,-0.621,-0.747,-6.441,0.291,0.505,-140.3,-16.8,-64.7,101.4,-64.7
3983,F,11,R,H,SUPINATION,0.294,-0.619,-0.748,-6.603,0.204,0.525,-140.4,-16.8,-64.6,101.3,-64.6
3993,F,11,R,H,SUPINATION,0.293,-0.618,-0.748,-6.695,0.146,0.535,-140.4,-16.8,-64.6,101.2,-64.6
4003,F,11,R,H,SUPINATION,0.293,-0.616,-0.748,-6.680,0.097,0.537,-140.5,-16.8,-64.5,101.0,-64.5
4013,F,11,R,H,SUPINATION,0.293,-0.616,-0.748,-6.622,0.075,0.537,-140.5,-16.8,-64.5,100.7,-64.5
4023,F,11,R,H,SUPINATION,0.293,-0.615,-0.748,-6.560,0.026,0.548,-140.6,-16.8,-64.5,100.6,-64.5
4033,F,11,R,H,SUPINATION,0.293,-0.614,-0.749,-6.587,-0.062,0.562,-140.6,-16.8,-64.5,100.4,-64.5
4043,F,11,R,H,SUPINATION,0.293,-0.614,-0.749,-6.686,-0.175,0.562,-140.7,-16.8,-64.5,100.3,-64.5
4053,F,11,R,H,SUPINATION,0.292,-0.614,-0.750,-6.864,-0.272,0.544,-140.7,-16.8,-64.6,100.1,-64.6
4064,F,11,R,H,SUPINATION,0.292,-0.613,-0.751,-7.075,-0.326,0.491,-140.8,-16.7,-64.6,99.9,-64.6
4074,F,11,R,H,SUPINATION,0.292,-0.612,-0.752,-7.325,-0.344,0.438,-140.9,-16.7,-64.5,99.8,-64.5
4084,F,11,R,H,SUPINATION,0.292,-0.611,-0.753,-7.644,-0.319,0.383,-140.9,-16.7,-64.5,99.7,-64.5
4094,F,11,R,H,SUPINATION,0.292,-0.610,-0.753,-8.023,-0.285,0.321,-141.0,-16.7,-64.5,99.5,-64.5
4104,F,11,R,H,SUPINATION,0.292,-0.609,-0.754,-8.417,-0.254,0.276,-141.1,-16.8,-64.4,99.3,-64.4
4114,F,11,R,H,SUPINATION,0.293,-0.607,-0.755,-8.795,-0.215,0.229,-141.2,-16.8,-64.3,99.1,-64.3
4124,F,11,R,H,SUPINATION,0.293,-0.605,-0.755,-9.113,-0.172,0.174,-141.3,-16.8,-64.2,99.0,-64.2
4134,F,11,R,H,SUPINATION,0.293,-0.604,-0.755,-9.360,-0.132,0.110,-141.4,-16.9,-64.1,98.8,-64.1
4144,F,11,R,H,SUPINATION,0.294,-0.603,-0.756,-9.558,-0.081,0.014,-141.4,-16.9,-64.0,98.7,-64.0
4154,F,11,R,H,SUPINATION,0.294,-0.602,-0.757,-9.756,-0.030,-0.092,-141.5,-16.9,-64.0,98.4,-64.0
4164,F,11,R,H,SUPINATION,0.295,-0.602,-0.759,-9.959,-0.012,-0.206,-141.6,-16.9,-63.9,98.3,-63.9
4174,F,11,R,H,SUPINATION,0.295,-0.600,-0.760,-10.209,-0.032,-0.318,-141.7,-16.9,-63.8,98.0,-63.8
4184,F,11,R,H,SUPINATION,0.296,-0.599,-0.762,-10.502,-0.057,-0.433,-141.8,-17.0,-63.7,97.8,-63.7
4194,F,11,R,H,SUPINATION,0.296,-0.597,-0.762,-10.819,-0.080,-0.571,-141.9,-17.0,-63.6,97.5,-63.6
4204,F,11,R,H,SUPINATION,0.296,-0.595,-0.762,-11.108,-0.106,-0.706,-142.0,-17.0,-63.5,97.3,-63.5
4214,F,11,R,H,SUPINATION,0.297,-0.592,-0.763,-11.368,-0.110,-0.840,-142.2,-17.1,-63.3,97.0,-63.3
4224,F,11,R,H,SUPINATION,0.298,-0.591,-0.764,-11.525,-0.171,-0.979,-142.3,-17.1,-63.2,96.8,-63.2
4234,F,11,R,H,SUPINATION,0.298,-0.589,-0.766,-11.604,-0.263,-1.126,-142.4,-17.2,-63.1,96.6,-63.1
4244,F,11,R,H,SUPINATION,0.299,-0.588,-0.767,-11.603,-0.388,-1.286,-142.6,-17.2,-63.0,96.4,-63.0
4254,F,11,R,H,SUPINATION,0.299,-0.586,-0.769,-11.524,-0.542,-1.425,-142.7,-17.2,-63.0,96.2,-63.0
4264,F,11,R,H,SUPINATION,0.299,-0.585,-0.770,-11.436,-0.686,-1.562,-142.8,-17.2,-63.0,96.0,-63.0
4274,F,11,R,H,SUPINATION,0.298,-0.584,-0.772,-11.379,-0.796,-1.689,-142.9,-17.1,-63.0,95.7,-63.0
4284,F,11,R,H,SUPINATION,0.297,-0.584,-0.773,-11.406,-0.892,-1.782,-143.0,-17.1,-63.0,95.4,-63.0
4294,F,11,R,H,SUPINATION,0.298,-0.582,-0.774,-11.496,-0.983,-1.852,-143.1,-17.1,-62.9,95.1,-62.9
4304,F,11,R,H,SUPINATION,0.299,-0.582,-0.776,-11.651,-1.080,-1.910,-143.1,-17.1,-62.8,94.9,-62.8
4314,F,11,R,H,SUPINATION,0.299,-0.580,-0.778,-11.870,-1.176,-1.980,-143.3,-17.1,-62.7,94.7,-62.7
4324,F,11,R,H,SUPINATION,0.300,-0.578,-0.779,-12.134,-1.250,-2.033,-143.4,-17.2,-62.6,94.5,-62.6
4334,F,11,R,H,SUPINATION,0.301,-0.577,-0.781,-12.426,-1.297,-2.104,-143.5,-17.2,-62.4,94.3,-62.4
4344,F,11,R,H,SUPINATION,0.302,-0.575,-0.782,-12.690,-1.339,-2.175,-143.7,-17.2,-62.3,94.0,-62.3
4354,F,11,R,H,SUPINATION,0.302,-0.573,-0.784,-12.879,-1.379,-2.227,-143.8,-17.3,-62.3,93.9,-62.3
4364,F,11,R,H,SUPINATION,0.302,-0.571,-0.785,-12.958,-1.391,-2.258,-144.0,-17.3,-62.1,93.7,-62.1
4375,F,11,R,H,SUPINATION,0.302,-0.569,-0.786,-12.890,-1.386,-2.285,-144.1,-17.3,-62.0,93.5,-62.0
4385,F,11,R,H,SUPINATION,0.303,-0.568,-0.787,-12.694,-1.348,-2.292,-144.2,-17.3,-61.9,93.3,-61.9
4395,F,11,R,H,SUPINATION,0.303,-0.566,-0.787,-12.424,-1.315,-2.293,-144.3,-17.4,-61.8,93.1,-61.8
4405,F,11,R,H,SUPINATION,0.303,-0.564,-0.787,-12.111,-1.287,-2.279,-144.4,-17.4,-61.7,92.9,-61.7
4415,F,11,R,H,SUPINATION,0.304,-0.563,-0.788,-11.724,-1.280,-2.277,-144.4,-17.4,-61.7,92.7,-61.7
4425,F,11,R,H,SUPINATION,0.304,-0.561,-0.788,-11.256,-1.297,-2.268,-144.5,-17.4,-61.6,92.5,-61.6
4435,F,11,R,H,SUPINATION,0.304,-0.560,-0.788,-10.672,-1.319,-2.240,-144.6,-17.5,-61.5,92.3,-61.5
4445,F,11,R,H,SUPINATION,0.305,-0.559,-0.787,-9.951,-1.366,-2.201,-144.6,-17.5,-61.4,92.1,-61.4
4455,F,11,R,H,SUPINATION,0.304,-0.556,-0.787,-9.093,-1.457,-2.159,-144.7,-17.5,-61.3,91.9,-61.3
4465,F,11,R,H,SUPINATION,0.304,-0.555,-0.785,-8.005,-1.548,-2.109,-144.8,-17.6,-61.3,91.8,-61.3
4475,F,11,R,H,SUPINATION,0.304,-0.554,-0.785,-6.716,-1.618,-2.044,-144.8,-17.6,-61.2,91.6,-61.2
4485,F,11,R,H,SUPINATION,0.305,-0.554,-0.784,-5.329,-1.686,-1.972,-144.8,-17.6,-61.1,91.5,-61.1
4495,F,11,R,H,SUPINATION,0.306,-0.555,-0.784,-3.978,-1.779,-1.887,-144.7,-17.7,-61.1,91.3,-61.1
4505,F,11,R,H,SUPINATION,0.307,-0.557,-0.784,-2.865,-1.927,-1.784,-144.6,-17.7,-61.1,91.2,-61.1
4515,F,11,R,H,SUPINATION,0.308,-0.558,-0.785,-2.036,-2.111,-1.678,-144.6,-17.7,-61.1,91.0,-61.1
4525,F,11,R,H,SUPINATION,0.308,-0.560,-0.786,-1.493,-2.306,-1.583,-144.5,-17.7,-61.2,90.8,-61.2
4535,F,11,R,H,SUPINATION,0.309,-0.561,-0.787,-1.239,-2.483,-1.496,-144.5,-17.7,-61.2,90.6,-61.2
4545,F,11,R,H,SUPINATION,0.309,-0.562,-0.788,-1.222,-2.637,-1.404,-144.5,-17.7,-61.2,90.4,-61.2
4555,F,11,R,H,SUPINATION,0.309,-0.562,-0.789,-1.412,-2.759,-1.302,-144.5,-17.7,-61.2,90.2,-61.2
4565,F,11,R,H,SUPINATION,0.309,-0.563,-0.791,-1.797,-2.871,-1.192,-144.6,-17.6,-61.3,90.1,-61.3
4575,F,11,R,H,SUPINATION,0.308,-0.562,-0.793,-2.294,-2.948,-1.087,-144.6,-17.6,-61.2,89.9,-61.2
4585,F,11,R,H,SUPINATION,0.309,-0.561,-0.794,-2.854,-2.960,-0.994,-144.7,-17.6,-61.2,89.7,-61.2
4595,F,11,R,H,SUPINATION,0.308,-0.560,-0.796,-3.411,-2.904,-0.906,-144.8,-17.6,-61.2,89.6,-61.2
4605,F,11,R,H,SUPINATION,0.308,-0.559,-0.796,-3.940,-2.803,-0.797,-144.9,-17.6,-61.2,89.4,-61.2
4615,F,11,R,H,SUPINATION,0.307,-0.558,-0.796,-4.387,-2.696,-0.674,-145.0,-17.5,-61.2,89.2,-61.2
4625,F,11,R,H,SUPINATION,0.307,-0.557,-0.796,-4.728,-2.596,-0.560,-145.0,-17.6,-61.1,89.1,-61.1
4635,F,11,R,H,SUPINATION,0.307,-0.556,-0.796,-4.966,-2.493,-0.472,-145.1,-17.5,-61.1,88.9,-61.1
4645,F,11,R,H,SUPINATION,0.307,-0.555,-0.795,-5.119,-2.404,-0.395,-145.1,-17.6,-61.0,88.7,-61.0
4655,F,11,R,H,SUPINATION,0.307,-0.554,-0.794,-5.187,-2.329,-0.332,-145.1,-17.6,-61.0,88.6,-61.0
4665,F,11,R,H,SUPINATION,0.306,-0.553,-0.793,-5.153,-2.291,-0.278,-145.1,-17.6,-61.0,88.5,-61.0
4675,F,11,R,H,SUPINATION,0.306,-0.552,-0.793,-5.040,-2.262,-0.226,-145.1,-17.6,-61.0,88.4,-61.0
4686,F,11,R,H,SUPINATION,0.306,-0.552,-0.793,-4.821,-2.276,-0.145,-145.1,-17.6,-61.0,88.3,-61.0
4696,F,11,R,H,SUPINATION,0.305,-0.552,-0.793,-4.575,-2.341,-0.071,-145.2,-17.5,-61.1,88.1,-61.1
4706,F,11,R,H,SUPINATION,0.303,-0.552,-0.794,-4.373,-2.429,-0.005,-145.2,-17.4,-61.2,88.1,-61.2
4716,F,11,R,H,SUPINATION,0.303,-0.551,-0.794,-4.309,-2.474,0.068,-145.2,-17.4,-61.2,87.9,-61.2
4726,F,11,R,H,SUPINATION,0.303,-0.552,-0.796,-4.391,-2.508,0.167,-145.3,-17.4,-61.2,87.8,-61.2
4736,F,11,R,H,SUPINATION,0.304,-0.552,-0.798,-4.662,-2.555,0.286,-145.3,-17.4,-61.2,87.7,-61.2
4746,F,11,R,H,SUPINATION,0.305,-0.552,-0.800,-5.120,-2.623,0.417,-145.4,-17.4,-61.1,87.5,-61.1
4756,F,11,R,H,SUPINATION,0.305,-0.551,-0.802,-5.744,-2.706,0.567,-145.5,-17.4,-61.0,87.4,-61.0
4766,F,11,R,H,SUPINATION,0.306,-0.550,-0.804,-6.436,-2.772,0.723,-145.6,-17.4,-60.9,87.3,-60.9
4776,F,11,R,H,SUPINATION,0.306,-0.548,-0.805,-7.123,-2.815,0.877,-145.7,-17.4,-60.9,87.2,-60.9
4786,F,11,R,H,SUPINATION,0.306,-0.547,-0.806,-7.732,-2.798,1.033,-145.8,-17.4,-60.8,87.1,-60.8
4796,F,11,R,H,SUPINATION,0.306,-0.546,-0.806,-8.242,-2.707,1.179,-145.9,-17.5,-60.7,87.0,-60.7
4806,F,11,R,H,SUPINATION,0.306,-0.544,-0.805,-8.661,-2.625,1.294,-146.0,-17.5,-60.6,86.8,-60.6
4816,F,11,R,H,SUPINATION,0.306,-0.542,-0.804,-9.054,-2.576,1.386,-146.0,-17.5,-60.6,86.7,-60.6
4826,F,11,R,H,SUPINATION,0.307,-0.540,-0.804,-9.409,-2.591,1.455,-146.1,-17.6,-60.4,86.6,-60.4
4836,F,11,R,H,SUPINATION,0.307,-0.538,-0.804,-9.706,-2.661,1.487,-146.2,-17.6,-60.3,86.4,-60.3
4846,F,11,R,H,SUPINATION,0.307,-0.537,-0.803,-9.936,-2.743,1.471,-146.3,-17.6,-60.2,86.3,-60.2
4856,F,11,R,H,SUPINATION,0.307,-0.535,-0.804,-10.100,-2.839,1.411,-146.3,-17.6,-60.2,86.1,-60.2
4866,F,11,R,H,SUPINATION,0.307,-0.535,-0.804,-10.206,-2.929,1.301,-146.4,-17.6,-60.1,85.9,-60.1
4876,F,11,R,H,SUPINATION,0.307,-0.534,-0.805,-10.295,-3.017,1.173,-146.4,-17.6,-60.1,85.8,-60.1
4886,F,11,R,H,SUPINATION,0.307,-0.533,-0.806,-10.386,-3.103,1.014,-146.5,-17.6,-60.1,85.7,-60.1
4896,F,11,R,H,SUPINATION,0.306,-0.532,-0.807,-10.491,-3.179,0.847,-146.6,-17.6,-60.1,85.6,-60.1
4906,F,11,R,H,SUPINATION,0.306,-0.531,-0.809,-10.620,-3.246,0.669,-146.7,-17.5,-60.0,85.6,-60.0
4916,F,11,R,H,SUPINATION,0.305,-0.529,-0.811,-10.734,-3.290,0.509,-146.9,-17.5,-60.0,85.5,-60.0
4926,F,11,R,H,SUPINATION,0.305,-0.528,-0.812,-10.923,-3.302,0.365,-147.0,-17.5,-60.0,85.5,-60.0
4936,F,11,R,H,SUPINATION,0.304,-0.526,-0.814,-11.199,-3.309,0.237,-147.1,-17.4,-60.0,85.5,-60.0
4946,F,11,R,H,SUPINATION,0.304,-0.524,-0.816,-11.311,-3.390,0.121,-147.3,-17.4,-59.9,85.4,-59.9
4956,F,11,R,H,SUPINATION,0.304,-0.522,-0.817,-11.371,-3.508,-0.008,-147.4,-17.4,-59.8,85.3,-59.8
4966,F,11,R,H,SUPINATION,0.303,-0.520,-0.819,-11.435,-3.545,-0.092,-147.6,-17.4,-59.8,85.2,-59.8
4976,F,11,R,H,SUPINATION,0.303,-0.518,-0.820,-11.393,-3.516,-0.143,-147.7,-17.3,-59.7,85.1,-59.7
4986,F,11,R,H,SUPINATION,0.302,-0.517,-0.821,-11.251,-3.498,-0.175,-147.8,-17.3,-59.7,85.0,-59.7
4997,F,11,R,H,SUPINATION,0.302,-0.515,-0.821,-11.007,-3.498,-0.197,-147.9,-17.3,-59.6,85.0,-59.6
5007,F,11,R,H,SUPINATION,0.301,-0.513,-0.822,-10.644,-3.483,-0.214,-148.0,-17.3,-59.6,84.9,-59.6
5017,F,11,R,H,SUPINATION,0.301,-0.512,-0.822,-10.176,-3.513,-0.254,-148.1,-17.3,-59.5,84.9,-59.5
5027,F,11,R,H,SUPINATION,0.301,-0.511,-0.822,-9.703,-3.565,-0.291,-148.1,-17.3,-59.5,84.9,-59.5
5037,F,11,R,H,SUPINATION,0.300,-0.512,-0.822,-9.332,-3.604,-0.347,-148.1,-17.2,-59.6,84.8,-59.6
5047,F,11,R,H,SUPINATION,0.300,-0.511,-0.823,-9.119,-3.671,-0.387,-148.1,-17.2,-59.6,84.7,-59.6
5057,F,11,R,H,SUPINATION,0.301,-0.511,-0.823,-9.038,-3.756,-0.420,-148.2,-17.2,-59.5,84.7,-59.5
5067,F,11,R,H,SUPINATION,0.300,-0.510,-0.824,-9.056,-3.844,-0.458,-148.2,-17.2,-59.5,84.6,-59.5
5077,F,11,R,H,SUPINATION,0.300,-0.509,-0.826,-9.131,-3.915,-0.483,-148.4,-17.2,-59.5,84.5,-59.5
5087,F,11,R,H,SUPINATION,0.299,-0.508,-0.826,-9.210,-3.932,-0.484,-148.4,-17.2,-59.5,84.3,-59.5
5097,F,11,R,H,SUPINATION,0.299,-0.506,-0.828,-9.300,-3.890,-0.451,-148.5,-17.1,-59.4,84.2,-59.4
5107,F,11,R,H,SUPINATION,0.300,-0.505,-0.829,-9.394,-3.839,-0.391,-148.6,-17.2,-59.3,84.0,-59.3
5117,F,11,R,H,SUPINATION,0.299,-0.504,-0.830,-9.529,-3.799,-0.317,-148.8,-17.1,-59.3,83.9,-59.3
5127,F,11,R,H,SUPINATION,0.299,-0.502,-0.832,-9.770,-3.747,-0.254,-148.9,-17.1,-59.2,83.8,-59.2
5137,F,11,R,H,SUPINATION,0.299,-0.502,-0.834,-10.189,-3.659,-0.184,-149.0,-17.1,-59.2,83.8,-59.2
5147,F,11,R,H,SUPINATION,0.299,-0.502,-0.836,-10.850,-3.540,-0.105,-149.0,-17.1,-59.2,83.7,-59.2
5157,F,11,R,H,SUPINATION,0.299,-0.502,-0.838,-11.713,-3.460,-0.050,-149.1,-17.0,-59.2,83.6,-59.2
5167,F,11,R,H,SUPINATION,0.299,-0.500,-0.840,-12.729,-3.398,-0.007,-149.2,-17.0,-59.1,83.6,-59.1
5177,F,11,R,H,SUPINATION,0.299,-0.497,-0.841,-13.806,-3.309,0.047,-149.4,-17.0,-59.0,83.5,-59.0
5187,F,11,R,H,SUPINATION,0.299,-0.494,-0.843,-14.738,-3.231,0.104,-149.6,-17.0,-58.9,83.4,-58.9
5197,F,11,R,H,SUPINATION,0.298,-0.492,-0.846,-15.449,-3.148,0.157,-149.8,-16.9,-58.8,83.2,-58.8
5207,F,11,R,H,SUPINATION,0.297,-0.488,-0.849,-15.879,-3.049,0.235,-150.1,-16.9,-58.7,83.1,-58.7
5217,F,11,R,H,SUPINATION,0.296,-0.484,-0.850,-16.062,-2.882,0.327,-150.4,-16.8,-58.5,83.0,-58.5
5227,F,11,R,H,SUPINATION,0.296,-0.480,-0.851,-16.049,-2.670,0.446,-150.6,-16.8,-58.4,82.9,-58.4
5237,F,11,R,H,SUPINATION,0.295,-0.478,-0.852,-15.952,-2.462,0.538,-150.7,-16.8,-58.3,82.8,-58.3
5247,F,11,R,H,SUPINATION,0.296,-0.477,-0.852,-15.908,-2.300,0.605,-150.7,-16.9,-58.2,82.8,-58.2
5257,F,11,R,H,SUPINATION,0.296,-0.477,-0.853,-16.115,-2.138,0.650,-150.8,-16.9,-58.2,82.7,-58.2
5267,F,11,R,H,SUPINATION,0.296,-0.476,-0.852,-16.642,-1.986,0.672,-150.8,-16.9,-58.1,82.6,-58.1
5277,F,11,R,H,SUPINATION,0.296,-0.475,-0.852,-17.425,-1.857,0.697,-150.9,-16.9,-58.1,82.5,-58.1
5287,F,11,R,H,SUPINATION,0.295,-0.471,-0.852,-18.218,-1.743,0.747,-151.1,-16.8,-58.0,82.4,-58.0
5297,F,11,R,H,SUPINATION,0.293,-0.465,-0.853,-18.701,-1.616,0.819,-151.4,-16.8,-57.8,82.4,-57.8
5308,F,11,R,H,SUPINATION,0.292,-0.460,-0.854,-18.577,-1.416,0.889,-151.7,-16.8,-57.6,82.3,-57.6
5318,F,11,R,H,SUPINATION,0.292,-0.455,-0.855,-17.907,-1.183,0.980,-152.0,-16.8,-57.3,82.2,-57.3
5328,F,11,R,H,SUPINATION,0.292,-0.452,-0.855,-16.827,-0.945,1.071,-152.1,-16.8,-57.1,82.1,-57.1
5338,F,11,R,H,SUPINATION,0.293,-0.451,-0.856,-15.639,-0.741,1.120,-152.2,-16.8,-57.0,82.0,-57.0
5348,F,11,R,H,SUPINATION,0.293,-0.450,-0.856,-14.570,-0.592,1.140,-152.2,-16.8,-57.0,81.9,-57.0
5358,F,11,R,H,SUPINATION,0.293,-0.450,-0.856,-13.731,-0.485,1.150,-152.3,-16.9,-56.9,81.8,-56.9
5368,F,11,R,H,SUPINATION,0.294,-0.450,-0.856,-13.146,-0.410,1.142,-152.3,-16.9,-56.8,81.7,-56.8
5378,F,11,R,H,SUPINATION,0.295,-0.450,-0.856,-12.800,-0.382,1.121,-152.3,-16.9,-56.8,81.6,-56.8
5388,F,11,R,H,SUPINATION,0.295,-0.449,-0.856,-12.608,-0.352,1.121,-152.3,-17.0,-56.7,81.4,-56.7
5398,F,11,R,H,SUPINATION,0.295,-0.448,-0.857,-12.459,-0.335,1.145,-152.4,-17.0,-56.6,81.3,-56.6
5408,F,11,R,H,SUPINATION,0.295,-0.446,-0.857,-12.301,-0.348,1.168,-152.5,-17.0,-56.5,81.2,-56.5
5418,F,11,R,H,SUPINATION,0.296,-0.443,-0.858,-12.020,-0.369,1.173,-152.7,-17.0,-56.3,81.1,-56.3
5428,F,11,R,H,SUPINATION,0.295,-0.439,-0.859,-11.541,-0.398,1.196,-152.9,-17.0,-56.1,81.0,-56.1
5438,F,11,R,H,SUPINATION,0.296,-0.436,-0.860,-10.797,-0.431,1.227,-153.1,-17.1,-55.9,80.9,-55.9
5448,F,11,R,H,SUPINATION,0.296,-0.434,-0.860,-9.824,-0.461,1.255,-153.2,-17.1,-55.7,80.8,-55.7
5458,F,11,R,H,SUPINATION,0.296,-0.433,-0.861,-8.722,-0.485,1.271,-153.3,-17.1,-55.6,80.7,-55.6
5468,F,11,R,H,SUPINATION,0.296,-0.433,-0.861,-7.639,-0.513,1.284,-153.3,-17.1,-55.6,80.6,-55.6
5478,F,11,R,H,SUPINATION,0.296,-0.433,-0.863,-6.666,-0.562,1.294,-153.4,-17.0,-55.6,80.5,-55.6
5488,F,11,R,H,SUPINATION,0.296,-0.434,-0.864,-5.877,-0.619,1.291,-153.4,-17.0,-55.6,80.4,-55.6
5498,F,11,R,H,SUPINATION,0.297,-0.434,-0.866,-5.308,-0.684,1.292,-153.4,-17.0,-55.7,80.3,-55.7
5508,F,11,R,H,SUPINATION,0.297,-0.435,-0.868,-4.923,-0.719,1.310,-153.4,-17.0,-55.7,80.2,-55.7
5518,F,11,R,H,SUPINATION,0.296,-0.435,-0.869,-4.691,-0.716,1.332,-153.4,-17.0,-55.7,80.1,-55.7
5528,F,11,R,H,SUPINATION,0.297,-0.434,-0.871,-4.567,-0.667,1.359,-153.5,-16.9,-55.7,80.1,-55.7
5538,F,11,R,H,SUPINATION,0.297,-0.434,-0.873,-4.540,-0.606,1.391,-153.6,-17.0,-55.6,80.0,-55.6
5548,F,11,R,H,SUPINATION,0.298,-0.433,-0.874,-4.607,-0.557,1.423,-153.6,-17.0,-55.5,79.9,-55.5
5558,F,11,R,H,SUPINATION,0.298,-0.433,-0.875,-4.731,-0.508,1.452,-153.7,-17.0,-55.5,79.8,-55.5
5568,F,11,R,H,SUPINATION,0.298,-0.432,-0.874,-4.920,-0.479,1.495,-153.7,-17.0,-55.4,79.7,-55.4
5578,F,11,R,H,SUPINATION,0.299,-0.431,-0.875,-5.141,-0.455,1.541,-153.8,-17.0,-55.3,79.6,-55.3
5588,F,11,R,H,SUPINATION,0.299,-0.430,-0.875,-5.350,-0.455,1.583,-153.8,-17.1,-55.1,79.5,-55.1
5598,F,11,R,H,SUPINATION,0.300,-0.429,-0.874,-5.495,-0.459,1.615,-153.9,-17.1,-55.0,79.5,-55.0
5608,F,11,R,H,SUPINATION,0.300,-0.428,-0.874,-5.523,-0.461,1.613,-153.9,-17.2,-54.9,79.4,-54.9
5619,F,11,R,H,SUPINATION,0.300,-0.427,-0.873,-5.450,-0.489,1.581,-154.0,-17.2,-54.9,79.3,-54.9
5629,F,11,R,H,SUPINATION,0.300,-0.426,-0.873,-5.265,-0.519,1.539,-154.0,-17.2,-54.9,79.2,-54.9
5639,F,11,R,H,SUPINATION,0.300,-0.425,-0.874,-4.993,-0.572,1.497,-154.0,-17.2,-54.8,79.1,-54.8
5649,F,11,R,H,SUPINATION,0.299,-0.424,-0.874,-4.639,-0.655,1.441,-154.1,-17.1,-54.8,79.0,-54.8
5659,F,11,R,H,SUPINATION,0.299,-0.423,-0.875,-4.177,-0.726,1.397,-154.2,-17.1,-54.8,78.9,-54.8
5669,F,11,R,H,SUPINATION,0.299,-0.422,-0.874,-3.647,-0.762,1.358,-154.2,-17.1,-54.7,78.8,-54.7
5679,F,11,R,H,SUPINATION,0.298,-0.422,-0.874,-3.075,-0.761,1.336,-154.2,-17.1,-54.8,78.8,-54.8
5689,F,11,R,H,SUPINATION,0.299,-0.422,-0.874,-2.529,-0.751,1.323,-154.2,-17.1,-54.7,78.7,-54.7
5699,F,11,R,H,SUPINATION,0.299,-0.423,-0.874,-2.083,-0.746,1.315,-154.2,-17.1,-54.7,78.7,-54.7
5709,F,11,R,H,SUPINATION,0.299,-0.424,-0.874,-1.771,-0.740,1.316,-154.1,-17.1,-54.8,78.6,-54.8
5719,F,11,R,H,SUPINATION,0.300,-0.424,-0.875,-1.550,-0.732,1.320,-154.1,-17.1,-54.8,78.5,-54.8
5729,F,11,R,H,SUPINATION,0.299,-0.424,-0.875,-1.375,-0.724,1.358,-154.1,-17.1,-54.8,78.4,-54.8
5739,F,11,R,H,SUPINATION,0.299,-0.424,-0.874,-1.201,-0.706,1.416,-154.1,-17.1,-54.8,78.3,-54.8
5749,F,11,R,H,SUPINATION,0.299,-0.426,-0.874,-1.021,-0.665,1.481,-154.0,-17.1,-54.9,78.3,-54.9
5759,F,11,R,H,SUPINATION,0.300,-0.427,-0.874,-0.902,-0.596,1.536,-154.0,-17.1,-54.9,78.2,-54.9
5769,F,11,R,H,SUPINATION,0.301,-0.427,-0.874,-0.885,-0.514,1.575,-153.9,-17.2,-54.9,78.2,-54.9
5779,F,11,R,H,SUPINATION,0.301,-0.428,-0.875,-0.975,-0.469,1.610,-153.9,-17.2,-54.9,78.1,-54.9
5789,F,11,R,H,SUPINATION,0.301,-0.428,-0.875,-1.121,-0.459,1.647,-153.9,-17.2,-54.8,78.0,-54.8
5799,F,11,R,H,SUPINATION,0.302,-0.428,-0.876,-1.240,-0.440,1.689,-154.0,-17.2,-54.8,77.9,-54.8
5809,F,11,R,H,SUPINATION,0.302,-0.427,-0.877,-1.297,-0.380,1.719,-154.0,-17.2,-54.8,77.9,-54.8
5819,F,11,R,H,SUPINATION,0.302,-0.427,-0.877,-1.297,-0.283,1.736,-154.1,-17.2,-54.7,77.8,-54.7
5829,F,11,R,H,SUPINATION,0.302,-0.426,-0.877,-1.292,-0.169,1.777,-154.1,-17.2,-54.7,77.7,-54.7
5839,F,11,R,H,SUPINATION,0.302,-0.427,-0.877,-1.321,-0.076,1.830,-154.1,-17.2,-54.7,77.6,-54.7
5849,F,11,R,H,SUPINATION,0.303,-0.427,-0.877,-1.419,-0.020,1.885,-154.0,-17.2,-54.7,77.6,-54.7
5859,F,11,R,H,SUPINATION,0.303,-0.427,-0.877,-1.571,0.014,1.915,-154.0,-17.3,-54.7,77.5,-54.7
5869,F,11,R,H,SUPINATION,0.303,-0.427,-0.877,-1.753,0.067,1.956,-154.0,-17.3,-54.7,77.4,-54.7
5879,F,11,R,H,SUPINATION,0.302,-0.427,-0.877,-1.925,0.128,2.001,-154.0,-17.2,-54.7,77.3,-54.7
5889,F,11,R,H,SUPINATION,0.303,-0.427,-0.876,-2.090,0.192,2.055,-154.0,-17.2,-54.7,77.2,-54.7
5899,F,11,R,H,SUPINATION,0.303,-0.427,-0.876,-2.265,0.252,2.098,-154.0,-17.2,-54.7,77.1,-54.7
5909,F,11,R,H,SUPINATION,0.303,-0.426,-0.876,-2.431,0.271,2.145,-154.0,-17.3,-54.6,77.0,-54.6
5919,F,11,R,H,SUPINATION,0.303,-0.426,-0.875,-2.574,0.265,2.177,-154.1,-17.3,-54.5,76.9,-54.5
5930,F,11,R,H,SUPINATION,0.304,-0.425,-0.874,-2.655,0.212,2.194,-154.1,-17.3,-54.4,76.8,-54.4
5940,F,11,R,H,SUPINATION,0.304,-0.424,-0.873,-2.666,0.162,2.190,-154.1,-17.4,-54.4,76.7,-54.4
5950,F,11,R,H,SUPINATION,0.304,-0.424,-0.873,-2.599,0.123,2.167,-154.1,-17.4,-54.4,76.6,-54.4
5960,F,11,R,H,SUPINATION,0.304,-0.423,-0.872,-2.452,0.065,2.143,-154.1,-17.4,-54.3,76.6,-54.3
5970,F,11,R,H,SUPINATION,0.304,-0.423,-0.872,-2.253,-0.005,2.136,-154.1,-17.4,-54.3,76.5,-54.3
5980,F,11,R,H,SUPINATION,0.304,-0.423,-0.872,-2.021,-0.108,2.122,-154.1,-17.4,-54.3,76.4,-54.3
5990,F,11,R,H,SUPINATION,0.304,-0.423,-0.872,-1.787,-0.220,2.096,-154.1,-17.4,-54.3,76.3,-54.3
6000,F,11,R,H,SUPINATION,0.305,-0.423,-0.871,-1.552,-0.319,2.054,-154.1,-17.5,-54.3,76.3,-54.3
6010,F,11,R,H,SUPINATION,0.305,-0.423,-0.872,-1.369,-0.389,2.013,-154.1,-17.5,-54.2,76.3,-54.2
6020,F,11,R,H,SUPINATION,0.305,-0.424,-0.872,-1.270,-0.457,1.969,-154.1,-17.4,-54.3,76.2,-54.3
6030,F,11,R,H,SUPINATION,0.305,-0.425,-0.872,-1.254,-0.508,1.923,-154.0,-17.4,-54.3,76.1,-54.3
6040,F,11,R,H,SUPINATION,0.305,-0.425,-0.873,-1.298,-0.543,1.868,-154.0,-17.4,-54.3,76.1,-54.3
6050,F,11,R,H,SUPINATION,0.305,-0.425,-0.872,-1.387,-0.577,1.827,-154.0,-17.4,-54.4,75.9,-54.4
6060,F,11,R,H,SUPINATION,0.304,-0.425,-0.872,-1.478,-0.611,1.781,-154.0,-17.4,-54.4,75.9,-54.4
6070,F,11,R,H,SUPINATION,0.304,-0.425,-0.871,-1.559,-0.671,1.730,-154.0,-17.4,-54.4,75.8,-54.4
6080,F,11,R,H,SUPINATION,0.303,-0.424,-0.870,-1.597,-0.728,1.668,-154.0,-17.4,-54.5,75.7,-54.5
6090,F,11,R,H,SUPINATION,0.303,-0.423,-0.870,-1.556,-0.797,1.613,-154.0,-17.4,-54.4,75.7,-54.4
6100,F,11,R,H,SUPINATION,0.303,-0.423,-0.869,-1.442,-0.893,1.556,-154.1,-17.4,-54.3,75.6,-54.3
6110,F,11,R,H,SUPINATION,0.304,-0.422,-0.869,-1.256,-1.032,1.499,-154.1,-17.4,-54.3,75.5,-54.3
6120,F,11,R,H,SUPINATION,0.304,-0.423,-0.868,-1.002,-1.199,1.418,-154.0,-17.5,-54.3,75.5,-54.3
6130,F,11,R,H,SUPINATION,0.304,-0.423,-0.868,-0.693,-1.384,1.314,-154.0,-17.5,-54.3,75.4,-54.3
6140,F,11,R,H,SUPINATION,0.304,-0.422,-0.868,-0.336,-1.554,1.206,-154.1,-17.5,-54.2,75.4,-54.2
6150,F,11,R,H,SUPINATION,0.304,-0.422,-0.869,0.055,-1.706,1.098,-154.1,-17.5,-54.2,75.4,-54.2
6160,F,11,R,H,SUPINATION,0.304,-0.422,-0.870,0.427,-1.827,0.991,-154.1,-17.5,-54.2,75.4,-54.2
6170,F,11,R,H,SUPINATION,0.304,-0.423,-0.870,0.737,-1.932,0.882,-154.1,-17.5,-54.3,75.3,-54.3
6180,F,11,R,H,SUPINATION,0.304,-0.423,-0.872,0.963,-2.028,0.780,-154.1,-17.4,-54.3,75.3,-54.3
6190,F,11,R,H,SUPINATION,0.304,-0.423,-0.873,1.099,-2.125,0.690,-154.1,-17.4,-54.3,75.2,-54.3
6200,F,11,R,H,SUPINATION,0.305,-0.424,-0.873,1.140,-2.196,0.611,-154.1,-17.4,-54.3,75.1,-54.3
6210,F,11,R,H,SUPINATION,0.305,-0.424,-0.874,1.133,-2.255,0.547,-154.1,-17.4,-54.3,75.1,-54.3
6220,F,11,R,H,SUPINATION,0.304,-0.424,-0.874,1.097,-2.288,0.500,-154.1,-17.4,-54.4,75.0,-54.4
6230,F,11,R,H,SUPINATION,0.304,-0.424,-0.875,1.044,-2.287,0.459,-154.1,-17.3,-54.4,74.9,-54.4
6241,F,11,R,H,SUPINATION,0.303,-0.424,-0.875,0.987,-2.248,0.427,-154.1,-17.3,-54.4,74.9,-54.4
6251,F,11,R,H,SUPINATION,0.303,-0.425,-0.876,0.928,-2.224,0.406,-154.1,-17.3,-54.5,74.8,-54.5
6261,F,11,R,H,SUPINATION,0.303,-0.424,-0.876,0.890,-2.211,0.394,-154.2,-17.3,-54.5,74.7,-54.5
6271,F,11,R,H,SUPINATION,0.302,-0.424,-0.876,0.886,-2.194,0.369,-154.2,-17.3,-54.5,74.7,-54.5
6281,F,11,R,H,SUPINATION,0.302,-0.425,-0.876,0.876,-2.172,0.339,-154.1,-17.3,-54.6,74.6,-54.6
6291,F,11,R,H,SUPINATION,0.302,-0.425,-0.876,0.848,-2.154,0.312,-154.1,-17.3,-54.6,74.6,-54.6
6301,F,11,R,H,SUPINATION,0.302,-0.426,-0.876,0.728,-2.122,0.277,-154.1,-17.3,-54.6,74.5,-54.6
6311,F,11,R,H,SUPINATION,0.303,-0.427,-0.876,0.528,-2.116,0.232,-154.0,-17.3,-54.7,74.5,-54.7
6321,F,11,R,H,SUPINATION,0.302,-0.428,-0.876,0.292,-2.125,0.188,-154.0,-17.2,-54.7,74.4,-54.7
6331,F,11,R,H,SUPINATION,0.302,-0.428,-0.876,0.098,-2.128,0.131,-154.0,-17.2,-54.8,74.4,-54.8
6341,F,11,R,H,SUPINATION,0.302,-0.428,-0.876,-0.037,-2.103,0.081,-154.0,-17.2,-54.8,74.4,-54.8
6351,F,11,R,H,SUPINATION,0.302,-0.428,-0.876,-0.075,-2.039,0.037,-154.0,-17.2,-54.8,74.3,-54.8
6361,F,11,R,H,SUPINATION,0.303,-0.429,-0.876,-0.067,-1.971,-0.011,-153.9,-17.2,-54.8,74.2,-54.8
6371,F,11,R,H,SUPINATION,0.303,-0.429,-0.875,-0.038,-1.934,-0.057,-153.9,-17.3,-54.8,74.2,-54.8
6381,F,11,R,H,SUPINATION,0.303,-0.430,-0.874,-0.032,-1.902,-0.089,-153.8,-17.3,-54.8,74.1,-54.8
6391,F,11,R,H,SUPINATION,0.304,-0.431,-0.873,-0.056,-1.863,-0.121,-153.7,-17.3,-54.8,74.1,-54.8
6401,F,11,R,H,SUPINATION,0.305,-0.432,-0.872,-0.102,-1.830,-0.150,-153.7,-17.4,-54.8,74.1,-54.8
6411,F,11,R,H,SUPINATION,0.305,-0.433,-0.872,-0.144,-1.817,-0.156,-153.6,-17.4,-54.8,74.1,-54.8
6421,F,11,R,H,SUPINATION,0.306,-0.433,-0.870,-0.186,-1.824,-0.150,-153.5,-17.4,-54.8,74.1,-54.8
6431,F,11,R,H,SUPINATION,0.305,-0.433,-0.869,-0.189,-1.851,-0.153,-153.5,-17.5,-54.8,74.1,-54.8
6441,F,11,R,H,SUPINATION,0.305,-0.434,-0.868,-0.143,-1.854,-0.153,-153.4,-17.4,-54.9,74.1,-54.9
6451,F,11,R,H,SUPINATION,0.305,-0.435,-0.867,-0.050,-1.829,-0.138,-153.4,-17.5,-55.0,74.1,-55.0
6461,F,11,R,H,SUPINATION,0.305,-0.436,-0.867,0.040,-1.793,-0.102,-153.3,-17.4,-55.0,74.1,-55.0
6471,F,11,R,H,SUPINATION,0.305,-0.437,-0.866,0.085,-1.761,-0.038,-153.2,-17.4,-55.1,74.0,-55.1
6481,F,11,R,H,SUPINATION,0.305,-0.437,-0.864,0.079,-1.726,0.024,-153.2,-17.5,-55.1,73.9,-55.1
6491,F,11,R,H,SUPINATION,0.305,-0.438,-0.863,0.021,-1.663,0.090,-153.1,-17.5,-55.1,73.8,-55.1
6501,F,11,R,H,SUPINATION,0.305,-0.439,-0.863,-0.047,-1.597,0.169,-153.1,-17.5,-55.2,73.7,-55.2
6511,F,11,R,H,SUPINATION,0.304,-0.439,-0.864,-0.116,-1.510,0.268,-153.1,-17.4,-55.3,73.7,-55.3
6521,F,11,R,H,SUPINATION,0.304,-0.439,-0.864,-0.179,-1.385,0.365,-153.1,-17.4,-55.3,73.6,-55.3
6531,F,11,R,H,SUPINATION,0.304,-0.439,-0.864,-0.232,-1.238,0.468,-153.1,-17.4,-55.3,73.5,-55.3
6541,F,11,R,H,SUPINATION,0.304,-0.440,-0.865,-0.295,-1.087,0.581,-153.0,-17.4,-55.4,73.5,-55.4
6552,F,11,R,H,SUPINATION,0.303,-0.440,-0.864,-0.358,-0.926,0.725,-153.0,-17.4,-55.4,73.4,-55.4
6562,F,11,R,H,SUPINATION,0.303,-0.440,-0.864,-0.419,-0.772,0.879,-153.0,-17.3,-55.5,73.3,-55.5
6572,F,11,R,H,SUPINATION,0.303,-0.440,-0.865,-0.477,-0.615,1.052,-153.0,-17.4,-55.4,73.3,-55.4
6582,F,11,R,H,SUPINATION,0.303,-0.440,-0.864,-0.495,-0.474,1.201,-153.0,-17.4,-55.4,73.4,-55.4
6592,F,11,R,H,SUPINATION,0.303,-0.440,-0.863,-0.493,-0.343,1.342,-153.0,-17.4,-55.5,73.4,-55.5
6602,F,11,R,H,SUPINATION,0.303,-0.441,-0.861,-0.487,-0.265,1.466,-152.9,-17.4,-55.5,73.4,-55.5
6612,F,11,R,H,SUPINATION,0.303,-0.442,-0.860,-0.511,-0.276,1.553,-152.8,-17.4,-55.5,73.4,-55.5
6622,F,11,R,H,SUPINATION,0.303,-0.444,-0.859,-0.585,-0.381,1.593,-152.7,-17.4,-55.7,73.4,-55.7
6632,F,11,R,H,SUPINATION,0.303,-0.444,-0.859,-0.692,-0.556,1.626,-152.7,-17.4,-55.7,73.4,-55.7
6642,F,11,R,H,SUPINATION,0.303,-0.443,-0.859,-0.779,-0.762,1.670,-152.7,-17.4,-55.7,73.3,-55.7
6652,F,11,R,H,SUPINATION,0.303,-0.442,-0.860,-0.797,-0.969,1.706,-152.8,-17.4,-55.6,73.3,-55.6
6662,F,11,R,H,SUPINATION,0.303,-0.441,-0.861,-0.699,-1.167,1.758,-152.9,-17.4,-55.5,73.2,-55.5
6672,F,11,R,H,SUPINATION,0.304,-0.439,-0.864,-0.480,-1.352,1.818,-153.0,-17.4,-55.3,73.2,-55.3
6682,F,11,R,H,SUPINATION,0.305,-0.438,-0.865,-0.151,-1.549,1.890,-153.2,-17.5,-55.1,73.1,-55.1
6692,F,11,R,H,SUPINATION,0.306,-0.437,-0.868,0.229,-1.777,1.941,-153.3,-17.5,-55.0,73.1,-55.0
6702,F,11,R,H,SUPINATION,0.306,-0.437,-0.871,0.609,-1.998,1.997,-153.4,-17.4,-55.0,73.1,-55.0
6712,F,11,R,H,SUPINATION,0.305,-0.437,-0.874,0.934,-2.194,2.057,-153.4,-17.4,-55.0,73.0,-55.0
6722,F,11,R,H,SUPINATION,0.305,-0.438,-0.876,1.144,-2.350,2.121,-153.5,-17.3,-55.1,73.0,-55.1
6732,F,11,R,H,SUPINATION,0.305,-0.438,-0.878,1.214,-2.462,2.193,-153.5,-17.2,-55.2,73.0,-55.2
6742,F,11,R,H,SUPINATION,0.304,-0.438,-0.880,1.124,-2.516,2.273,-153.5,-17.2,-55.3,73.0,-55.3
6752,F,11,R,H,SUPINATION,0.304,-0.439,-0.881,0.938,-2.515,2.341,-153.5,-17.2,-55.3,73.0,-55.3
6762,F,11,R,H,SUPINATION,0.304,-0.438,-0.881,0.669,-2.466,2.402,-153.5,-17.1,-55.3,73.0,-55.3
6772,F,11,R,H,SUPINATION,0.303,-0.438,-0.881,0.347,-2.399,2.449,-153.6,-17.1,-55.3,73.0,-55.3
6782,F,11,R,H,SUPINATION,0.303,-0.437,-0.880,0.010,-2.297,2.493,-153.6,-17.1,-55.3,73.0,-55.3
6792,F,11,R,H,SUPINATION,0.303,-0.437,-0.880,-0.306,-2.179,2.530,-153.6,-17.1,-55.3,73.0,-55.3
6802,F,11,R,H,SUPINATION,0.302,-0.437,-0.878,-0.610,-2.010,2.566,-153.5,-17.1,-55.4,73.0,-55.4
6812,F,11,R,H,SUPINATION,0.301,-0.437,-0.877,-0.891,-1.839,2.601,-153.5,-17.1,-55.4,72.9,-55.4
6822,F,11,R,H,SUPINATION,0.300,-0.437,-0.877,-1.160,-1.677,2.621,-153.5,-17.0,-55.6,72.9,-55.6
6832,F,11,R,H,SUPINATION,0.298,-0.437,-0.877,-1.428,-1.481,2.649,-153.5,-16.9,-55.7,72.8,-55.7
6842,F,11,R,H,SUPINATION,0.297,-0.437,-0.877,-1.654,-1.261,2.696,-153.5,-16.9,-55.8,72.7,-55.8
6852,F,11,R,H,SUPINATION,0.296,-0.437,-0.877,-1.829,-1.038,2.759,-153.5,-16.8,-55.9,72.6,-55.9
6863,F,11,R,H,SUPINATION,0.295,-0.437,-0.878,-1.930,-0.797,2.853,-153.5,-16.8,-55.9,72.5,-55.9
6873,F,11,R,H,SUPINATION,0.295,-0.437,-0.877,-1.973,-0.536,2.964,-153.5,-16.8,-56.0,72.4,-56.0
6883,F,11,R,H,SUPINATION,0.295,-0.437,-0.876,-1.946,-0.281,3.130,-153.5,-16.8,-56.0,72.4,-56.0
6893,F,11,R,H,SUPINATION,0.296,-0.437,-0.875,-1.839,-0.052,3.331,-153.4,-16.8,-55.9,72.3,-55.9
6903,F,11,R,H,SUPINATION,0.296,-0.437,-0.873,-1.607,0.150,3.552,-153.4,-16.9,-55.9,72.3,-55.9
6913,F,11,R,H,SUPINATION,0.297,-0.438,-0.871,-1.264,0.335,3.752,-153.3,-16.9,-55.9,72.2,-55.9
6923,F,11,R,H,SUPINATION,0.298,-0.438,-0.869,-0.813,0.490,3.933,-153.2,-17.0,-55.8,72.2,-55.8
6933,F,11,R,H,SUPINATION,0.299,-0.439,-0.867,-0.308,0.583,4.094,-153.1,-17.1,-55.7,72.1,-55.7
6943,F,11,R,H,SUPINATION,0.300,-0.441,-0.865,0.193,0.597,4.210,-153.0,-17.2,-55.8,72.1,-55.8
6953,F,11,R,H,SUPINATION,0.301,-0.443,-0.863,0.659,0.550,4.293,-152.9,-17.2,-55.8,72.0,-55.8
6963,F,11,R,H,SUPINATION,0.302,-0.444,-0.863,1.010,0.466,4.335,-152.7,-17.3,-55.8,72.0,-55.8
6973,F,11,R,H,SUPINATION,0.303,-0.446,-0.861,1.240,0.350,4.325,-152.6,-17.3,-55.8,71.9,-55.8
6983,F,11,R,H,SUPINATION,0.303,-0.447,-0.860,1.316,0.241,4.258,-152.6,-17.4,-55.8,71.9,-55.8
6993,F,11,R,H,SUPINATION,0.304,-0.447,-0.859,1.249,0.116,4.167,-152.5,-17.4,-55.8,71.8,-55.8
7003,F,11,R,H,SUPINATION,0.304,-0.447,-0.859,1.098,-0.005,4.078,-152.5,-17.5,-55.7,71.7,-55.7
7013,F,11,R,H,SUPINATION,0.306,-0.446,-0.858,0.912,-0.170,3.993,-152.6,-17.5,-55.6,71.7,-55.6
7023,F,11,R,H,SUPINATION,0.306,-0.444,-0.858,0.742,-0.317,3.902,-152.6,-17.6,-55.4,71.7,-55.4
7033,F,11,R,H,SUPINATION,0.307,-0.444,-0.858,0.645,-0.448,3.789,-152.7,-17.6,-55.3,71.6,-55.3
7043,F,11,R,H,SUPINATION,0.307,-0.443,-0.858,0.631,-0.550,3.652,-152.7,-17.6,-55.3,71.6,-55.3
7053,F,11,R,H,SUPINATION,0.307,-0.443,-0.858,0.655,-0.618,3.506,-152.7,-17.6,-55.3,71.6,-55.3
7063,F,11,R,H,SUPINATION,0.305,-0.443,-0.858,0.674,-0.689,3.358,-152.7,-17.6,-55.4,71.6,-55.4
7073,F,11,R,H,SUPINATION,0.305,-0.443,-0.858,0.640,-0.747,3.209,-152.7,-17.5,-55.5,71.6,-55.5
7083,F,11,R,H,SUPINATION,0.304,-0.444,-0.856,0.521,-0.789,3.051,-152.6,-17.5,-55.6,71.5,-55.6
7093,F,11,R,H,SUPINATION,0.304,-0.444,-0.855,0.301,-0.810,2.905,-152.6,-17.5,-55.6,71.5,-55.6
7103,F,11,R,H,SUPINATION,0.303,-0.444,-0.855,-0.021,-0.816,2.750,-152.5,-17.5,-55.7,71.5,-55.7
7113,F,11,R,H,SUPINATION,0.303,-0.444,-0.855,-0.416,-0.799,2.591,-152.5,-17.4,-55.7,71.5,-55.7
7123,F,11,R,H,SUPINATION,0.302,-0.444,-0.855,-0.844,-0.772,2.436,-152.6,-17.4,-55.7,71.5,-55.7
7133,F,11,R,H,SUPINATION,0.302,-0.444,-0.856,-1.258,-0.751,2.278,-152.6,-17.4,-55.7,71.5,-55.7
7143,F,11,R,H,SUPINATION,0.302,-0.443,-0.856,-1.594,-0.733,2.119,-152.6,-17.4,-55.7,71.5,-55.7
7153,F,11,R,H,SUPINATION,0.301,-0.443,-0.856,-1.823,-0.729,1.952,-152.7,-17.3,-55.8,71.5,-55.8
7163,F,11,R,H,SUPINATION,0.301,-0.443,-0.857,-1.889,-0.677,1.792,-152.7,-17.3,-55.8,71.4,-55.8
7174,F,11,R,H,SUPINATION,0.301,-0.442,-0.857,-1.851,-0.581,1.643,-152.7,-17.3,-55.8,71.4,-55.8
7184,F,11,R,H,SUPINATION,0.301,-0.441,-0.857,-1.793,-0.492,1.515,-152.7,-17.4,-55.7,71.4,-55.7
7194,F,11,R,H,SUPINATION,0.302,-0.442,-0.856,-1.745,-0.430,1.388,-152.7,-17.4,-55.6,71.4,-55.6
7204,F,11,R,H,SUPINATION,0.302,-0.442,-0.856,-1.729,-0.398,1.254,-152.7,-17.4,-55.6,71.4,-55.6
7214,F,11,R,H,SUPINATION,0.302,-0.442,-0.856,-1.763,-0.389,1.107,-152.7,-17.4,-55.6,71.4,-55.6
7224,F,11,R,H,SUPINATION,0.302,-0.443,-0.856,-1.845,-0.388,0.951,-152.7,-17.4,-55.7,71.4,-55.7
7234,F,11,R,H,SUPINATION,0.302,-0.443,-0.856,-1.952,-0.389,0.805,-152.7,-17.4,-55.7,71.4,-55.7
7244,F,11,R,H,SUPINATION,0.302,-0.442,-0.857,-2.049,-0.378,0.660,-152.7,-17.4,-55.7,71.4,-55.7
7254,F,11,R,H,SUPINATION,0.302,-0.442,-0.857,-2.104,-0.342,0.530,-152.7,-17.4,-55.7,71.4,-55.7
7264,F,11,R,H,SUPINATION,0.302,-0.441,-0.858,-2.127,-0.291,0.391,-152.8,-17.4,-55.6,71.4,-55.6
7274,F,11,R,H,SUPINATION,0.302,-0.442,-0.858,-2.124,-0.239,0.248,-152.8,-17.4,-55.6,71.4,-55.6
7284,F,11,R,H,SUPINATION,0.302,-0.442,-0.859,-2.131,-0.191,0.095,-152.8,-17.4,-55.6,71.4,-55.6
7294,F,11,R,H,SUPINATION,0.302,-0.442,-0.860,-2.132,-0.125,-0.046,-152.8,-17.4,-55.6,71.4,-55.6
7304,F,11,R,H,SUPINATION,0.303,-0.442,-0.861,-2.149,-0.072,-0.171,-152.8,-17.4,-55.6,71.4,-55.6
7314,F,11,R,H,SUPINATION,0.303,-0.442,-0.862,-2.172,-0.014,-0.276,-152.9,-17.4,-55.6,71.4,-55.6
7324,F,11,R,H,SUPINATION,0.303,-0.442,-0.862,-2.184,0.040,-0.354,-152.9,-17.4,-55.6,71.4,-55.6
7334,F,11,R,H,SUPINATION,0.304,-0.443,-0.862,-2.209,0.086,-0.407,-152.8,-17.4,-55.6,71.4,-55.6
7344,F,11,R,H,SUPINATION,0.304,-0.443,-0.862,-2.230,0.124,-0.449,-152.8,-17.4,-55.5,71.4,-55.5
7354,F,11,R,H,SUPINATION,0.305,-0.444,-0.863,-2.237,0.156,-0.485,-152.8,-17.4,-55.5,71.4,-55.5
7364,F,11,R,H,SUPINATION,0.305,-0.443,-0.863,-2.234,0.181,-0.514,-152.8,-17.5,-55.5,71.4,-55.5
7374,F,11,R,H,SUPINATION,0.306,-0.444,-0.862,-2.207,0.184,-0.520,-152.8,-17.5,-55.4,71.4,-55.4
7384,F,11,R,H,SUPINATION,0.307,-0.444,-0.862,-2.167,0.179,-0.516,-152.7,-17.6,-55.4,71.4,-55.4
7394,F,11,R,H,SUPINATION,0.307,-0.445,-0.862,-2.106,0.149,-0.505,-152.7,-17.6,-55.4,71.4,-55.4
7404,F,11,R,H,SUPINATION,0.308,-0.445,-0.863,-2.009,0.126,-0.483,-152.7,-17.6,-55.3,71.3,-55.3
7414,F,11,R,H,SUPINATION,0.308,-0.445,-0.863,-1.898,0.119,-0.442,-152.7,-17.6,-55.3,71.3,-55.3
7424,F,11,R,H,SUPINATION,0.308,-0.445,-0.863,-1.781,0.097,-0.400,-152.7,-17.6,-55.3,71.3,-55.3
7434,F,11,R,H,SUPINATION,0.309,-0.446,-0.863,-1.676,0.054,-0.343,-152.7,-17.7,-55.3,71.3,-55.3
7444,F,11,R,H,SUPINATION,0.310,-0.447,-0.863,-1.595,-0.008,-0.286,-152.6,-17.7,-55.3,71.3,-55.3
7454,F,11,R,H,SUPINATION,0.310,-0.447,-0.864,-1.552,-0.097,-0.223,-152.6,-17.7,-55.3,71.3,-55.3
7464,F,11,R,H,SUPINATION,0.311,-0.448,-0.865,-1.549,-0.178,-0.155,-152.6,-17.7,-55.2,71.3,-55.2
7474,F,11,R,H,SUPINATION,0.311,-0.448,-0.864,-1.541,-0.251,-0.077,-152.6,-17.7,-55.2,71.2,-55.2
7485,F,11,R,H,SUPINATION,0.312,-0.448,-0.864,-1.539,-0.325,0.002,-152.6,-17.8,-55.1,71.2,-55.1
7495,F,11,R,H,SUPINATION,0.312,-0.448,-0.863,-1.518,-0.424,0.066,-152.6,-17.8,-55.2,71.1,-55.2
7505,F,11,R,H,SUPINATION,0.311,-0.448,-0.863,-1.498,-0.525,0.112,-152.5,-17.8,-55.2,71.1,-55.2
7515,F,11,R,H,SUPINATION,0.311,-0.449,-0.862,-1.492,-0.623,0.170,-152.5,-17.7,-55.3,71.1,-55.3
7525,F,11,R,H,SUPINATION,0.311,-0.449,-0.861,-1.483,-0.727,0.251,-152.5,-17.8,-55.3,71.1,-55.3
7535,F,11,R,H,SUPINATION,0.311,-0.449,-0.862,-1.469,-0.840,0.348,-152.5,-17.8,-55.3,71.0,-55.3
7545,F,11,R,H,SUPINATION,0.311,-0.449,-0.862,-1.445,-0.968,0.450,-152.5,-17.7,-55.3,71.0,-55.3
7555,F,11,R,H,SUPINATION,0.311,-0.449,-0.862,-1.426,-1.056,0.565,-152.5,-17.7,-55.3,71.0,-55.3
7565,F,11,R,H,SUPINATION,0.311,-0.448,-0.862,-1.395,-1.108,0.694,-152.5,-17.8,-55.2,71.0,-55.2
7575,F,11,R,H,SUPINATION,0.311,-0.447,-0.861,-1.376,-1.165,0.805,-152.6,-17.8,-55.2,71.0,-55.2
7585,F,11,R,H,SUPINATION,0.310,-0.446,-0.860,-1.328,-1.217,0.923,-152.6,-17.8,-55.2,71.0,-55.2
7595,F,11,R,H,SUPINATION,0.310,-0.446,-0.860,-1.250,-1.261,1.045,-152.6,-17.8,-55.2,71.0,-55.2
7605,F,11,R,H,SUPINATION,0.311,-0.445,-0.860,-1.112,-1.322,1.168,-152.6,-17.8,-55.1,71.1,-55.1
7615,F,11,R,H,SUPINATION,0.311,-0.446,-0.860,-0.975,-1.407,1.264,-152.6,-17.8,-55.1,71.1,-55.1
7625,F,11,R,H,SUPINATION,0.310,-0.446,-0.861,-0.904,-1.492,1.330,-152.6,-17.7,-55.2,71.1,-55.2
7635,F,11,R,H,SUPINATION,0.310,-0.446,-0.862,-0.932,-1.561,1.372,-152.6,-17.7,-55.2,71.2,-55.2
7645,F,11,R,H,SUPINATION,0.310,-0.446,-0.863,-1.021,-1.618,1.395,-152.6,-17.7,-55.2,71.2,-55.2
7655,F,11,R,H,SUPINATION,0.310,-0.446,-0.863,-1.148,-1.663,1.402,-152.7,-17.7,-55.2,71.2,-55.2
7665,F,11,R,H,SUPINATION,0.310,-0.445,-0.864,-1.264,-1.688,1.395,-152.7,-17.7,-55.1,71.2,-55.1
7675,F,11,R,H,SUPINATION,0.310,-0.445,-0.863,-1.365,-1.699,1.386,-152.8,-17.7,-55.1,71.2,-55.1
7685,F,11,R,H,SUPINATION,0.310,-0.444,-0.864,-1.444,-1.736,1.362,-152.8,-17.7,-55.1,71.2,-55.1
7695,F,11,R,H,SUPINATION,0.310,-0.444,-0.864,-1.502,-1.775,1.332,-152.8,-17.7,-55.1,71.2,-55.1
7705,F,11,R,H,SUPINATION,0.310,-0.443,-0.864,-1.555,-1.798,1.294,-152.8,-17.7,-55.0,71.2,-55.0
7715,F,11,R,H,SUPINATION,0.310,-0.443,-0.863,-1.598,-1.837,1.256,-152.9,-17.7,-55.0,71.2,-55.0
7725,F,11,R,H,SUPINATION,0.311,-0.442,-0.863,-1.611,-1.899,1.225,-152.9,-17.8,-54.9,71.2,-54.9
7735,F,11,R,H,SUPINATION,0.311,-0.442,-0.862,-1.587,-1.985,1.173,-152.9,-17.8,-54.9,71.3,-54.9
7745,F,11,R,H,SUPINATION,0.311,-0.442,-0.861,-1.525,-2.102,1.121,-152.8,-17.8,-54.9,71.2,-54.9
7755,F,11,R,H,SUPINATION,0.311,-0.442,-0.861,-1.477,-2.270,1.052,-152.8,-17.8,-54.9,71.3,-54.9
7765,F,11,R,H,SUPINATION,0.311,-0.443,-0.861,-1.440,-2.439,0.969,-152.8,-17.8,-54.9,71.3,-54.9
7775,F,11,R,H,SUPINATION,0.311,-0.443,-0.860,-1.449,-2.617,0.854,-152.8,-17.8,-54.9,71.2,-54.9
7785,F,11,R,H,SUPINATION,0.311,-0.443,-0.861,-1.514,-2.812,0.723,-152.8,-17.8,-54.9,71.2,-54.9
7796,F,11,R,H,SUPINATION,0.311,-0.443,-0.861,-1.644,-3.017,0.584,-152.8,-17.8,-54.9,71.2,-54.9
7806,F,11,R,H,SUPINATION,0.310,-0.443,-0.862,-1.814,-3.244,0.435,-152.8,-17.8,-55.0,71.2,-55.0
7816,F,11,R,H,SUPINATION,0.310,-0.443,-0.863,-2.010,-3.460,0.280,-152.9,-17.7,-55.0,71.2,-55.0
7826,F,11,R,H,SUPINATION,0.309,-0.442,-0.864,-2.177,-3.620,0.134,-152.9,-17.7,-55.0,71.2,-55.0
7836,F,11,R,H,SUPINATION,0.309,-0.440,-0.866,-2.237,-3.726,0.031,-153.0,-17.6,-55.0,71.2,-55.0
7846,F,11,R,H,SUPINATION,0.308,-0.439,-0.867,-2.145,-3.771,-0.034,-153.1,-17.6,-55.0,71.2,-55.0
7856,F,11,R,H,SUPINATION,0.307,-0.438,-0.868,-1.925,-3.771,-0.075,-153.2,-17.5,-55.0,71.2,-55.0
7866,F,11,R,H,SUPINATION,0.306,-0.438,-0.869,-1.635,-3.722,-0.094,-153.3,-17.5,-55.0,71.2,-55.0
7876,F,11,R,H,SUPINATION,0.306,-0.438,-0.870,-1.308,-3.640,-0.118,-153.3,-17.4,-55.1,71.2,-55.1
7886,F,11,R,H,SUPINATION,0.305,-0.438,-0.871,-1.024,-3.553,-0.111,-153.3,-17.4,-55.2,71.2,-55.2
7896,F,11,R,H,SUPINATION,0.305,-0.439,-0.871,-0.829,-3.483,-0.080,-153.2,-17.4,-55.2,71.2,-55.2
7906,F,11,R,H,SUPINATION,0.305,-0.440,-0.872,-0.713,-3.399,-0.036,-153.2,-17.3,-55.3,71.2,-55.3
7916,F,11,R,H,SUPINATION,0.305,-0.442,-0.871,-0.678,-3.317,0.017,-153.1,-17.3,-55.4,71.2,-55.4
7926,F,11,R,H,SUPINATION,0.305,-0.443,-0.871,-0.737,-3.227,0.065,-153.0,-17.3,-55.5,71.2,-55.5
7936,F,11,R,H,SUPINATION,0.304,-0.444,-0.871,-0.846,-3.115,0.110,-153.0,-17.3,-55.6,71.2,-55.6
7946,F,11,R,H,SUPINATION,0.304,-0.444,-0.871,-0.951,-2.986,0.179,-153.0,-17.3,-55.6,71.2,-55.6
7956,F,11,R,H,SUPINATION,0.304,-0.444,-0.871,-1.034,-2.865,0.272,-153.0,-17.3,-55.6,71.2,-55.6
7966,F,11,R,H,SUPINATION,0.304,-0.445,-0.870,-1.063,-2.740,0.389,-152.9,-17.3,-55.7,71.2,-55.7
7976,F,11,R,H,SUPINATION,0.304,-0.445,-0.869,-1.023,-2.632,0.524,-152.9,-17.3,-55.7,71.2,-55.7
7986,F,11,R,H,SUPINATION,0.304,-0.445,-0.868,-0.961,-2.514,0.649,-152.8,-17.3,-55.7,71.2,-55.7
7996,F,11,R,H,SUPINATION,0.303,-0.445,-0.866,-0.898,-2.415,0.760,-152.8,-17.3,-55.7,71.2,-55.7
8006,F,11,R,H,SUPINATION,0.303,-0.445,-0.865,-0.836,-2.327,0.887,-152.8,-17.3,-55.7,71.2,-55.7
8016,F,11,R,H,SUPINATION,0.303,-0.445,-0.863,-0.808,-2.233,1.015,-152.7,-17.3,-55.8,71.2,-55.8
8026,F,11,R,H,SUPINATION,0.303,-0.445,-0.862,-0.782,-2.155,1.140,-152.7,-17.4,-55.7,71.2,-55.7
8036,F,11,R,H,SUPINATION,0.304,-0.446,-0.862,-0.766,-2.108,1.276,-152.6,-17.4,-55.8,71.2,-55.8
8046,F,11,R,H,SUPINATION,0.304,-0.446,-0.861,-0.741,-2.054,1.407,-152.6,-17.4,-55.8,71.1,-55.8
8056,F,11,R,H,SUPINATION,0.304,-0.446,-0.860,-0.719,-1.974,1.524,-152.6,-17.4,-55.7,71.1,-55.7
8066,F,11,R,H,SUPINATION,0.304,-0.446,-0.858,-0.707,-1.871,1.614,-152.6,-17.4,-55.7,71.1,-55.7
8076,F,11,R,H,SUPINATION,0.304,-0.445,-0.857,-0.719,-1.760,1.703,-152.5,-17.5,-55.7,71.1,-55.7
8086,F,11,R,H,SUPINATION,0.304,-0.446,-0.857,-0.761,-1.660,1.805,-152.5,-17.5,-55.7,71.1,-55.7
8096,F,11,R,H,SUPINATION,0.304,-0.446,-0.857,-0.821,-1.576,1.909,-152.5,-17.5,-55.7,71.0,-55.7
8107,F,11,R,H,SUPINATION,0.303,-0.446,-0.857,-0.870,-1.483,1.989,-152.5,-17.4,-55.8,71.0,-55.8
8117,F,11,R,H,SUPINATION,0.303,-0.445,-0.857,-0.936,-1.345,2.041,-152.6,-17.4,-55.7,71.0,-55.7
8127,F,11,R,H,SUPINATION,0.304,-0.445,-0.858,-0.997,-1.174,2.098,-152.6,-17.4,-55.7,71.0,-55.7
8137,F,11,R,H,SUPINATION,0.304,-0.445,-0.859,-1.055,-0.986,2.147,-152.6,-17.4,-55.7,71.0,-55.7
8147,F,11,R,H,SUPINATION,0.303,-0.445,-0.859,-1.140,-0.837,2.189,-152.6,-17.4,-55.7,70.9,-55.7
8157,F,11,R,H,SUPINATION,0.303,-0.445,-0.860,-1.259,-0.701,2.211,-152.6,-17.4,-55.8,70.9,-55.8
8167,F,11,R,H,SUPINATION,0.303,-0.445,-0.860,-1.394,-0.574,2.222,-152.6,-17.4,-55.8,70.9,-55.8
8177,F,11,R,H,SUPINATION,0.303,-0.445,-0.859,-1.503,-0.442,2.244,-152.6,-17.4,-55.8,70.9,-55.8
8187,F,11,R,H,SUPINATION,0.303,-0.445,-0.859,-1.568,-0.331,2.264,-152.6,-17.4,-55.7,70.9,-55.7
8197,F,11,R,H,SUPINATION,0.303,-0.444,-0.858,-1.615,-0.263,2.282,-152.6,-17.4,-55.8,70.8,-55.8
8207,F,11,R,H,SUPINATION,0.303,-0.445,-0.856,-1.626,-0.259,2.282,-152.5,-17.4,-55.8,70.8,-55.8
8217,F,11,R,H,SUPINATION,0.303,-0.446,-0.856,-1.620,-0.313,2.265,-152.5,-17.4,-55.8,70.9,-55.8
8227,F,11,R,H,SUPINATION,0.303,-0.446,-0.856,-1.600,-0.433,2.245,-152.5,-17.4,-55.8,70.8,-55.8
8237,F,11,R,H,SUPINATION,0.303,-0.445,-0.856,-1.568,-0.596,2.223,-152.5,-17.5,-55.7,70.8,-55.7
8247,F,11,R,H,SUPINATION,0.304,-0.445,-0.857,-1.487,-0.781,2.185,-152.5,-17.5,-55.7,70.8,-55.7
8257,F,11,R,H,SUPINATION,0.304,-0.445,-0.859,-1.369,-0.976,2.136,-152.6,-17.5,-55.7,70.8,-55.7
8267,F,11,R,H,SUPINATION,0.304,-0.445,-0.861,-1.223,-1.165,2.105,-152.7,-17.4,-55.7,70.8,-55.7
8277,F,11,R,H,SUPINATION,0.304,-0.445,-0.863,-1.054,-1.359,2.072,-152.7,-17.4,-55.7,70.8,-55.7
8287,F,11,R,H,SUPINATION,0.304,-0.444,-0.866,-0.879,-1.525,2.049,-152.9,-17.3,-55.6,70.8,-55.6
8297,F,11,R,H,SUPINATION,0.303,-0.443,-0.869,-0.694,-1.654,2.065,-153.0,-17.3,-55.6,70.8,-55.6
8307,F,11,R,H,SUPINATION,0.303,-0.443,-0.871,-0.526,-1.745,2.116,-153.0,-17.2,-55.6,70.8,-55.6
8317,F,11,R,H,SUPINATION,0.303,-0.443,-0.873,-0.366,-1.812,2.194,-153.1,-17.2,-55.7,70.8,-55.7
8327,F,11,R,H,SUPINATION,0.303,-0.443,-0.874,-0.257,-1.853,2.305,-153.1,-17.2,-55.7,70.8,-55.7
8337,F,11,R,H,SUPINATION,0.303,-0.444,-0.875,-0.197,-1.899,2.416,-153.1,-17.2,-55.7,70.8,-55.7
8347,F,11,R,H,SUPINATION,0.303,-0.444,-0.875,-0.243,-1.969,2.544,-153.1,-17.2,-55.7,70.8,-55.7
8357,F,11,R,H,SUPINATION,0.303,-0.445,-0.874,-0.374,-2.074,2.640,-153.0,-17.2,-55.7,70.8,-55.7
8367,F,11,R,H,SUPINATION,0.303,-0.445,-0.873,-0.590,-2.169,2.703,-153.0,-17.2,-55.8,70.9,-55.8
11,F,11,R,H,PRONATION,0.302,-0.429,-0.881,-0.724,-1.853,2.580,-154.1,-17.1,-54.8,138.3,-54.8
21,F,11,R,H,PRONATION,0.301,-0.413,-0.888,-0.833,-1.565,2.448,-155.0,-17.1,-53.9,137.9,-53.9
31,F,11,R,H,PRONATION,0.300,-0.400,-0.893,-0.949,-1.309,2.347,-155.9,-17.1,-53.1,137.4,-53.1
41,F,11,R,H,PRONATION,0.300,-0.388,-0.898,-1.095,-1.085,2.262,-156.6,-17.1,-52.3,137.1,-52.3
51,F,11,R,H,PRONATION,0.300,-0.377,-0.901,-1.279,-0.916,2.192,-157.3,-17.1,-51.5,136.7,-51.5
61,F,11,R,H,PRONATION,0.300,-0.367,-0.905,-1.493,-0.797,2.117,-157.9,-17.1,-50.7,136.5,-50.7
71,F,11,R,H,PRONATION,0.301,-0.358,-0.908,-1.715,-0.737,2.041,-158.5,-17.1,-50.0,136.2,-50.0
81,F,11,R,H,PRONATION,0.301,-0.350,-0.910,-1.921,-0.722,1.946,-159.0,-17.2,-49.3,135.9,-49.3
91,F,11,R,H,PRONATION,0.301,-0.342,-0.912,-2.070,-0.753,1.845,-159.4,-17.2,-48.7,135.7,-48.7
101,F,11,R,H,PRONATION,0.301,-0.335,-0.913,-2.143,-0.807,1.744,-159.9,-17.2,-48.0,135.5,-48.0
111,F,11,R,H,PRONATION,0.302,-0.328,-0.916,-2.128,-0.883,1.637,-160.3,-17.2,-47.4,135.3,-47.4
121,F,11,R,H,PRONATION,0.302,-0.322,-0.918,-2.010,-0.982,1.522,-160.6,-17.2,-46.9,135.1,-46.9
131,F,11,R,H,PRONATION,0.301,-0.317,-0.920,-1.845,-1.096,1.401,-161.0,-17.2,-46.4,135.0,-46.4
141,F,11,R,H,PRONATION,0.301,-0.313,-0.922,-1.703,-1.223,1.288,-161.3,-17.2,-46.1,134.9,-46.1
151,F,11,R,H,PRONATION,0.301,-0.309,-0.924,-1.605,-1.340,1.182,-161.5,-17.1,-45.8,134.8,-45.8
161,F,11,R,H,PRONATION,0.300,-0.306,-0.926,-1.566,-1.428,1.105,-161.7,-17.1,-45.5,134.7,-45.5
171,F,11,R,H,PRONATION,0.300,-0.303,-0.927,-1.567,-1.479,1.031,-161.9,-17.1,-45.3,134.5,-45.3
181,F,11,R,H,PRONATION,0.299,-0.300,-0.929,-1.621,-1.509,0.981,-162.1,-17.1,-45.1,134.4,-45.1
191,F,11,R,H,PRONATION,0.299,-0.298,-0.930,-1.674,-1.524,0.950,-162.2,-17.0,-44.9,134.4,-44.9
201,F,11,R,H,PRONATION,0.299,-0.296,-0.931,-1.690,-1.512,0.941,-162.4,-17.0,-44.7,134.2,-44.7
211,F,11,R,H,PRONATION,0.298,-0.294,-0.932,-1.676,-1.476,0.932,-162.5,-17.0,-44.5,134.2,-44.5
221,F,11,R,H,PRONATION,0.298,-0.292,-0.932,-1.648,-1.437,0.934,-162.6,-17.0,-44.4,134.1,-44.4
231,F,11,R,H,PRONATION,0.298,-0.290,-0.932,-1.634,-1.381,0.926,-162.7,-17.0,-44.2,134.0,-44.2
241,F,11,R,H,PRONATION,0.298,-0.288,-0.932,-1.613,-1.314,0.919,-162.8,-17.0,-44.0,133.9,-44.0
251,F,11,R,H,PRONATION,0.298,-0.287,-0.931,-1.610,-1.236,0.879,-162.9,-17.0,-44.0,133.9,-44.0
261,F,11,R,H,PRONATION,0.298,-0.286,-0.931,-1.626,-1.162,0.845,-162.9,-17.0,-43.8,133.8,-43.8
271,F,11,R,H,PRONATION,0.298,-0.285,-0.930,-1.674,-1.093,0.837,-163.0,-17.0,-43.7,133.8,-43.7
281,F,11,R,H,PRONATION,0.297,-0.284,-0.930,-1.740,-1.028,0.833,-163.0,-17.0,-43.6,133.7,-43.6
291,F,11,R,H,PRONATION,0.297,-0.283,-0.930,-1.800,-0.974,0.831,-163.1,-17.0,-43.6,133.7,-43.6
301,F,11,R,H,PRONATION,0.297,-0.282,-0.931,-1.839,-0.939,0.808,-163.2,-17.0,-43.5,133.6,-43.5
311,F,11,R,H,PRONATION,0.297,-0.281,-0.932,-1.842,-0.923,0.806,-163.2,-17.0,-43.4,133.6,-43.4
321,F,11,R,H,PRONATION,0.297,-0.280,-0.933,-1.798,-0.890,0.808,-163.3,-17.0,-43.4,133.5,-43.4
332,F,11,R,H,PRONATION,0.297,-0.280,-0.932,-1.706,-0.834,0.794,-163.3,-17.0,-43.3,133.5,-43.3
342,F,11,R,H,PRONATION,0.297,-0.279,-0.933,-1.582,-0.756,0.778,-163.4,-17.0,-43.1,133.5,-43.1
352,F,11,R,H,PRONATION,0.298,-0.278,-0.933,-1.451,-0.683,0.751,-163.4,-17.0,-43.1,133.5,-43.1
362,F,11,R,H,PRONATION,0.298,-0.278,-0.934,-1.326,-0.601,0.724,-163.4,-17.0,-43.0,133.4,-43.0
372,F,11,R,H,PRONATION,0.299,-0.278,-0.935,-1.282,-0.509,0.695,-163.4,-17.0,-43.0,133.4,-43.0
382,F,11,R,H,PRONATION,0.299,-0.279,-0.936,-1.329,-0.421,0.676,-163.4,-17.0,-43.0,133.4,-43.0
392,F,11,R,H,PRONATION,0.300,-0.279,-0.936,-1.439,-0.343,0.645,-163.4,-17.1,-42.9,133.3,-42.9
402,F,11,R,H,PRONATION,0.300,-0.278,-0.935,-1.602,-0.286,0.599,-163.4,-17.1,-42.9,133.3,-42.9
412,F,11,R,H,PRONATION,0.300,-0.278,-0.934,-1.807,-0.210,0.571,-163.4,-17.1,-42.8,133.3,-42.8
422,F,11,R,H,PRONATION,0.300,-0.278,-0.934,-2.008,-0.137,0.523,-163.4,-17.1,-42.8,133.2,-42.8
432,F,11,R,H,PRONATION,0.301,-0.277,-0.932,-2.165,-0.060,0.493,-163.4,-17.2,-42.7,133.2,-42.7
442,F,11,R,H,PRONATION,0.301,-0.276,-0.931,-2.266,0.007,0.442,-163.5,-17.2,-42.5,133.2,-42.5
452,F,11,R,H,PRONATION,0.302,-0.275,-0.930,-2.290,0.110,0.385,-163.5,-17.3,-42.3,133.2,-42.3
462,F,11,R,H,PRONATION,0.304,-0.273,-0.928,-2.219,0.219,0.322,-163.6,-17.4,-42.0,133.2,-42.0
472,F,11,R,H,PRONATION,0.305,-0.272,-0.927,-2.059,0.327,0.246,-163.6,-17.5,-41.8,133.2,-41.8
482,F,11,R,H,PRONATION,0.305,-0.272,-0.926,-1.785,0.441,0.152,-163.7,-17.5,-41.7,133.2,-41.7
492,F,11,R,H,PRONATION,0.305,-0.271,-0.927,-1.453,0.559,0.024,-163.7,-17.5,-41.6,133.2,-41.6
502,F,11,R,H,PRONATION,0.305,-0.271,-0.927,-1.094,0.667,-0.107,-163.7,-17.5,-41.6,133.2,-41.6
512,F,11,R,H,PRONATION,0.305,-0.271,-0.928,-0.788,0.810,-0.234,-163.7,-17.5,-41.7,133.2,-41.7
522,F,11,R,H,PRONATION,0.305,-0.272,-0.928,-0.640,0.947,-0.335,-163.6,-17.5,-41.7,133.2,-41.7
532,F,11,R,H,PRONATION,0.305,-0.273,-0.928,-0.703,1.069,-0.448,-163.6,-17.5,-41.8,133.2,-41.8
542,F,11,R,H,PRONATION,0.305,-0.274,-0.929,-0.936,1.183,-0.524,-163.6,-17.5,-42.0,133.2,-42.0
552,F,11,R,H,PRONATION,0.305,-0.275,-0.929,-1.315,1.313,-0.604,-163.5,-17.4,-42.1,133.2,-42.1
562,F,11,R,H,PRONATION,0.304,-0.275,-0.931,-1.754,1.427,-0.658,-163.5,-17.4,-42.2,133.3,-42.2
572,F,11,R,H,PRONATION,0.303,-0.274,-0.932,-2.145,1.557,-0.678,-163.6,-17.3,-42.2,133.3,-42.2
582,F,11,R,H,PRONATION,0.303,-0.273,-0.933,-2.408,1.681,-0.647,-163.7,-17.3,-42.0,133.2,-42.0
592,F,11,R,H,PRONATION,0.304,-0.272,-0.934,-2.505,1.805,-0.596,-163.7,-17.4,-41.8,133.2,-41.8
602,F,11,R,H,PRONATION,0.305,-0.272,-0.937,-2.422,1.908,-0.534,-163.8,-17.3,-41.8,133.2,-41.8
612,F,11,R,H,PRONATION,0.305,-0.272,-0.938,-2.223,1.998,-0.477,-163.8,-17.4,-41.7,133.3,-41.7
622,F,11,R,H,PRONATION,0.306,-0.272,-0.939,-2.004,2.083,-0.412,-163.9,-17.4,-41.6,133.2,-41.6
632,F,11,R,H,PRONATION,0.307,-0.272,-0.940,-1.844,2.147,-0.333,-163.8,-17.4,-41.6,133.2,-41.6
643,F,11,R,H,PRONATION,0.308,-0.273,-0.941,-1.811,2.171,-0.250,-163.8,-17.4,-41.5,133.3,-41.5
653,F,11,R,H,PRONATION,0.309,-0.274,-0.942,-1.874,2.139,-0.174,-163.8,-17.5,-41.5,133.2,-41.5
663,F,11,R,H,PRONATION,0.310,-0.274,-0.943,-2.013,2.088,-0.113,-163.8,-17.5,-41.4,133.3,-41.4
673,F,11,R,H,PRONATION,0.311,-0.274,-0.943,-2.186,2.046,-0.064,-163.8,-17.6,-41.3,133.3,-41.3
683,F,11,R,H,PRONATION,0.312,-0.273,-0.943,-2.313,1.986,-0.038,-163.8,-17.6,-41.2,133.3,-41.2
693,F,11,R,H,PRONATION,0.313,-0.273,-0.944,-2.349,1.872,-0.010,-163.9,-17.7,-41.1,133.3,-41.1
703,F,11,R,H,PRONATION,0.313,-0.272,-0.944,-2.295,1.731,0.017,-163.9,-17.7,-41.0,133.2,-41.0
713,F,11,R,H,PRONATION,0.314,-0.272,-0.944,-2.203,1.559,0.037,-163.9,-17.7,-40.9,133.3,-40.9
723,F,11,R,H,PRONATION,0.315,-0.272,-0.944,-2.044,1.380,0.075,-164.0,-17.8,-40.8,133.2,-40.8
733,F,11,R,H,PRONATION,0.317,-0.272,-0.945,-1.955,1.158,0.108,-163.9,-17.8,-40.7,133.2,-40.7
743,F,11,R,H,PRONATION,0.318,-0.272,-0.944,-2.068,0.903,0.130,-163.9,-17.9,-40.6,133.2,-40.6
753,F,11,R,H,PRONATION,0.318,-0.273,-0.944,-2.271,0.619,0.145,-163.9,-18.0,-40.6,133.2,-40.6
763,F,11,R,H,PRONATION,0.319,-0.272,-0.944,-2.534,0.454,0.153,-163.9,-18.0,-40.5,133.2,-40.5
773,F,11,R,H,PRONATION,0.319,-0.271,-0.944,-2.815,0.220,0.134,-164.0,-18.0,-40.3,133.2,-40.3
783,F,11,R,H,PRONATION,0.319,-0.270,-0.943,-3.061,0.004,0.156,-164.0,-18.0,-40.2,133.2,-40.2
793,F,11,R,H,PRONATION,0.319,-0.269,-0.943,-3.112,-0.206,0.204,-164.1,-18.0,-40.1,133.2,-40.1
803,F,11,R,H,PRONATION,0.318,-0.268,-0.943,-3.023,-0.408,0.267,-164.2,-18.0,-40.0,133.2,-40.0
813,F,11,R,H,PRONATION,0.319,-0.267,-0.943,-2.806,-0.582,0.341,-164.2,-18.0,-40.0,133.1,-40.0
823,F,11,R,H,PRONATION,0.319,-0.267,-0.943,-2.575,-0.752,0.425,-164.2,-18.0,-40.0,133.1,-40.0
833,F,11,R,H,PRONATION,0.318,-0.268,-0.942,-2.361,-0.922,0.485,-164.1,-18.0,-40.1,133.1,-40.1
843,F,11,R,H,PRONATION,0.319,-0.268,-0.941,-2.236,-1.062,0.529,-164.1,-18.0,-40.0,133.1,-40.0
853,F,11,R,H,PRONATION,0.318,-0.268,-0.941,-2.204,-1.172,0.557,-164.1,-18.0,-40.1,133.1,-40.1
863,F,11,R,H,PRONATION,0.319,-0.268,-0.940,-2.272,-1.278,0.599,-164.1,-18.1,-40.0,133.1,-40.0
873,F,11,R,H,PRONATION,0.319,-0.268,-0.938,-2.391,-1.364,0.661,-164.1,-18.1,-40.0,133.1,-40.0
883,F,11,R,H,PRONATION,0.319,-0.267,-0.937,-2.542,-1.432,0.712,-164.1,-18.1,-40.0,133.1,-40.0
893,F,11,R,H,PRONATION,0.319,-0.267,-0.936,-2.648,-1.473,0.762,-164.1,-18.1,-39.9,133.1,-39.9
903,F,11,R,H,PRONATION,0.319,-0.265,-0.934,-2.658,-1.489,0.815,-164.1,-18.2,-39.8,133.1,-39.8
913,F,11,R,H,PRONATION,0.319,-0.265,-0.931,-2.588,-1.482,0.856,-164.1,-18.3,-39.7,133.1,-39.7
923,F,11,R,H,PRONATION,0.320,-0.264,-0.929,-2.413,-1.527,0.886,-164.1,-18.3,-39.6,133.1,-39.6
933,F,11,R,H,PRONATION,0.321,-0.264,-0.927,-2.208,-1.517,0.896,-164.1,-18.4,-39.5,133.1,-39.5
943,F,11,R,H,PRONATION,0.322,-0.264,-0.924,-2.019,-1.482,0.889,-164.1,-18.5,-39.3,133.0,-39.3
954,F,11,R,H,PRONATION,0.322,-0.263,-0.923,-1.921,-1.449,0.820,-164.1,-18.6,-39.2,133.0,-39.2
964,F,11,R,H,PRONATION,0.322,-0.263,-0.922,-1.905,-1.399,0.724,-164.1,-18.6,-39.2,133.0,-39.2
974,F,11,R,H,PRONATION,0.322,-0.262,-0.921,-1.936,-1.354,0.625,-164.1,-18.6,-39.2,133.0,-39.2
984,F,11,R,H,PRONATION,0.321,-0.262,-0.922,-2.008,-1.353,0.521,-164.1,-18.5,-39.2,133.0,-39.2
994,F,11,R,H,PRONATION,0.321,-0.263,-0.923,-2.083,-1.402,0.404,-164.1,-18.5,-39.4,133.1,-39.4
1004,F,11,R,H,PRONATION,0.320,-0.264,-0.924,-2.144,-1.473,0.278,-164.1,-18.4,-39.5,133.0,-39.5
1014,F,11,R,H,PRONATION,0.319,-0.264,-0.925,-2.196,-1.535,0.137,-164.1,-18.3,-39.6,133.0,-39.6
1024,F,11,R,H,PRONATION,0.317,-0.263,-0.926,-2.218,-1.597,-0.016,-164.1,-18.2,-39.7,133.1,-39.7
1034,F,11,R,H,PRONATION,0.317,-0.263,-0.927,-2.249,-1.626,-0.161,-164.2,-18.2,-39.7,133.1,-39.7
1044,F,11,R,H,PRONATION,0.316,-0.261,-0.929,-2.216,-1.595,-0.297,-164.3,-18.1,-39.6,133.1,-39.6
1054,F,11,R,H,PRONATION,0.316,-0.260,-0.931,-2.125,-1.541,-0.381,-164.4,-18.1,-39.5,133.2,-39.5
1064,F,11,R,H,PRONATION,0.316,-0.259,-0.932,-2.008,-1.452,-0.448,-164.5,-18.1,-39.4,133.1,-39.4
1074,F,11,R,H,PRONATION,0.316,-0.259,-0.934,-1.830,-1.369,-0.503,-164.5,-18.1,-39.3,133.1,-39.3
1084,F,11,R,H,PRONATION,0.316,-0.258,-0.935,-1.670,-1.283,-0.561,-164.6,-18.0,-39.3,133.1,-39.3
1094,F,11,R,H,PRONATION,0.316,-0.260,-0.937,-1.593,-1.154,-0.600,-164.5,-18.0,-39.4,133.1,-39.4
1104,F,11,R,H,PRONATION,0.316,-0.260,-0.938,-1.518,-1.021,-0.646,-164.5,-18.0,-39.5,133.1,-39.5
1114,F,11,R,H,PRONATION,0.315,-0.260,-0.938,-1.439,-0.915,-0.677,-164.5,-17.9,-39.5,133.1,-39.5
1124,F,11,R,H,PRONATION,0.316,-0.261,-0.939,-1.336,-0.790,-0.694,-164.5,-17.9,-39.6,133.1,-39.6
1134,F,11,R,H,PRONATION,0.316,-0.261,-0.939,-1.196,-0.653,-0.713,-164.5,-18.0,-39.5,133.1,-39.5
1144,F,11,R,H,PRONATION,0.317,-0.261,-0.939,-1.000,-0.534,-0.733,-164.4,-18.0,-39.5,133.0,-39.5
1154,F,11,R,H,PRONATION,0.318,-0.262,-0.938,-0.758,-0.458,-0.779,-164.4,-18.1,-39.5,133.0,-39.5
1164,F,11,R,H,PRONATION,0.319,-0.263,-0.938,-0.513,-0.436,-0.864,-164.3,-18.2,-39.5,132.9,-39.5
1174,F,11,R,H,PRONATION,0.320,-0.264,-0.937,-0.299,-0.496,-0.969,-164.2,-18.2,-39.5,132.8,-39.5
1184,F,11,R,H,PRONATION,0.321,-0.265,-0.935,-0.208,-0.590,-1.076,-164.2,-18.3,-39.6,132.7,-39.6
1194,F,11,R,H,PRONATION,0.321,-0.266,-0.935,-0.236,-0.698,-1.145,-164.1,-18.3,-39.6,132.6,-39.6
1204,F,11,R,H,PRONATION,0.322,-0.266,-0.935,-0.338,-0.839,-1.179,-164.1,-18.3,-39.6,132.5,-39.6
1214,F,11,R,H,PRONATION,0.321,-0.266,-0.934,-0.455,-1.005,-1.180,-164.1,-18.3,-39.6,132.4,-39.6
1224,F,11,R,H,PRONATION,0.321,-0.266,-0.935,-0.575,-1.191,-1.152,-164.1,-18.3,-39.6,132.4,-39.6
1234,F,11,R,H,PRONATION,0.321,-0.265,-0.936,-0.632,-1.386,-1.115,-164.2,-18.3,-39.5,132.3,-39.5
1244,F,11,R,H,PRONATION,0.321,-0.264,-0.937,-0.562,-1.578,-1.066,-164.3,-18.2,-39.4,132.3,-39.4
1254,F,11,R,H,PRONATION,0.320,-0.263,-0.937,-0.413,-1.755,-0.973,-164.3,-18.2,-39.4,132.2,-39.4
1265,F,11,R,H,PRONATION,0.321,-0.263,-0.939,-0.168,-1.890,-0.830,-164.3,-18.2,-39.4,132.2,-39.4
1275,F,11,R,H,PRONATION,0.320,-0.263,-0.940,0.126,-1.982,-0.666,-164.3,-18.2,-39.4,132.2,-39.4
1285,F,11,R,H,PRONATION,0.320,-0.264,-0.940,0.427,-2.018,-0.503,-164.3,-18.2,-39.5,132.2,-39.5
1295,F,11,R,H,PRONATION,0.320,-0.266,-0.941,0.674,-2.013,-0.339,-164.2,-18.1,-39.7,132.2,-39.7
1305,F,11,R,H,PRONATION,0.320,-0.267,-0.940,0.812,-1.979,-0.193,-164.1,-18.2,-39.8,132.3,-39.8
1315,F,11,R,H,PRONATION,0.321,-0.268,-0.939,0.795,-1.928,-0.060,-164.0,-18.2,-39.9,132.3,-39.9
1325,F,11,R,H,PRONATION,0.321,-0.270,-0.938,0.654,-1.878,0.062,-164.0,-18.2,-40.1,132.4,-40.1
1335,F,11,R,H,PRONATION,0.321,-0.271,-0.938,0.440,-1.844,0.180,-163.9,-18.2,-40.2,132.5,-40.2
1345,F,11,R,H,PRONATION,0.321,-0.271,-0.937,0.183,-1.810,0.305,-163.9,-18.2,-40.1,132.5,-40.1
1355,F,11,R,H,PRONATION,0.321,-0.270,-0.936,-0.085,-1.780,0.432,-163.9,-18.2,-40.1,132.6,-40.1
1365,F,11,R,H,PRONATION,0.322,-0.269,-0.935,-0.275,-1.754,0.565,-164.0,-18.3,-39.9,132.6,-39.9
1375,F,11,R,H,PRONATION,0.322,-0.268,-0.934,-0.360,-1.700,0.691,-164.0,-18.3,-39.8,132.7,-39.8
1385,F,11,R,H,PRONATION,0.322,-0.267,-0.933,-0.360,-1.654,0.816,-164.0,-18.4,-39.6,132.7,-39.6
1395,F,11,R,H,PRONATION,0.323,-0.267,-0.932,-0.286,-1.622,0.947,-164.0,-18.4,-39.6,132.7,-39.6
1405,F,11,R,H,PRONATION,0.323,-0.267,-0.932,-0.161,-1.610,1.068,-164.0,-18.4,-39.6,132.8,-39.6
1415,F,11,R,H,PRONATION,0.323,-0.267,-0.931,-0.022,-1.573,1.178,-164.0,-18.4,-39.7,132.8,-39.7
1425,F,11,R,H,PRONATION,0.322,-0.268,-0.930,0.068,-1.551,1.277,-163.9,-18.4,-39.8,132.8,-39.8
1435,F,11,R,H,PRONATION,0.322,-0.269,-0.930,0.064,-1.537,1.350,-163.9,-18.4,-39.9,132.8,-39.9
1445,F,11,R,H,PRONATION,0.321,-0.270,-0.930,-0.082,-1.496,1.393,-163.8,-18.4,-40.0,132.8,-40.0
1455,F,11,R,H,PRONATION,0.321,-0.270,-0.930,-0.322,-1.460,1.426,-163.8,-18.4,-40.0,132.8,-40.0
1465,F,11,R,H,PRONATION,0.321,-0.269,-0.930,-0.619,-1.442,1.471,-163.9,-18.4,-40.0,132.8,-40.0
1475,F,11,R,H,PRONATION,0.321,-0.269,-0.929,-0.900,-1.442,1.525,-163.9,-18.3,-40.0,132.8,-40.0
1485,F,11,R,H,PRONATION,0.320,-0.268,-0.929,-1.097,-1.439,1.596,-163.9,-18.3,-39.9,132.8,-39.9
1495,F,11,R,H,PRONATION,0.320,-0.267,-0.930,-1.215,-1.419,1.664,-163.9,-18.3,-39.9,132.8,-39.9
1505,F,11,R,H,PRONATION,0.320,-0.267,-0.930,-1.220,-1.382,1.726,-164.0,-18.3,-39.8,132.8,-39.8
1515,F,11,R,H,PRONATION,0.320,-0.266,-0.930,-1.161,-1.351,1.767,-164.0,-18.3,-39.8,132.8,-39.8
1525,F,11,R,H,PRONATION,0.319,-0.266,-0.930,-1.099,-1.314,1.806,-164.0,-18.3,-39.8,132.8,-39.8
1535,F,11,R,H,PRONATION,0.319,-0.266,-0.930,-1.040,-1.259,1.862,-164.0,-18.3,-39.8,132.8,-39.8
1545,F,11,R,H,PRONATION,0.320,-0.266,-0.929,-0.996,-1.209,1.922,-164.0,-18.3,-39.8,132.8,-39.8
1555,F,11,R,H,PRONATION,0.320,-0.266,-0.929,-0.987,-1.146,1.980,-164.0,-18.3,-39.8,132.8,-39.8
1565,F,11,R,H,PRONATION,0.319,-0.266,-0.929,-1.007,-1.089,2.004,-164.0,-18.3,-39.8,132.8,-39.8
1576,F,11,R,H,PRONATION,0.320,-0.266,-0.929,-1.062,-1.031,2.013,-164.0,-18.3,-39.7,132.7,-39.7
1586,F,11,R,H,PRONATION,0.321,-0.266,-0.930,-1.119,-0.989,2.023,-164.0,-18.3,-39.7,132.7,-39.7
1596,F,11,R,H,PRONATION,0.321,-0.266,-0.930,-1.178,-0.963,2.014,-164.0,-18.3,-39.7,132.6,-39.7
1606,F,11,R,H,PRONATION,0.321,-0.266,-0.930,-1.250,-0.956,2.008,-164.0,-18.3,-39.7,132.5,-39.7
1616,F,11,R,H,PRONATION,0.321,-0.266,-0.930,-1.306,-0.932,2.005,-164.0,-18.3,-39.7,132.5,-39.7
1626,F,11,R,H,PRONATION,0.320,-0.266,-0.930,-1.313,-0.892,1.996,-164.1,-18.3,-39.7,132.4,-39.7
1636,F,11,R,H,PRONATION,0.320,-0.266,-0.931,-1.284,-0.833,2.002,-164.1,-18.3,-39.7,132.3,-39.7
1646,F,11,R,H,PRONATION,0.320,-0.265,-0.931,-1.235,-0.774,2.030,-164.1,-18.3,-39.6,132.2,-39.6
1656,F,11,R,H,PRONATION,0.321,-0.265,-0.932,-1.197,-0.735,2.066,-164.1,-18.3,-39.6,132.1,-39.6
1666,F,11,R,H,PRONATION,0.321,-0.266,-0.932,-1.124,-0.706,2.100,-164.1,-18.3,-39.6,132.1,-39.6
1676,F,11,R,H,PRONATION,0.321,-0.266,-0.933,-1.005,-0.686,2.130,-164.1,-18.3,-39.6,132.0,-39.6
1686,F,11,R,H,PRONATION,0.321,-0.266,-0.932,-0.863,-0.638,2.143,-164.1,-18.3,-39.7,131.9,-39.7
1696,F,11,R,H,PRONATION,0.321,-0.266,-0.932,-0.737,-0.573,2.154,-164.0,-18.3,-39.7,131.8,-39.7
1706,F,11,R,H,PRONATION,0.322,-0.267,-0.932,-0.615,-0.508,2.183,-164.0,-18.4,-39.7,131.8,-39.7
1716,F,11,R,H,PRONATION,0.322,-0.268,-0.932,-0.512,-0.440,2.226,-163.9,-18.4,-39.8,131.7,-39.8
1726,F,11,R,H,PRONATION,0.323,-0.269,-0.931,-0.419,-0.417,2.249,-163.9,-18.4,-39.8,131.7,-39.8
1736,F,11,R,H,PRONATION,0.323,-0.270,-0.931,-0.354,-0.428,2.255,-163.8,-18.4,-39.9,131.6,-39.9
1746,F,11,R,H,PRONATION,0.323,-0.270,-0.931,-0.316,-0.458,2.252,-163.8,-18.4,-40.0,131.5,-40.0
1756,F,11,R,H,PRONATION,0.323,-0.271,-0.931,-0.277,-0.496,2.243,-163.8,-18.4,-40.0,131.5,-40.0
1766,F,11,R,H,PRONATION,0.323,-0.270,-0.932,-0.195,-0.554,2.254,-163.8,-18.4,-40.0,131.4,-40.0
1776,F,11,R,H,PRONATION,0.323,-0.270,-0.933,-0.067,-0.629,2.274,-163.9,-18.4,-39.9,131.3,-39.9
1786,F,11,R,H,PRONATION,0.324,-0.270,-0.933,0.116,-0.701,2.294,-163.9,-18.4,-39.8,131.3,-39.8
1796,F,11,R,H,PRONATION,0.323,-0.270,-0.933,0.349,-0.786,2.312,-163.8,-18.4,-39.9,131.2,-39.9
1806,F,11,R,H,PRONATION,0.323,-0.271,-0.934,0.626,-0.868,2.334,-163.8,-18.4,-39.9,131.2,-39.9
1816,F,11,R,H,PRONATION,0.323,-0.271,-0.934,0.947,-0.955,2.343,-163.8,-18.4,-40.0,131.2,-40.0
1826,F,11,R,H,PRONATION,0.323,-0.272,-0.934,1.275,-1.042,2.377,-163.8,-18.4,-40.1,131.1,-40.1
1836,F,11,R,H,PRONATION,0.323,-0.273,-0.934,1.615,-1.118,2.428,-163.7,-18.3,-40.2,131.1,-40.2
1846,F,11,R,H,PRONATION,0.323,-0.274,-0.933,1.947,-1.186,2.488,-163.7,-18.4,-40.3,131.1,-40.3
1856,F,11,R,H,PRONATION,0.322,-0.274,-0.933,2.240,-1.257,2.552,-163.6,-18.3,-40.4,131.1,-40.4
1866,F,11,R,H,PRONATION,0.322,-0.275,-0.933,2.472,-1.323,2.615,-163.6,-18.3,-40.5,131.1,-40.5
1876,F,11,R,H,PRONATION,0.322,-0.277,-0.933,2.682,-1.388,2.679,-163.5,-18.3,-40.7,131.0,-40.7
1887,F,11,R,H,PRONATION,0.322,-0.278,-0.932,2.912,-1.486,2.738,-163.4,-18.3,-40.7,131.0,-40.7
1897,F,11,R,H,PRONATION,0.322,-0.278,-0.932,3.133,-1.603,2.804,-163.4,-18.3,-40.8,130.9,-40.8
1907,F,11,R,H,PRONATION,0.322,-0.280,-0.931,3.350,-1.709,2.891,-163.3,-18.3,-41.0,130.9,-41.0
1917,F,11,R,H,PRONATION,0.323,-0.280,-0.930,3.582,-1.825,2.958,-163.2,-18.4,-40.9,130.8,-40.9
1927,F,11,R,H,PRONATION,0.324,-0.281,-0.930,3.814,-1.977,3.027,-163.2,-18.4,-40.9,130.8,-40.9
1937,F,11,R,H,PRONATION,0.323,-0.282,-0.930,4.049,-2.132,3.083,-163.2,-18.4,-41.1,130.8,-41.1
1947,F,11,R,H,PRONATION,0.323,-0.283,-0.930,4.249,-2.302,3.110,-163.1,-18.4,-41.2,130.8,-41.2
1957,F,11,R,H,PRONATION,0.323,-0.284,-0.930,4.402,-2.449,3.127,-163.0,-18.4,-41.4,130.7,-41.4
1967,F,11,R,H,PRONATION,0.322,-0.286,-0.930,4.498,-2.580,3.147,-162.9,-18.3,-41.6,130.7,-41.6
1977,F,11,R,H,PRONATION,0.322,-0.287,-0.930,4.524,-2.702,3.163,-162.8,-18.3,-41.8,130.7,-41.8
1987,F,11,R,H,PRONATION,0.321,-0.288,-0.930,4.463,-2.804,3.166,-162.8,-18.3,-41.9,130.6,-41.9
1997,F,11,R,H,PRONATION,0.321,-0.289,-0.929,4.329,-2.876,3.160,-162.8,-18.2,-42.0,130.6,-42.0
2007,F,11,R,H,PRONATION,0.320,-0.289,-0.928,4.139,-2.910,3.151,-162.7,-18.2,-42.1,130.5,-42.1
2017,F,11,R,H,PRONATION,0.320,-0.289,-0.928,3.892,-2.898,3.142,-162.7,-18.2,-42.1,130.5,-42.1
2027,F,11,R,H,PRONATION,0.319,-0.290,-0.927,3.617,-2.871,3.142,-162.6,-18.2,-42.3,130.4,-42.3
2037,F,11,R,H,PRONATION,0.318,-0.291,-0.926,3.349,-2.846,3.135,-162.6,-18.2,-42.4,130.4,-42.4
2047,F,11,R,H,PRONATION,0.318,-0.291,-0.926,3.137,-2.832,3.123,-162.5,-18.2,-42.4,130.3,-42.4
2057,F,11,R,H,PRONATION,0.318,-0.292,-0.926,2.966,-2.816,3.096,-162.5,-18.1,-42.5,130.2,-42.5
2067,F,11,R,H,PRONATION,0.317,-0.292,-0.925,2.781,-2.794,3.057,-162.5,-18.1,-42.6,130.1,-42.6
2077,F,11,R,H,PRONATION,0.317,-0.293,-0.924,2.611,-2.754,3.021,-162.4,-18.1,-42.7,130.0,-42.7
2087,F,11,R,H,PRONATION,0.316,-0.293,-0.924,2.443,-2.712,2.973,-162.4,-18.1,-42.8,129.9,-42.8
2097,F,11,R,H,PRONATION,0.315,-0.294,-0.924,2.313,-2.659,2.934,-162.4,-18.0,-42.9,129.9,-42.9
2107,F,11,R,H,PRONATION,0.315,-0.294,-0.923,2.241,-2.620,2.904,-162.3,-18.0,-43.1,129.7,-43.1
2117,F,11,R,H,PRONATION,0.314,-0.294,-0.924,2.243,-2.598,2.884,-162.3,-18.0,-43.1,129.6,-43.1
2127,F,11,R,H,PRONATION,0.314,-0.295,-0.923,2.294,-2.578,2.865,-162.3,-17.9,-43.2,129.5,-43.2
2137,F,11,R,H,PRONATION,0.313,-0.295,-0.922,2.370,-2.551,2.832,-162.3,-17.9,-43.3,129.4,-43.3
2147,F,11,R,H,PRONATION,0.313,-0.295,-0.922,2.487,-2.497,2.793,-162.2,-17.9,-43.3,129.3,-43.3
2157,F,11,R,H,PRONATION,0.313,-0.296,-0.921,2.643,-2.455,2.767,-162.2,-17.9,-43.3,129.2,-43.3
2167,F,11,R,H,PRONATION,0.313,-0.296,-0.921,2.839,-2.429,2.737,-162.2,-17.9,-43.4,129.1,-43.4
2177,F,11,R,H,PRONATION,0.313,-0.297,-0.921,3.092,-2.403,2.703,-162.1,-17.9,-43.5,128.9,-43.5
2187,F,11,R,H,PRONATION,0.312,-0.298,-0.920,3.388,-2.375,2.662,-162.1,-17.9,-43.7,128.7,-43.7
2198,F,11,R,H,PRONATION,0.312,-0.299,-0.920,3.702,-2.361,2.645,-162.0,-17.9,-43.8,128.5,-43.8
2208,F,11,R,H,PRONATION,0.311,-0.301,-0.919,4.039,-2.346,2.641,-161.9,-17.9,-44.0,128.3,-44.0
2218,F,11,R,H,PRONATION,0.311,-0.302,-0.918,4.423,-2.331,2.633,-161.8,-17.9,-44.1,128.1,-44.1
2228,F,11,R,H,PRONATION,0.311,-0.302,-0.917,4.873,-2.317,2.639,-161.8,-17.9,-44.2,128.0,-44.2
2238,F,11,R,H,PRONATION,0.311,-0.303,-0.918,5.370,-2.290,2.641,-161.7,-17.8,-44.3,127.8,-44.3
2248,F,11,R,H,PRONATION,0.311,-0.304,-0.918,5.925,-2.247,2.652,-161.7,-17.8,-44.4,127.6,-44.4
2258,F,11,R,H,PRONATION,0.310,-0.306,-0.918,6.500,-2.226,2.645,-161.6,-17.8,-44.5,127.4,-44.5
2268,F,11,R,H,PRONATION,0.310,-0.307,-0.918,7.052,-2.201,2.639,-161.5,-17.8,-44.7,127.3,-44.7
2278,F,11,R,H,PRONATION,0.310,-0.309,-0.917,7.593,-2.168,2.660,-161.4,-17.8,-44.9,127.1,-44.9
2288,F,11,R,H,PRONATION,0.310,-0.311,-0.918,8.103,-2.118,2.691,-161.3,-17.8,-45.0,126.9,-45.0
2298,F,11,R,H,PRONATION,0.310,-0.313,-0.918,8.542,-2.064,2.718,-161.2,-17.8,-45.2,126.8,-45.2
2308,F,11,R,H,PRONATION,0.310,-0.315,-0.917,8.930,-1.975,2.756,-161.1,-17.7,-45.4,126.6,-45.4
2318,F,11,R,H,PRONATION,0.310,-0.317,-0.917,9.260,-1.866,2.812,-160.9,-17.7,-45.6,126.5,-45.6
2328,F,11,R,H,PRONATION,0.310,-0.319,-0.916,9.573,-1.769,2.881,-160.8,-17.7,-45.8,126.4,-45.8
2338,F,11,R,H,PRONATION,0.310,-0.322,-0.915,9.886,-1.699,2.947,-160.6,-17.7,-46.0,126.3,-46.0
2348,F,11,R,H,PRONATION,0.310,-0.324,-0.914,10.153,-1.630,3.022,-160.5,-17.7,-46.3,126.2,-46.3
2358,F,11,R,H,PRONATION,0.309,-0.327,-0.914,10.360,-1.555,3.089,-160.3,-17.7,-46.6,126.1,-46.6
2368,F,11,R,H,PRONATION,0.309,-0.330,-0.914,10.524,-1.493,3.146,-160.2,-17.7,-46.8,126.0,-46.8
2378,F,11,R,H,PRONATION,0.310,-0.332,-0.913,10.601,-1.427,3.190,-160.0,-17.7,-47.0,125.9,-47.0
2388,F,11,R,H,PRONATION,0.310,-0.334,-0.913,10.602,-1.365,3.213,-159.9,-17.7,-47.1,125.8,-47.1
2398,F,11,R,H,PRONATION,0.310,-0.335,-0.912,10.565,-1.312,3.233,-159.8,-17.7,-47.3,125.7,-47.3
2408,F,11,R,H,PRONATION,0.310,-0.337,-0.911,10.498,-1.275,3.248,-159.7,-17.7,-47.4,125.7,-47.4
2418,F,11,R,H,PRONATION,0.309,-0.338,-0.909,10.430,-1.244,3.240,-159.6,-17.7,-47.6,125.5,-47.6
2428,F,11,R,H,PRONATION,0.309,-0.340,-0.908,10.389,-1.222,3.232,-159.5,-17.7,-47.8,125.5,-47.8
2438,F,11,R,H,PRONATION,0.309,-0.342,-0.907,10.408,-1.199,3.236,-159.3,-17.7,-47.9,125.4,-47.9
2448,F,11,R,H,PRONATION,0.309,-0.344,-0.905,10.447,-1.191,3.254,-159.2,-17.7,-48.1,125.4,-48.1
2458,F,11,R,H,PRONATION,0.309,-0.345,-0.904,10.524,-1.196,3.252,-159.1,-17.7,-48.1,125.3,-48.1
2468,F,11,R,H,PRONATION,0.309,-0.347,-0.904,10.658,-1.216,3.248,-159.0,-17.7,-48.3,125.2,-48.3
2478,F,11,R,H,PRONATION,0.309,-0.349,-0.903,10.784,-1.232,3.213,-158.9,-17.7,-48.5,125.1,-48.5
2488,F,11,R,H,PRONATION,0.309,-0.350,-0.903,10.925,-1.247,3.177,-158.8,-17.7,-48.6,125.0,-48.6
2498,F,11,R,H,PRONATION,0.308,-0.352,-0.901,11.078,-1.254,3.135,-158.7,-17.7,-48.8,124.9,-48.8
2509,F,11,R,H,PRONATION,0.308,-0.354,-0.901,11.211,-1.275,3.084,-158.6,-17.7,-48.9,124.8,-48.9
2519,F,11,R,H,PRONATION,0.308,-0.356,-0.900,11.366,-1.295,3.046,-158.4,-17.6,-49.1,124.8,-49.1
2529,F,11,R,H,PRONATION,0.308,-0.358,-0.900,11.497,-1.313,3.016,-158.3,-17.6,-49.3,124.7,-49.3
2539,F,11,R,H,PRONATION,0.308,-0.360,-0.899,11.615,-1.348,3.000,-158.2,-17.6,-49.5,124.6,-49.5
2549,F,11,R,H,PRONATION,0.308,-0.362,-0.899,11.731,-1.372,2.981,-158.0,-17.6,-49.7,124.6,-49.7
2559,F,11,R,H,PRONATION,0.307,-0.364,-0.899,11.887,-1.408,2.960,-157.9,-17.6,-49.9,124.5,-49.9
2569,F,11,R,H,PRONATION,0.307,-0.366,-0.898,12.037,-1.442,2.949,-157.8,-17.5,-50.1,124.4,-50.1
2579,F,11,R,H,PRONATION,0.307,-0.368,-0.897,12.190,-1.487,2.944,-157.7,-17.5,-50.2,124.3,-50.2
2589,F,11,R,H,PRONATION,0.307,-0.370,-0.897,12.372,-1.533,2.944,-157.6,-17.5,-50.3,124.3,-50.3
2599,F,11,R,H,PRONATION,0.307,-0.372,-0.896,12.582,-1.581,2.946,-157.4,-17.5,-50.5,124.2,-50.5
2609,F,11,R,H,PRONATION,0.307,-0.375,-0.896,12.829,-1.639,2.968,-157.3,-17.6,-50.6,124.2,-50.6
2619,F,11,R,H,PRONATION,0.308,-0.377,-0.895,13.113,-1.723,2.976,-157.2,-17.6,-50.8,124.1,-50.8
2629,F,11,R,H,PRONATION,0.307,-0.380,-0.894,13.441,-1.836,2.955,-157.0,-17.5,-51.0,124.0,-51.0
2639,F,11,R,H,PRONATION,0.307,-0.382,-0.893,13.824,-1.935,2.923,-156.9,-17.5,-51.2,123.9,-51.2
2649,F,11,R,H,PRONATION,0.306,-0.384,-0.892,14.221,-2.005,2.898,-156.7,-17.5,-51.5,123.8,-51.5
2659,F,11,R,H,PRONATION,0.306,-0.386,-0.891,14.647,-2.035,2.890,-156.6,-17.5,-51.6,123.6,-51.6
2669,F,11,R,H,PRONATION,0.306,-0.389,-0.890,15.077,-2.056,2.911,-156.4,-17.5,-51.8,123.5,-51.8
2679,F,11,R,H,PRONATION,0.307,-0.392,-0.889,15.490,-2.097,2.947,-156.2,-17.5,-51.9,123.4,-51.9
2689,F,11,R,H,PRONATION,0.307,-0.394,-0.888,15.923,-2.159,2.969,-156.0,-17.5,-52.1,123.2,-52.1
2699,F,11,R,H,PRONATION,0.307,-0.397,-0.886,16.332,-2.243,2.997,-155.8,-17.5,-52.3,123.1,-52.3
2709,F,11,R,H,PRONATION,0.307,-0.401,-0.886,16.714,-2.333,3.024,-155.6,-17.5,-52.6,123.0,-52.6
2719,F,11,R,H,PRONATION,0.307,-0.405,-0.884,17.060,-2.427,3.056,-155.4,-17.5,-52.8,122.8,-52.8
2729,F,11,R,H,PRONATION,0.307,-0.408,-0.883,17.335,-2.521,3.078,-155.2,-17.5,-53.1,122.6,-53.1
2739,F,11,R,H,PRONATION,0.306,-0.411,-0.881,17.507,-2.605,3.087,-155.0,-17.5,-53.3,122.5,-53.3
2749,F,11,R,H,PRONATION,0.306,-0.414,-0.880,17.610,-2.695,3.094,-154.8,-17.4,-53.6,122.3,-53.6
2759,F,11,R,H,PRONATION,0.306,-0.417,-0.879,17.630,-2.777,3.097,-154.6,-17.4,-53.8,122.1,-53.8
2769,F,11,R,H,PRONATION,0.305,-0.420,-0.877,17.590,-2.863,3.095,-154.4,-17.4,-54.0,122.0,-54.0
2779,F,11,R,H,PRONATION,0.305,-0.423,-0.876,17.492,-2.950,3.084,-154.2,-17.4,-54.3,121.8,-54.3
2789,F,11,R,H,PRONATION,0.303,-0.427,-0.877,17.346,-3.036,3.081,-154.0,-17.3,-54.6,121.7,-54.6
2799,F,11,R,H,PRONATION,0.303,-0.430,-0.875,17.186,-3.108,3.097,-153.8,-17.3,-54.9,121.6,-54.9
2809,F,11,R,H,PRONATION,0.302,-0.433,-0.874,17.015,-3.145,3.114,-153.6,-17.2,-55.1,121.4,-55.1
2820,F,11,R,H,PRONATION,0.301,-0.436,-0.873,16.850,-3.133,3.160,-153.5,-17.1,-55.4,121.3,-55.4
2830,F,11,R,H,PRONATION,0.300,-0.439,-0.871,16.707,-3.084,3.214,-153.3,-17.1,-55.6,121.2,-55.6
2840,F,11,R,H,PRONATION,0.299,-0.442,-0.870,16.563,-3.020,3.253,-153.1,-17.0,-55.9,121.0,-55.9
2850,F,11,R,H,PRONATION,0.298,-0.444,-0.868,16.455,-2.957,3.289,-152.9,-17.0,-56.1,120.9,-56.1
2860,F,11,R,H,PRONATION,0.298,-0.446,-0.866,16.377,-2.898,3.331,-152.8,-17.0,-56.3,120.7,-56.3
2870,F,11,R,H,PRONATION,0.298,-0.449,-0.864,16.341,-2.834,3.369,-152.6,-17.0,-56.4,120.5,-56.4
2880,F,11,R,H,PRONATION,0.297,-0.451,-0.861,16.385,-2.816,3.400,-152.4,-17.0,-56.6,120.4,-56.6
2890,F,11,R,H,PRONATION,0.297,-0.453,-0.860,16.523,-2.820,3.426,-152.2,-17.0,-56.7,120.2,-56.7
2900,F,11,R,H,PRONATION,0.297,-0.455,-0.858,16.758,-2.814,3.451,-152.0,-17.0,-56.9,120.0,-56.9
2910,F,11,R,H,PRONATION,0.297,-0.458,-0.856,17.061,-2.820,3.474,-151.9,-17.0,-57.0,119.8,-57.0
2920,F,11,R,H,PRONATION,0.297,-0.460,-0.855,17.389,-2.833,3.481,-151.7,-17.0,-57.2,119.6,-57.2
2930,F,11,R,H,PRONATION,0.297,-0.462,-0.853,17.700,-2.846,3.474,-151.5,-17.0,-57.3,119.4,-57.3
2940,F,11,R,H,PRONATION,0.296,-0.466,-0.851,17.987,-2.889,3.437,-151.3,-17.0,-57.5,119.2,-57.5
2950,F,11,R,H,PRONATION,0.296,-0.469,-0.849,18.209,-2.934,3.385,-151.1,-17.0,-57.7,119.1,-57.7
2960,F,11,R,H,PRONATION,0.296,-0.471,-0.848,18.337,-2.991,3.316,-150.9,-17.0,-57.8,118.9,-57.8
2970,F,11,R,H,PRONATION,0.296,-0.474,-0.847,18.363,-3.043,3.241,-150.8,-17.0,-58.0,118.7,-58.0
2980,F,11,R,H,PRONATION,0.295,-0.477,-0.845,18.301,-3.106,3.157,-150.6,-16.9,-58.3,118.5,-58.3
2990,F,11,R,H,PRONATION,0.294,-0.480,-0.844,18.169,-3.154,3.081,-150.4,-16.9,-58.4,118.3,-58.4
3000,F,11,R,H,PRONATION,0.294,-0.482,-0.844,17.962,-3.178,3.004,-150.3,-16.8,-58.6,118.1,-58.6
3010,F,11,R,H,PRONATION,0.293,-0.484,-0.843,17.685,-3.179,2.920,-150.1,-16.8,-58.8,117.9,-58.8
3020,F,11,R,H,PRONATION,0.293,-0.487,-0.842,17.341,-3.144,2.851,-150.0,-16.8,-59.0,117.7,-59.0
3030,F,11,R,H,PRONATION,0.293,-0.489,-0.841,16.933,-3.111,2.772,-149.8,-16.8,-59.1,117.6,-59.1
3040,F,11,R,H,PRONATION,0.293,-0.492,-0.840,16.485,-3.095,2.677,-149.6,-16.8,-59.2,117.4,-59.2
3050,F,11,R,H,PRONATION,0.292,-0.495,-0.839,16.019,-3.087,2.574,-149.4,-16.7,-59.4,117.3,-59.4
3060,F,11,R,H,PRONATION,0.292,-0.498,-0.837,15.534,-3.063,2.475,-149.3,-16.7,-59.7,117.2,-59.7
3070,F,11,R,H,PRONATION,0.290,-0.501,-0.836,15.064,-3.033,2.394,-149.1,-16.6,-59.9,117.0,-59.9
3080,F,11,R,H,PRONATION,0.289,-0.503,-0.835,14.638,-2.969,2.350,-148.9,-16.5,-60.1,116.9,-60.1
3090,F,11,R,H,PRONATION,0.289,-0.505,-0.833,14.251,-2.891,2.316,-148.8,-16.5,-60.2,116.7,-60.2
3100,F,11,R,H,PRONATION,0.289,-0.506,-0.831,13.871,-2.829,2.270,-148.6,-16.5,-60.3,116.5,-60.3
3110,F,11,R,H,PRONATION,0.289,-0.508,-0.829,13.515,-2.799,2.206,-148.5,-16.5,-60.4,116.3,-60.4
3120,F,11,R,H,PRONATION,0.289,-0.510,-0.828,13.179,-2.759,2.122,-148.4,-16.6,-60.4,116.1,-60.4
3131,F,11,R,H,PRONATION,0.289,-0.511,-0.826,12.870,-2.702,2.041,-148.2,-16.6,-60.5,115.9,-60.5
3141,F,11,R,H,PRONATION,0.289,-0.513,-0.825,12.584,-2.633,1.960,-148.1,-16.6,-60.6,115.6,-60.6
3151,F,11,R,H,PRONATION,0.289,-0.515,-0.824,12.288,-2.569,1.890,-148.0,-16.6,-60.7,115.4,-60.7
3161,F,11,R,H,PRONATION,0.290,-0.517,-0.823,11.963,-2.528,1.807,-147.9,-16.6,-60.7,115.2,-60.7
3171,F,11,R,H,PRONATION,0.290,-0.519,-0.821,11.630,-2.506,1.728,-147.7,-16.6,-60.8,115.0,-60.8
3181,F,11,R,H,PRONATION,0.290,-0.522,-0.821,11.307,-2.504,1.652,-147.5,-16.6,-60.9,114.7,-60.9
3191,F,11,R,H,PRONATION,0.290,-0.524,-0.819,11.034,-2.541,1.558,-147.4,-16.6,-61.0,114.5,-61.0
3201,F,11,R,H,PRONATION,0.290,-0.526,-0.817,10.818,-2.575,1.467,-147.2,-16.6,-61.1,114.3,-61.1
3211,F,11,R,H,PRONATION,0.290,-0.528,-0.816,10.665,-2.627,1.377,-147.1,-16.6,-61.3,114.1,-61.3
3221,F,11,R,H,PRONATION,0.289,-0.530,-0.815,10.606,-2.664,1.310,-147.0,-16.5,-61.4,113.8,-61.4
3231,F,11,R,H,PRONATION,0.288,-0.532,-0.814,10.645,-2.686,1.258,-146.8,-16.5,-61.5,113.6,-61.5
3241,F,11,R,H,PRONATION,0.288,-0.533,-0.813,10.751,-2.705,1.217,-146.7,-16.5,-61.6,113.4,-61.6
3251,F,11,R,H,PRONATION,0.287,-0.535,-0.811,10.923,-2.727,1.183,-146.6,-16.5,-61.7,113.2,-61.7
3261,F,11,R,H,PRONATION,0.287,-0.536,-0.810,11.136,-2.722,1.157,-146.5,-16.5,-61.8,112.9,-61.8
3271,F,11,R,H,PRONATION,0.287,-0.537,-0.809,11.393,-2.704,1.122,-146.4,-16.5,-61.9,112.7,-61.9
3281,F,11,R,H,PRONATION,0.286,-0.539,-0.807,11.672,-2.684,1.080,-146.3,-16.4,-62.0,112.4,-62.0
3291,F,11,R,H,PRONATION,0.286,-0.541,-0.806,11.974,-2.668,1.056,-146.1,-16.4,-62.1,112.2,-62.1
3301,F,11,R,H,PRONATION,0.286,-0.543,-0.804,12.325,-2.657,1.041,-146.0,-16.4,-62.2,111.9,-62.2
3311,F,11,R,H,PRONATION,0.285,-0.545,-0.803,12.651,-2.648,1.029,-145.8,-16.4,-62.4,111.7,-62.4
3321,F,11,R,H,PRONATION,0.285,-0.548,-0.802,13.000,-2.663,1.014,-145.7,-16.4,-62.5,111.5,-62.5
3331,F,11,R,H,PRONATION,0.285,-0.550,-0.801,13.319,-2.683,0.989,-145.5,-16.4,-62.6,111.3,-62.6
3341,F,11,R,H,PRONATION,0.285,-0.553,-0.800,13.610,-2.686,0.973,-145.4,-16.4,-62.7,111.0,-62.7
3351,F,11,R,H,PRONATION,0.286,-0.555,-0.799,13.822,-2.692,0.941,-145.2,-16.4,-62.8,110.8,-62.8
3361,F,11,R,H,PRONATION,0.286,-0.558,-0.797,13.960,-2.730,0.893,-145.0,-16.4,-62.9,110.6,-62.9
3371,F,11,R,H,PRONATION,0.286,-0.560,-0.795,13.991,-2.772,0.841,-144.8,-16.4,-63.0,110.4,-63.0
3381,F,11,R,H,PRONATION,0.285,-0.563,-0.794,13.882,-2.797,0.807,-144.7,-16.4,-63.1,110.2,-63.1
3391,F,11,R,H,PRONATION,0.285,-0.565,-0.792,13.679,-2.813,0.773,-144.5,-16.3,-63.2,110.1,-63.2
3401,F,11,R,H,PRONATION,0.285,-0.567,-0.791,13.385,-2.818,0.746,-144.3,-16.3,-63.3,109.9,-63.3
3411,F,11,R,H,PRONATION,0.285,-0.569,-0.790,13.037,-2.846,0.741,-144.2,-16.3,-63.4,109.6,-63.4
3421,F,11,R,H,PRONATION,0.285,-0.571,-0.789,12.645,-2.853,0.736,-144.1,-16.3,-63.5,109.4,-63.5
3431,F,11,R,H,PRONATION,0.285,-0.573,-0.788,12.233,-2.850,0.734,-144.0,-16.3,-63.6,109.2,-63.6
3442,F,11,R,H,PRONATION,0.284,-0.574,-0.787,11.792,-2.846,0.756,-143.9,-16.3,-63.7,109.1,-63.7
3452,F,11,R,H,PRONATION,0.284,-0.576,-0.785,11.408,-2.829,0.774,-143.7,-16.2,-63.8,108.9,-63.8
3462,F,11,R,H,PRONATION,0.283,-0.578,-0.784,11.115,-2.799,0.797,-143.6,-16.2,-63.9,108.7,-63.9
3472,F,11,R,H,PRONATION,0.283,-0.580,-0.782,10.898,-2.780,0.844,-143.4,-16.2,-64.0,108.5,-64.0
3482,F,11,R,H,PRONATION,0.283,-0.583,-0.781,10.792,-2.757,0.916,-143.3,-16.2,-64.1,108.4,-64.1
3492,F,11,R,H,PRONATION,0.283,-0.584,-0.779,10.789,-2.722,0.977,-143.1,-16.2,-64.2,108.2,-64.2
3502,F,11,R,H,PRONATION,0.283,-0.586,-0.777,10.832,-2.689,1.025,-143.0,-16.2,-64.2,108.0,-64.2
3512,F,11,R,H,PRONATION,0.283,-0.587,-0.776,10.927,-2.655,1.075,-142.9,-16.2,-64.3,107.9,-64.3
3522,F,11,R,H,PRONATION,0.282,-0.589,-0.775,11.082,-2.623,1.131,-142.8,-16.2,-64.4,107.7,-64.4
3532,F,11,R,H,PRONATION,0.283,-0.589,-0.773,11.328,-2.614,1.173,-142.7,-16.2,-64.4,107.5,-64.4
3542,F,11,R,H,PRONATION,0.283,-0.591,-0.772,11.650,-2.620,1.218,-142.6,-16.2,-64.4,107.3,-64.4
3552,F,11,R,H,PRONATION,0.282,-0.593,-0.771,12.050,-2.640,1.256,-142.5,-16.2,-64.5,107.2,-64.5
3562,F,11,R,H,PRONATION,0.282,-0.595,-0.770,12.489,-2.659,1.302,-142.3,-16.2,-64.6,107.0,-64.6
3572,F,11,R,H,PRONATION,0.282,-0.597,-0.769,12.930,-2.680,1.347,-142.2,-16.1,-64.7,106.9,-64.7
3582,F,11,R,H,PRONATION,0.281,-0.599,-0.768,13.320,-2.703,1.409,-142.0,-16.1,-64.8,106.8,-64.8
3592,F,11,R,H,PRONATION,0.281,-0.602,-0.767,13.676,-2.741,1.493,-141.9,-16.1,-64.9,106.6,-64.9
3602,F,11,R,H,PRONATION,0.281,-0.604,-0.765,14.001,-2.802,1.583,-141.7,-16.1,-65.1,106.4,-65.1
3612,F,11,R,H,PRONATION,0.280,-0.607,-0.764,14.295,-2.892,1.692,-141.5,-16.0,-65.3,106.2,-65.3
3622,F,11,R,H,PRONATION,0.278,-0.610,-0.763,14.615,-2.991,1.844,-141.4,-15.9,-65.5,106.0,-65.5
3632,F,11,R,H,PRONATION,0.277,-0.612,-0.762,14.953,-3.092,2.020,-141.2,-15.8,-65.6,105.9,-65.6
3642,F,11,R,H,PRONATION,0.277,-0.614,-0.761,15.293,-3.163,2.230,-141.1,-15.8,-65.7,105.8,-65.7
3652,F,11,R,H,PRONATION,0.276,-0.617,-0.759,15.623,-3.231,2.440,-140.9,-15.8,-65.9,105.6,-65.9
3662,F,11,R,H,PRONATION,0.276,-0.619,-0.756,15.938,-3.309,2.644,-140.7,-15.8,-65.9,105.5,-65.9
3672,F,11,R,H,PRONATION,0.277,-0.621,-0.754,16.277,-3.374,2.832,-140.5,-15.8,-66.0,105.4,-66.0
3682,F,11,R,H,PRONATION,0.277,-0.624,-0.753,16.642,-3.447,3.000,-140.3,-15.8,-66.0,105.3,-66.0
3692,F,11,R,H,PRONATION,0.278,-0.626,-0.750,17.036,-3.544,3.136,-140.1,-15.9,-66.0,105.3,-66.0
3702,F,11,R,H,PRONATION,0.278,-0.628,-0.747,17.456,-3.666,3.247,-139.9,-15.9,-66.1,105.2,-66.1
3712,F,11,R,H,PRONATION,0.278,-0.631,-0.745,17.851,-3.776,3.357,-139.8,-15.9,-66.2,105.1,-66.2
3722,F,11,R,H,PRONATION,0.277,-0.633,-0.744,18.223,-3.873,3.444,-139.6,-15.9,-66.3,105.1,-66.3
3732,F,11,R,H,PRONATION,0.277,-0.636,-0.742,18.540,-3.948,3.520,-139.4,-15.8,-66.5,105.0,-66.5
3742,F,11,R,H,PRONATION,0.277,-0.638,-0.740,18.807,-3.980,3.597,-139.2,-15.8,-66.6,104.9,-66.6
3753,F,11,R,H,PRONATION,0.276,-0.640,-0.736,19.024,-3.987,3.642,-139.0,-15.8,-66.7,104.8,-66.7
3763,F,11,R,H,PRONATION,0.276,-0.643,-0.733,19.165,-3.993,3.703,-138.7,-15.8,-66.7,104.7,-66.7
3773,F,11,R,H,PRONATION,0.275,-0.645,-0.730,19.274,-3.986,3.732,-138.5,-15.8,-66.9,104.5,-66.9
3783,F,11,R,H,PRONATION,0.275,-0.647,-0.726,19.342,-3.995,3.748,-138.3,-15.8,-67.0,104.4,-67.0
3793,F,11,R,H,PRONATION,0.274,-0.649,-0.724,19.362,-4.017,3.756,-138.1,-15.7,-67.1,104.3,-67.1
3803,F,11,R,H,PRONATION,0.273,-0.652,-0.720,19.344,-4.035,3.755,-137.9,-15.7,-67.3,104.1,-67.3
3813,F,11,R,H,PRONATION,0.272,-0.654,-0.717,19.279,-4.060,3.737,-137.6,-15.7,-67.4,103.9,-67.4
3823,F,11,R,H,PRONATION,0.271,-0.657,-0.715,19.172,-4.093,3.718,-137.4,-15.6,-67.6,103.7,-67.6
3833,F,11,R,H,PRONATION,0.271,-0.660,-0.713,19.038,-4.108,3.679,-137.2,-15.6,-67.7,103.6,-67.7
3843,F,11,R,H,PRONATION,0.270,-0.662,-0.711,18.867,-4.132,3.632,-137.1,-15.5,-67.8,103.5,-67.8
3853,F,11,R,H,PRONATION,0.269,-0.664,-0.710,18.679,-4.161,3.570,-136.9,-15.4,-68.0,103.3,-68.0
3863,F,11,R,H,PRONATION,0.267,-0.665,-0.708,18.498,-4.195,3.495,-136.8,-15.4,-68.1,103.1,-68.1
3873,F,11,R,H,PRONATION,0.267,-0.667,-0.706,18.332,-4.230,3.423,-136.6,-15.4,-68.2,102.9,-68.2
3883,F,11,R,H,PRONATION,0.266,-0.669,-0.704,18.214,-4.209,3.356,-136.5,-15.3,-68.3,102.7,-68.3
3893,F,11,R,H,PRONATION,0.265,-0.671,-0.702,18.141,-4.158,3.285,-136.3,-15.3,-68.4,102.6,-68.4
3903,F,11,R,H,PRONATION,0.264,-0.673,-0.699,18.098,-4.094,3.196,-136.1,-15.2,-68.6,102.4,-68.6
3913,F,11,R,H,PRONATION,0.263,-0.675,-0.696,18.069,-4.025,3.109,-135.9,-15.2,-68.7,102.3,-68.7
3923,F,11,R,H,PRONATION,0.263,-0.678,-0.694,17.996,-3.920,3.054,-135.7,-15.2,-68.8,102.2,-68.8
3933,F,11,R,H,PRONATION,0.262,-0.680,-0.692,17.886,-3.822,3.008,-135.5,-15.1,-68.9,102.0,-68.9
3943,F,11,R,H,PRONATION,0.262,-0.683,-0.690,17.733,-3.720,2.961,-135.3,-15.1,-69.0,101.9,-69.0
3953,F,11,R,H,PRONATION,0.263,-0.685,-0.688,17.505,-3.602,2.902,-135.1,-15.1,-69.0,101.7,-69.0
3963,F,11,R,H,PRONATION,0.263,-0.688,-0.686,17.199,-3.504,2.819,-134.9,-15.1,-69.1,101.6,-69.1
3973,F,11,R,H,PRONATION,0.262,-0.690,-0.683,16.844,-3.414,2.736,-134.7,-15.1,-69.2,101.4,-69.2
3983,F,11,R,H,PRONATION,0.262,-0.692,-0.681,16.510,-3.329,2.651,-134.5,-15.1,-69.3,101.3,-69.3
3993,F,11,R,H,PRONATION,0.262,-0.694,-0.677,16.210,-3.268,2.568,-134.3,-15.1,-69.4,101.2,-69.4
4003,F,11,R,H,PRONATION,0.261,-0.696,-0.675,15.944,-3.259,2.456,-134.1,-15.1,-69.4,101.0,-69.4
4013,F,11,R,H,PRONATION,0.260,-0.697,-0.673,15.719,-3.272,2.346,-134.0,-15.0,-69.5,100.7,-69.5
4023,F,11,R,H,PRONATION,0.260,-0.698,-0.671,15.524,-3.262,2.248,-133.9,-15.0,-69.6,100.6,-69.6
4033,F,11,R,H,PRONATION,0.259,-0.700,-0.670,15.327,-3.209,2.153,-133.8,-15.0,-69.7,100.4,-69.7
4043,F,11,R,H,PRONATION,0.259,-0.701,-0.669,15.143,-3.166,2.061,-133.7,-15.0,-69.7,100.3,-69.7
4053,F,11,R,H,PRONATION,0.259,-0.702,-0.668,14.929,-3.175,1.947,-133.6,-15.0,-69.8,100.1,-69.8
4064,F,11,R,H,PRONATION,0.259,-0.704,-0.668,14.670,-3.211,1.832,-133.5,-14.9,-69.8,99.9,-69.8
4074,F,11,R,H,PRONATION,0.258,-0.706,-0.666,14.347,-3.223,1.712,-133.3,-14.9,-69.9,99.8,-69.9
4084,F,11,R,H,PRONATION,0.257,-0.709,-0.666,13.928,-3.212,1.579,-133.2,-14.8,-70.1,99.7,-70.1
4094,F,11,R,H,PRONATION,0.257,-0.712,-0.665,13.424,-3.156,1.476,-133.0,-14.8,-70.2,99.5,-70.2
4104,F,11,R,H,PRONATION,0.255,-0.715,-0.663,12.844,-3.076,1.382,-132.8,-14.7,-70.3,99.3,-70.3
4114,F,11,R,H,PRONATION,0.255,-0.718,-0.661,12.253,-2.973,1.310,-132.7,-14.6,-70.5,99.1,-70.5
4124,F,11,R,H,PRONATION,0.254,-0.720,-0.659,11.608,-2.821,1.250,-132.5,-14.6,-70.6,99.0,-70.6
4134,F,11,R,H,PRONATION,0.253,-0.722,-0.658,11.016,-2.651,1.202,-132.3,-14.5,-70.7,98.8,-70.7
4144,F,11,R,H,PRONATION,0.253,-0.723,-0.656,10.529,-2.507,1.191,-132.2,-14.5,-70.7,98.7,-70.7
4154,F,11,R,H,PRONATION,0.253,-0.725,-0.655,10.180,-2.403,1.177,-132.1,-14.5,-70.7,98.4,-70.7
4164,F,11,R,H,PRONATION,0.253,-0.725,-0.653,9.965,-2.324,1.137,-132.0,-14.5,-70.8,98.3,-70.8
4174,F,11,R,H,PRONATION,0.254,-0.726,-0.651,9.886,-2.253,1.074,-131.9,-14.6,-70.8,98.0,-70.8
4184,F,11,R,H,PRONATION,0.254,-0.727,-0.650,9.933,-2.193,1.006,-131.8,-14.6,-70.7,97.8,-70.7
4194,F,11,R,H,PRONATION,0.254,-0.727,-0.649,10.102,-2.150,0.937,-131.8,-14.6,-70.7,97.5,-70.7
4204,F,11,R,H,PRONATION,0.255,-0.727,-0.647,10.386,-2.123,0.891,-131.6,-14.7,-70.7,97.3,-70.7
4214,F,11,R,H,PRONATION,0.256,-0.728,-0.645,10.762,-2.094,0.856,-131.5,-14.7,-70.6,97.0,-70.6
4224,F,11,R,H,PRONATION,0.256,-0.729,-0.643,11.167,-2.075,0.821,-131.4,-14.8,-70.6,96.8,-70.6
4234,F,11,R,H,PRONATION,0.257,-0.730,-0.640,11.591,-2.068,0.789,-131.2,-14.8,-70.6,96.6,-70.6
4244,F,11,R,H,PRONATION,0.257,-0.731,-0.637,11.994,-2.115,0.754,-131.0,-14.8,-70.7,96.4,-70.7
4254,F,11,R,H,PRONATION,0.257,-0.733,-0.634,12.348,-2.198,0.727,-130.9,-14.8,-70.7,96.2,-70.7
4264,F,11,R,H,PRONATION,0.257,-0.735,-0.632,12.631,-2.301,0.665,-130.7,-14.8,-70.7,96.0,-70.7
4274,F,11,R,H,PRONATION,0.257,-0.737,-0.631,12.807,-2.400,0.577,-130.6,-14.8,-70.8,95.7,-70.8
4284,F,11,R,H,PRONATION,0.257,-0.739,-0.629,12.850,-2.484,0.505,-130.4,-14.8,-70.8,95.4,-70.8
4294,F,11,R,H,PRONATION,0.257,-0.741,-0.627,12.745,-2.544,0.450,-130.3,-14.8,-70.9,95.1,-70.9
4304,F,11,R,H,PRONATION,0.257,-0.743,-0.626,12.539,-2.559,0.411,-130.1,-14.8,-70.9,94.9,-70.9
4314,F,11,R,H,PRONATION,0.258,-0.745,-0.625,12.214,-2.547,0.371,-130.0,-14.8,-70.9,94.7,-70.9
4324,F,11,R,H,PRONATION,0.258,-0.746,-0.624,11.778,-2.526,0.323,-129.9,-14.8,-71.0,94.5,-71.0
4334,F,11,R,H,PRONATION,0.257,-0.749,-0.623,11.312,-2.504,0.269,-129.8,-14.8,-71.0,94.3,-71.0
4344,F,11,R,H,PRONATION,0.256,-0.751,-0.622,10.825,-2.470,0.229,-129.7,-14.7,-71.2,94.0,-71.2
4354,F,11,R,H,PRONATION,0.255,-0.752,-0.622,10.377,-2.413,0.242,-129.6,-14.6,-71.3,93.9,-71.3
4364,F,11,R,H,PRONATION,0.254,-0.754,-0.621,9.989,-2.322,0.282,-129.5,-14.6,-71.4,93.7,-71.4
4375,F,11,R,H,PRONATION,0.254,-0.756,-0.620,9.655,-2.211,0.354,-129.4,-14.6,-71.4,93.5,-71.4
4385,F,11,R,H,PRONATION,0.254,-0.757,-0.618,9.379,-2.115,0.413,-129.2,-14.6,-71.4,93.3,-71.4
4395,F,11,R,H,PRONATION,0.254,-0.758,-0.616,9.231,-2.043,0.488,-129.1,-14.6,-71.5,93.1,-71.5
4405,F,11,R,H,PRONATION,0.254,-0.759,-0.614,9.233,-1.976,0.576,-129.0,-14.6,-71.5,92.9,-71.5
4415,F,11,R,H,PRONATION,0.254,-0.760,-0.612,9.372,-1.883,0.653,-128.8,-14.6,-71.5,92.7,-71.5
4425,F,11,R,H,PRONATION,0.255,-0.761,-0.609,9.616,-1.806,0.744,-128.7,-14.6,-71.5,92.5,-71.5
4435,F,11,R,H,PRONATION,0.256,-0.762,-0.607,9.958,-1.761,0.820,-128.6,-14.7,-71.5,92.3,-71.5
4445,F,11,R,H,PRONATION,0.256,-0.763,-0.605,10.409,-1.743,0.862,-128.4,-14.7,-71.4,92.1,-71.4
4455,F,11,R,H,PRONATION,0.256,-0.764,-0.602,10.898,-1.772,0.876,-128.3,-14.8,-71.4,91.9,-71.4
4465,F,11,R,H,PRONATION,0.257,-0.765,-0.600,11.453,-1.826,0.892,-128.1,-14.8,-71.4,91.8,-71.4
4475,F,11,R,H,PRONATION,0.257,-0.766,-0.598,12.052,-1.889,0.917,-128.0,-14.8,-71.5,91.6,-71.5
4485,F,11,R,H,PRONATION,0.257,-0.767,-0.596,12.610,-1.952,0.938,-127.9,-14.8,-71.5,91.5,-71.5
4495,F,11,R,H,PRONATION,0.258,-0.769,-0.594,13.062,-2.027,0.958,-127.7,-14.9,-71.5,91.3,-71.5
4505,F,11,R,H,PRONATION,0.259,-0.771,-0.593,13.314,-2.116,0.979,-127.6,-14.9,-71.5,91.2,-71.5
4515,F,11,R,H,PRONATION,0.259,-0.773,-0.592,13.339,-2.210,1.011,-127.4,-14.9,-71.5,91.0,-71.5
4525,F,11,R,H,PRONATION,0.259,-0.775,-0.591,13.175,-2.303,1.056,-127.3,-14.9,-71.5,90.8,-71.5
4535,F,11,R,H,PRONATION,0.259,-0.777,-0.590,12.761,-2.366,1.096,-127.2,-14.8,-71.6,90.6,-71.6
4545,F,11,R,H,PRONATION,0.258,-0.780,-0.589,12.171,-2.414,1.116,-127.1,-14.8,-71.7,90.4,-71.7
4555,F,11,R,H,PRONATION,0.257,-0.781,-0.587,11.456,-2.481,1.130,-126.9,-14.8,-71.8,90.2,-71.8
4565,F,11,R,H,PRONATION,0.256,-0.782,-0.586,10.773,-2.571,1.186,-126.9,-14.7,-71.9,90.1,-71.9
4575,F,11,R,H,PRONATION,0.255,-0.783,-0.585,10.197,-2.636,1.282,-126.8,-14.6,-72.0,89.9,-72.0
4585,F,11,R,H,PRONATION,0.254,-0.784,-0.584,9.746,-2.676,1.372,-126.7,-14.5,-72.1,89.7,-72.1
4595,F,11,R,H,PRONATION,0.253,-0.786,-0.583,9.446,-2.695,1.452,-126.6,-14.5,-72.1,89.6,-72.1
4605,F,11,R,H,PRONATION,0.253,-0.787,-0.583,9.331,-2.743,1.537,-126.6,-14.5,-72.2,89.4,-72.2
4615,F,11,R,H,PRONATION,0.252,-0.787,-0.582,9.466,-2.804,1.626,-126.5,-14.4,-72.2,89.2,-72.2
4625,F,11,R,H,PRONATION,0.252,-0.788,-0.581,9.767,-2.860,1.698,-126.4,-14.4,-72.3,89.1,-72.3
4635,F,11,R,H,PRONATION,0.251,-0.788,-0.580,10.144,-2.881,1.744,-126.3,-14.4,-72.3,88.9,-72.3
4645,F,11,R,H,PRONATION,0.251,-0.788,-0.578,10.562,-2.835,1.786,-126.3,-14.4,-72.3,88.7,-72.3
4655,F,11,R,H,PRONATION,0.252,-0.789,-0.577,11.036,-2.764,1.861,-126.2,-14.4,-72.3,88.6,-72.3
4665,F,11,R,H,PRONATION,0.252,-0.789,-0.573,11.500,-2.681,1.917,-126.0,-14.5,-72.3,88.5,-72.3
4675,F,11,R,H,PRONATION,0.252,-0.789,-0.570,11.901,-2.585,1.957,-125.8,-14.5,-72.3,88.4,-72.3
4686,F,11,R,H,PRONATION,0.253,-0.790,-0.567,12.156,-2.485,1.960,-125.6,-14.6,-72.3,88.3,-72.3
4696,F,11,R,H,PRONATION,0.254,-0.792,-0.563,12.200,-2.439,1.923,-125.4,-14.6,-72.2,88.1,-72.2
4706,F,11,R,H,PRONATION,0.254,-0.793,-0.561,12.064,-2.431,1.870,-125.3,-14.7,-72.2,88.1,-72.2
4716,F,11,R,H,PRONATION,0.254,-0.794,-0.559,11.740,-2.434,1.827,-125.1,-14.7,-72.2,87.9,-72.2
4726,F,11,R,H,PRONATION,0.254,-0.796,-0.556,11.236,-2.424,1.782,-124.9,-14.7,-72.3,87.8,-72.3
4736,F,11,R,H,PRONATION,0.254,-0.797,-0.554,10.560,-2.411,1.751,-124.8,-14.7,-72.3,87.7,-72.3
4746,F,11,R,H,PRONATION,0.254,-0.798,-0.552,9.735,-2.361,1.717,-124.7,-14.7,-72.4,87.5,-72.4
4756,F,11,R,H,PRONATION,0.253,-0.799,-0.550,8.855,-2.298,1.646,-124.6,-14.6,-72.4,87.4,-72.4
4766,F,11,R,H,PRONATION,0.253,-0.799,-0.549,7.952,-2.200,1.592,-124.5,-14.6,-72.4,87.3,-72.4
4776,F,11,R,H,PRONATION,0.252,-0.800,-0.548,7.094,-2.094,1.546,-124.4,-14.6,-72.5,87.2,-72.5
4786,F,11,R,H,PRONATION,0.252,-0.800,-0.547,6.349,-1.969,1.509,-124.3,-14.6,-72.5,87.1,-72.5
4796,F,11,R,H,PRONATION,0.252,-0.800,-0.546,5.762,-1.842,1.457,-124.3,-14.6,-72.5,87.0,-72.5
4806,F,11,R,H,PRONATION,0.251,-0.801,-0.545,5.333,-1.711,1.391,-124.2,-14.5,-72.6,86.8,-72.6
4816,F,11,R,H,PRONATION,0.250,-0.802,-0.544,5.061,-1.572,1.326,-124.1,-14.5,-72.7,86.7,-72.7
4826,F,11,R,H,PRONATION,0.250,-0.803,-0.543,4.933,-1.419,1.264,-124.1,-14.5,-72.7,86.6,-72.7
4836,F,11,R,H,PRONATION,0.250,-0.804,-0.542,4.925,-1.245,1.209,-124.0,-14.4,-72.7,86.4,-72.7
4846,F,11,R,H,PRONATION,0.249,-0.804,-0.541,5.013,-1.074,1.130,-123.9,-14.4,-72.8,86.3,-72.8
4856,F,11,R,H,PRONATION,0.249,-0.804,-0.540,5.188,-0.941,1.073,-123.9,-14.4,-72.8,86.1,-72.8
4866,F,11,R,H,PRONATION,0.249,-0.805,-0.538,5.467,-0.808,1.005,-123.8,-14.4,-72.8,85.9,-72.8
4876,F,11,R,H,PRONATION,0.249,-0.805,-0.537,5.763,-0.663,0.921,-123.7,-14.4,-72.8,85.8,-72.8
4886,F,11,R,H,PRONATION,0.250,-0.806,-0.535,6.007,-0.532,0.824,-123.6,-14.5,-72.8,85.7,-72.8
4896,F,11,R,H,PRONATION,0.250,-0.807,-0.533,6.147,-0.409,0.734,-123.5,-14.5,-72.8,85.6,-72.8
4906,F,11,R,H,PRONATION,0.251,-0.808,-0.533,6.130,-0.298,0.666,-123.4,-14.5,-72.8,85.6,-72.8
4916,F,11,R,H,PRONATION,0.252,-0.809,-0.532,5.976,-0.192,0.650,-123.3,-14.6,-72.7,85.5,-72.7
4926,F,11,R,H,PRONATION,0.253,-0.810,-0.532,5.715,-0.102,0.671,-123.3,-14.6,-72.7,85.5,-72.7
4936,F,11,R,H,PRONATION,0.254,-0.810,-0.531,5.349,-0.051,0.679,-123.2,-14.7,-72.6,85.5,-72.6
4946,F,11,R,H,PRONATION,0.255,-0.811,-0.531,4.882,-0.079,0.665,-123.2,-14.7,-72.6,85.4,-72.6
4956,F,11,R,H,PRONATION,0.255,-0.813,-0.531,4.373,-0.151,0.623,-123.2,-14.7,-72.6,85.3,-72.6
4966,F,11,R,H,PRONATION,0.255,-0.814,-0.531,3.827,-0.213,0.573,-123.1,-14.7,-72.6,85.2,-72.6
4976,F,11,R,H,PRONATION,0.254,-0.815,-0.531,3.216,-0.262,0.513,-123.1,-14.7,-72.7,85.1,-72.7
4986,F,11,R,H,PRONATION,0.254,-0.816,-0.531,2.657,-0.309,0.476,-123.1,-14.6,-72.7,85.0,-72.7
4997,F,11,R,H,PRONATION,0.253,-0.817,-0.531,2.226,-0.349,0.468,-123.0,-14.5,-72.8,85.0,-72.8
5007,F,11,R,H,PRONATION,0.252,-0.818,-0.531,1.957,-0.362,0.483,-123.0,-14.5,-72.9,84.9,-72.9
5017,F,11,R,H,PRONATION,0.251,-0.818,-0.531,1.867,-0.350,0.523,-123.0,-14.4,-72.9,84.9,-72.9
5027,F,11,R,H,PRONATION,0.252,-0.818,-0.531,2.045,-0.355,0.546,-123.0,-14.5,-72.9,84.9,-72.9
5037,F,11,R,H,PRONATION,0.252,-0.818,-0.529,2.458,-0.405,0.562,-122.9,-14.5,-72.9,84.8,-72.9
5047,F,11,R,H,PRONATION,0.253,-0.817,-0.528,3.112,-0.477,0.562,-122.9,-14.6,-72.8,84.7,-72.8
5057,F,11,R,H,PRONATION,0.253,-0.816,-0.526,3.971,-0.580,0.539,-122.8,-14.6,-72.8,84.7,-72.8
5067,F,11,R,H,PRONATION,0.253,-0.816,-0.525,4.989,-0.705,0.500,-122.8,-14.6,-72.8,84.6,-72.8
5077,F,11,R,H,PRONATION,0.253,-0.815,-0.523,6.068,-0.834,0.461,-122.7,-14.7,-72.7,84.5,-72.7
5087,F,11,R,H,PRONATION,0.254,-0.815,-0.521,7.114,-0.928,0.431,-122.6,-14.7,-72.7,84.3,-72.7
5097,F,11,R,H,PRONATION,0.255,-0.816,-0.519,8.014,-0.982,0.425,-122.5,-14.8,-72.6,84.2,-72.6
5107,F,11,R,H,PRONATION,0.256,-0.817,-0.518,8.670,-1.039,0.405,-122.4,-14.8,-72.6,84.0,-72.6
5117,F,11,R,H,PRONATION,0.256,-0.819,-0.516,9.013,-1.180,0.410,-122.2,-14.8,-72.6,83.9,-72.6
5127,F,11,R,H,PRONATION,0.257,-0.821,-0.516,9.033,-1.354,0.402,-122.1,-14.8,-72.6,83.8,-72.6
5137,F,11,R,H,PRONATION,0.256,-0.823,-0.515,8.710,-1.525,0.388,-122.1,-14.8,-72.7,83.8,-72.7
5147,F,11,R,H,PRONATION,0.255,-0.825,-0.515,8.128,-1.664,0.394,-122.0,-14.7,-72.8,83.7,-72.8
5157,F,11,R,H,PRONATION,0.255,-0.827,-0.515,7.425,-1.731,0.431,-121.9,-14.7,-72.9,83.6,-72.9
5167,F,11,R,H,PRONATION,0.254,-0.828,-0.515,6.668,-1.748,0.484,-121.9,-14.6,-73.0,83.6,-73.0
5177,F,11,R,H,PRONATION,0.253,-0.829,-0.515,5.941,-1.758,0.558,-121.8,-14.5,-73.0,83.5,-73.0
5187,F,11,R,H,PRONATION,0.253,-0.830,-0.514,5.274,-1.765,0.657,-121.8,-14.5,-73.1,83.4,-73.1
5197,F,11,R,H,PRONATION,0.253,-0.831,-0.513,4.731,-1.746,0.759,-121.7,-14.5,-73.1,83.2,-73.1
5207,F,11,R,H,PRONATION,0.252,-0.831,-0.512,4.366,-1.724,0.868,-121.6,-14.5,-73.1,83.1,-73.1
5217,F,11,R,H,PRONATION,0.252,-0.831,-0.510,4.222,-1.683,0.985,-121.6,-14.5,-73.1,83.0,-73.1
5227,F,11,R,H,PRONATION,0.252,-0.830,-0.508,4.312,-1.620,1.085,-121.5,-14.5,-73.1,82.9,-73.1
5237,F,11,R,H,PRONATION,0.253,-0.830,-0.506,4.569,-1.557,1.133,-121.4,-14.6,-73.0,82.8,-73.0
5247,F,11,R,H,PRONATION,0.254,-0.829,-0.505,4.878,-1.510,1.135,-121.3,-14.6,-73.0,82.8,-73.0
5257,F,11,R,H,PRONATION,0.254,-0.829,-0.502,5.212,-1.498,1.138,-121.2,-14.7,-73.0,82.7,-73.0
5267,F,11,R,H,PRONATION,0.255,-0.828,-0.501,5.536,-1.497,1.154,-121.2,-14.8,-72.9,82.6,-72.9
5277,F,11,R,H,PRONATION,0.256,-0.828,-0.500,5.785,-1.522,1.183,-121.1,-14.8,-72.8,82.5,-72.8
5287,F,11,R,H,PRONATION,0.257,-0.828,-0.499,5.931,-1.576,1.176,-121.0,-14.9,-72.8,82.4,-72.8
5297,F,11,R,H,PRONATION,0.257,-0.829,-0.498,5.988,-1.658,1.152,-121.0,-14.9,-72.8,82.4,-72.8
5308,F,11,R,H,PRONATION,0.257,-0.830,-0.497,5.959,-1.729,1.090,-120.9,-14.9,-72.8,82.3,-72.8
5318,F,11,R,H,PRONATION,0.257,-0.831,-0.496,5.860,-1.767,1.020,-120.8,-14.9,-72.8,82.2,-72.8
5328,F,11,R,H,PRONATION,0.257,-0.832,-0.495,5.716,-1.781,0.950,-120.8,-14.9,-72.8,82.1,-72.8
5338,F,11,R,H,PRONATION,0.257,-0.833,-0.495,5.471,-1.761,0.905,-120.7,-14.9,-72.8,82.0,-72.8
5348,F,11,R,H,PRONATION,0.257,-0.834,-0.494,5.098,-1.757,0.875,-120.6,-14.9,-72.9,81.9,-72.9
5358,F,11,R,H,PRONATION,0.257,-0.835,-0.494,4.554,-1.783,0.831,-120.6,-14.9,-72.9,81.8,-72.9
5368,F,11,R,H,PRONATION,0.257,-0.837,-0.493,3.820,-1.818,0.763,-120.5,-14.8,-72.9,81.7,-72.9
5378,F,11,R,H,PRONATION,0.257,-0.838,-0.493,2.959,-1.824,0.695,-120.5,-14.8,-73.0,81.6,-73.0
5388,F,11,R,H,PRONATION,0.256,-0.838,-0.492,2.034,-1.792,0.636,-120.4,-14.7,-73.0,81.4,-73.0
5398,F,11,R,H,PRONATION,0.255,-0.838,-0.491,1.189,-1.742,0.587,-120.4,-14.7,-73.1,81.3,-73.1
5408,F,11,R,H,PRONATION,0.254,-0.837,-0.490,0.510,-1.679,0.554,-120.4,-14.7,-73.1,81.2,-73.1
5418,F,11,R,H,PRONATION,0.253,-0.836,-0.490,0.081,-1.607,0.545,-120.4,-14.6,-73.1,81.1,-73.1
5428,F,11,R,H,PRONATION,0.252,-0.835,-0.491,-0.047,-1.551,0.525,-120.5,-14.6,-73.2,81.0,-73.2
5438,F,11,R,H,PRONATION,0.252,-0.834,-0.491,0.119,-1.521,0.499,-120.5,-14.6,-73.2,80.9,-73.2
5448,F,11,R,H,PRONATION,0.251,-0.833,-0.491,0.514,-1.499,0.463,-120.5,-14.6,-73.2,80.8,-73.2
5458,F,11,R,H,PRONATION,0.251,-0.833,-0.491,1.085,-1.445,0.413,-120.5,-14.5,-73.2,80.7,-73.2
5468,F,11,R,H,PRONATION,0.251,-0.834,-0.490,1.751,-1.366,0.380,-120.4,-14.5,-73.3,80.6,-73.3
5478,F,11,R,H,PRONATION,0.251,-0.835,-0.490,2.478,-1.273,0.349,-120.4,-14.6,-73.2,80.5,-73.2
5488,F,11,R,H,PRONATION,0.252,-0.836,-0.489,3.181,-1.198,0.336,-120.3,-14.6,-73.2,80.4,-73.2
5498,F,11,R,H,PRONATION,0.253,-0.837,-0.487,3.813,-1.128,0.325,-120.2,-14.6,-73.2,80.3,-73.2
5508,F,11,R,H,PRONATION,0.253,-0.838,-0.486,4.306,-1.080,0.301,-120.1,-14.7,-73.2,80.2,-73.2
5518,F,11,R,H,PRONATION,0.254,-0.839,-0.484,4.651,-1.050,0.283,-120.0,-14.7,-73.1,80.1,-73.1
5528,F,11,R,H,PRONATION,0.255,-0.840,-0.483,4.881,-1.043,0.279,-119.9,-14.7,-73.1,80.1,-73.1
5538,F,11,R,H,PRONATION,0.256,-0.841,-0.482,4.935,-1.040,0.281,-119.8,-14.8,-73.1,80.0,-73.1
5548,F,11,R,H,PRONATION,0.256,-0.841,-0.481,4.835,-1.045,0.296,-119.8,-14.8,-73.1,79.9,-73.1
5558,F,11,R,H,PRONATION,0.256,-0.842,-0.481,4.626,-1.041,0.299,-119.7,-14.8,-73.1,79.8,-73.1
5568,F,11,R,H,PRONATION,0.256,-0.841,-0.480,4.353,-1.014,0.297,-119.7,-14.8,-73.1,79.7,-73.1
5578,F,11,R,H,PRONATION,0.256,-0.842,-0.480,4.062,-0.977,0.314,-119.7,-14.8,-73.1,79.6,-73.1
5588,F,11,R,H,PRONATION,0.256,-0.843,-0.479,3.830,-0.926,0.349,-119.6,-14.8,-73.1,79.5,-73.1
5598,F,11,R,H,PRONATION,0.256,-0.843,-0.478,3.640,-0.874,0.396,-119.6,-14.8,-73.1,79.5,-73.1
5608,F,11,R,H,PRONATION,0.256,-0.843,-0.477,3.530,-0.853,0.438,-119.5,-14.8,-73.1,79.4,-73.1
5619,F,11,R,H,PRONATION,0.256,-0.844,-0.476,3.459,-0.809,0.465,-119.4,-14.8,-73.1,79.3,-73.1
5629,F,11,R,H,PRONATION,0.256,-0.845,-0.475,3.433,-0.768,0.477,-119.4,-14.8,-73.1,79.2,-73.1
5639,F,11,R,H,PRONATION,0.257,-0.845,-0.475,3.476,-0.734,0.507,-119.3,-14.8,-73.1,79.1,-73.1
5649,F,11,R,H,PRONATION,0.257,-0.846,-0.474,3.665,-0.710,0.554,-119.3,-14.9,-73.1,79.0,-73.1
5659,F,11,R,H,PRONATION,0.257,-0.846,-0.473,3.961,-0.735,0.577,-119.2,-14.9,-73.1,78.9,-73.1
5669,F,11,R,H,PRONATION,0.257,-0.846,-0.472,4.345,-0.799,0.612,-119.2,-14.9,-73.1,78.8,-73.1
5679,F,11,R,H,PRONATION,0.257,-0.846,-0.471,4.810,-0.864,0.668,-119.1,-14.9,-73.1,78.8,-73.1
5689,F,11,R,H,PRONATION,0.258,-0.846,-0.470,5.273,-0.889,0.718,-119.1,-14.9,-73.1,78.7,-73.1
5699,F,11,R,H,PRONATION,0.258,-0.846,-0.469,5.703,-0.888,0.782,-119.0,-14.9,-73.0,78.7,-73.0
5709,F,11,R,H,PRONATION,0.258,-0.846,-0.469,6.146,-0.872,0.832,-119.0,-15.0,-73.0,78.6,-73.0
5719,F,11,R,H,PRONATION,0.259,-0.846,-0.467,6.564,-0.879,0.864,-118.9,-15.0,-73.0,78.5,-73.0
5729,F,11,R,H,PRONATION,0.260,-0.847,-0.466,6.902,-0.880,0.865,-118.8,-15.1,-72.9,78.4,-72.9
5739,F,11,R,H,PRONATION,0.260,-0.848,-0.464,7.091,-0.874,0.855,-118.7,-15.0,-73.0,78.3,-73.0
5749,F,11,R,H,PRONATION,0.261,-0.850,-0.463,7.077,-0.860,0.875,-118.6,-15.1,-72.9,78.3,-72.9
5759,F,11,R,H,PRONATION,0.260,-0.851,-0.462,6.862,-0.858,0.909,-118.5,-15.0,-73.0,78.2,-73.0
5769,F,11,R,H,PRONATION,0.261,-0.853,-0.461,6.446,-0.894,0.954,-118.4,-15.1,-73.0,78.2,-73.0
5779,F,11,R,H,PRONATION,0.261,-0.854,-0.461,5.840,-0.957,1.010,-118.4,-15.1,-73.0,78.1,-73.0
5789,F,11,R,H,PRONATION,0.261,-0.855,-0.460,5.119,-1.026,1.059,-118.3,-15.1,-73.0,78.0,-73.0
5799,F,11,R,H,PRONATION,0.261,-0.855,-0.460,4.300,-1.097,1.111,-118.3,-15.0,-73.0,77.9,-73.0
5809,F,11,R,H,PRONATION,0.260,-0.855,-0.460,3.479,-1.163,1.142,-118.3,-15.0,-73.1,77.9,-73.1
5819,F,11,R,H,PRONATION,0.259,-0.856,-0.460,2.738,-1.206,1.169,-118.3,-14.9,-73.2,77.8,-73.2
5829,F,11,R,H,PRONATION,0.258,-0.855,-0.460,2.127,-1.222,1.198,-118.3,-14.9,-73.2,77.7,-73.2
5839,F,11,R,H,PRONATION,0.257,-0.855,-0.460,1.683,-1.206,1.227,-118.3,-14.8,-73.3,77.6,-73.3
5849,F,11,R,H,PRONATION,0.257,-0.854,-0.459,1.411,-1.151,1.260,-118.3,-14.8,-73.2,77.6,-73.2
5859,F,11,R,H,PRONATION,0.257,-0.853,-0.459,1.331,-1.090,1.279,-118.3,-14.9,-73.2,77.5,-73.2
5869,F,11,R,H,PRONATION,0.258,-0.853,-0.459,1.420,-1.069,1.279,-118.3,-14.9,-73.2,77.4,-73.2
5879,F,11,R,H,PRONATION,0.258,-0.853,-0.459,1.633,-1.085,1.276,-118.3,-14.9,-73.2,77.3,-73.2
5889,F,11,R,H,PRONATION,0.258,-0.853,-0.458,1.931,-1.126,1.277,-118.3,-14.9,-73.2,77.2,-73.2
5899,F,11,R,H,PRONATION,0.258,-0.854,-0.457,2.223,-1.161,1.267,-118.2,-14.9,-73.2,77.1,-73.2
5909,F,11,R,H,PRONATION,0.258,-0.854,-0.457,2.470,-1.190,1.263,-118.1,-14.9,-73.2,77.0,-73.2
5919,F,11,R,H,PRONATION,0.258,-0.855,-0.456,2.652,-1.214,1.251,-118.1,-14.9,-73.2,76.9,-73.2
5930,F,11,R,H,PRONATION,0.257,-0.855,-0.455,2.735,-1.227,1.225,-118.0,-14.9,-73.3,76.8,-73.3
5940,F,11,R,H,PRONATION,0.257,-0.856,-0.455,2.766,-1.215,1.198,-118.0,-14.8,-73.3,76.7,-73.3
5950,F,11,R,H,PRONATION,0.257,-0.856,-0.454,2.773,-1.196,1.178,-117.9,-14.8,-73.3,76.6,-73.3
5960,F,11,R,H,PRONATION,0.257,-0.857,-0.453,2.761,-1.175,1.171,-117.9,-14.8,-73.3,76.6,-73.3
5970,F,11,R,H,PRONATION,0.257,-0.857,-0.452,2.718,-1.152,1.154,-117.8,-14.8,-73.3,76.5,-73.3
5980,F,11,R,H,PRONATION,0.257,-0.857,-0.451,2.614,-1.134,1.134,-117.8,-14.9,-73.3,76.4,-73.3
5990,F,11,R,H,PRONATION,0.257,-0.858,-0.450,2.481,-1.120,1.119,-117.7,-14.9,-73.3,76.3,-73.3
6000,F,11,R,H,PRONATION,0.257,-0.859,-0.449,2.319,-1.110,1.107,-117.6,-14.9,-73.3,76.3,-73.3
6010,F,11,R,H,PRONATION,0.258,-0.859,-0.448,2.149,-1.089,1.097,-117.6,-14.9,-73.3,76.3,-73.3
6020,F,11,R,H,PRONATION,0.258,-0.859,-0.448,2.005,-1.056,1.084,-117.6,-14.9,-73.3,76.2,-73.3
6030,F,11,R,H,PRONATION,0.258,-0.858,-0.447,1.931,-1.029,1.069,-117.5,-14.9,-73.3,76.1,-73.3
6040,F,11,R,H,PRONATION,0.258,-0.858,-0.446,1.981,-1.024,1.072,-117.5,-14.9,-73.3,76.1,-73.3
6050,F,11,R,H,PRONATION,0.257,-0.858,-0.445,2.134,-0.998,1.071,-117.4,-14.9,-73.3,75.9,-73.3
6060,F,11,R,H,PRONATION,0.257,-0.858,-0.445,2.333,-0.961,1.069,-117.4,-14.9,-73.3,75.9,-73.3
6070,F,11,R,H,PRONATION,0.257,-0.858,-0.444,2.530,-0.912,1.055,-117.4,-14.9,-73.3,75.8,-73.3
6080,F,11,R,H,PRONATION,0.257,-0.858,-0.443,2.728,-0.840,1.031,-117.3,-14.9,-73.3,75.7,-73.3
6090,F,11,R,H,PRONATION,0.258,-0.859,-0.441,2.921,-0.777,0.989,-117.2,-15.0,-73.3,75.7,-73.3
6100,F,11,R,H,PRONATION,0.258,-0.859,-0.440,3.074,-0.752,0.928,-117.1,-15.0,-73.3,75.6,-73.3
6110,F,11,R,H,PRONATION,0.258,-0.860,-0.438,3.182,-0.735,0.850,-117.0,-15.0,-73.3,75.5,-73.3
6120,F,11,R,H,PRONATION,0.258,-0.861,-0.437,3.199,-0.709,0.782,-116.9,-15.0,-73.3,75.5,-73.3
6130,F,11,R,H,PRONATION,0.259,-0.862,-0.437,3.104,-0.707,0.731,-116.9,-15.0,-73.3,75.4,-73.3
6140,F,11,R,H,PRONATION,0.260,-0.863,-0.436,2.900,-0.747,0.670,-116.8,-15.0,-73.3,75.4,-73.3
6150,F,11,R,H,PRONATION,0.259,-0.864,-0.436,2.580,-0.825,0.633,-116.8,-15.0,-73.3,75.4,-73.3
6160,F,11,R,H,PRONATION,0.259,-0.864,-0.436,2.187,-0.908,0.599,-116.8,-15.0,-73.3,75.4,-73.3
6170,F,11,R,H,PRONATION,0.259,-0.864,-0.436,1.787,-0.941,0.584,-116.8,-15.0,-73.3,75.3,-73.3
6180,F,11,R,H,PRONATION,0.259,-0.864,-0.436,1.426,-0.955,0.582,-116.8,-15.0,-73.3,75.3,-73.3
6190,F,11,R,H,PRONATION,0.259,-0.864,-0.437,1.175,-0.946,0.577,-116.8,-15.0,-73.3,75.2,-73.3
6200,F,11,R,H,PRONATION,0.259,-0.863,-0.437,1.029,-0.930,0.588,-116.8,-15.0,-73.3,75.1,-73.3
6210,F,11,R,H,PRONATION,0.259,-0.863,-0.437,0.996,-0.919,0.607,-116.8,-15.0,-73.3,75.1,-73.3
6220,F,11,R,H,PRONATION,0.259,-0.864,-0.437,1.093,-0.920,0.653,-116.8,-15.0,-73.3,75.0,-73.3
6230,F,11,R,H,PRONATION,0.259,-0.864,-0.437,1.293,-0.959,0.696,-116.8,-15.0,-73.3,74.9,-73.3
6241,F,11,R,H,PRONATION,0.259,-0.865,-0.436,1.535,-1.023,0.726,-116.7,-15.0,-73.3,74.9,-73.3
6251,F,11,R,H,PRONATION,0.259,-0.866,-0.435,1.742,-1.096,0.738,-116.7,-14.9,-73.4,74.8,-73.4
6261,F,11,R,H,PRONATION,0.258,-0.867,-0.435,1.883,-1.140,0.749,-116.6,-14.9,-73.4,74.7,-73.4
6271,F,11,R,H,PRONATION,0.259,-0.867,-0.434,1.943,-1.136,0.775,-116.6,-14.9,-73.4,74.7,-73.4
6281,F,11,R,H,PRONATION,0.259,-0.867,-0.432,1.885,-1.101,0.809,-116.5,-15.0,-73.4,74.6,-73.4
6291,F,11,R,H,PRONATION,0.259,-0.867,-0.431,1.737,-1.073,0.834,-116.4,-15.0,-73.4,74.6,-73.4
6301,F,11,R,H,PRONATION,0.259,-0.867,-0.431,1.531,-1.073,0.868,-116.4,-15.0,-73.4,74.5,-73.4
6311,F,11,R,H,PRONATION,0.259,-0.867,-0.431,1.303,-1.074,0.918,-116.4,-15.0,-73.4,74.5,-73.4
6321,F,11,R,H,PRONATION,0.259,-0.867,-0.431,1.080,-1.106,0.987,-116.5,-15.0,-73.4,74.4,-73.4
6331,F,11,R,H,PRONATION,0.260,-0.867,-0.431,0.864,-1.132,1.063,-116.4,-15.0,-73.3,74.4,-73.3
6341,F,11,R,H,PRONATION,0.260,-0.868,-0.430,0.635,-1.170,1.128,-116.4,-15.0,-73.3,74.4,-73.3
6351,F,11,R,H,PRONATION,0.260,-0.868,-0.428,0.384,-1.219,1.178,-116.3,-15.0,-73.3,74.3,-73.3
6361,F,11,R,H,PRONATION,0.260,-0.868,-0.428,0.150,-1.250,1.208,-116.3,-15.0,-73.3,74.2,-73.3
6371,F,11,R,H,PRONATION,0.260,-0.868,-0.429,-0.094,-1.248,1.229,-116.3,-15.0,-73.3,74.2,-73.3
6381,F,11,R,H,PRONATION,0.260,-0.867,-0.429,-0.374,-1.228,1.227,-116.3,-15.0,-73.3,74.1,-73.3
6391,F,11,R,H,PRONATION,0.260,-0.867,-0.428,-0.692,-1.203,1.203,-116.3,-15.0,-73.3,74.1,-73.3
6401,F,11,R,H,PRONATION,0.260,-0.866,-0.428,-1.050,-1.163,1.181,-116.3,-15.1,-73.3,74.1,-73.3
6411,F,11,R,H,PRONATION,0.260,-0.866,-0.428,-1.425,-1.113,1.177,-116.3,-15.0,-73.3,74.1,-73.3
6421,F,11,R,H,PRONATION,0.260,-0.866,-0.428,-1.839,-1.072,1.168,-116.3,-15.1,-73.3,74.1,-73.3
6431,F,11,R,H,PRONATION,0.260,-0.865,-0.428,-2.317,-1.036,1.150,-116.3,-15.1,-73.3,74.1,-73.3
6441,F,11,R,H,PRONATION,0.260,-0.865,-0.429,-2.813,-1.016,1.132,-116.4,-15.1,-73.2,74.1,-73.2
6451,F,11,R,H,PRONATION,0.260,-0.864,-0.430,-3.259,-1.019,1.111,-116.5,-15.1,-73.2,74.1,-73.2
6461,F,11,R,H,PRONATION,0.260,-0.864,-0.430,-3.594,-1.014,1.099,-116.5,-15.1,-73.2,74.1,-73.2
6471,F,11,R,H,PRONATION,0.259,-0.864,-0.431,-3.838,-0.978,1.075,-116.5,-15.0,-73.3,74.0,-73.3
6481,F,11,R,H,PRONATION,0.259,-0.864,-0.430,-3.999,-0.924,1.060,-116.5,-15.0,-73.3,73.9,-73.3
6491,F,11,R,H,PRONATION,0.259,-0.864,-0.431,-4.051,-0.827,1.022,-116.5,-15.0,-73.3,73.8,-73.3
6501,F,11,R,H,PRONATION,0.258,-0.864,-0.431,-4.023,-0.739,0.965,-116.5,-15.0,-73.4,73.7,-73.4
6511,F,11,R,H,PRONATION,0.258,-0.864,-0.431,-3.968,-0.653,0.884,-116.5,-15.0,-73.4,73.7,-73.4
6521,F,11,R,H,PRONATION,0.258,-0.864,-0.431,-3.924,-0.573,0.806,-116.5,-15.0,-73.4,73.6,-73.4
6531,F,11,R,H,PRONATION,0.258,-0.864,-0.432,-3.908,-0.486,0.735,-116.6,-15.0,-73.4,73.5,-73.4
6541,F,11,R,H,PRONATION,0.258,-0.863,-0.432,-3.932,-0.398,0.667,-116.6,-15.0,-73.3,73.5,-73.3
6552,F,11,R,H,PRONATION,0.259,-0.863,-0.433,-3.980,-0.348,0.586,-116.7,-15.0,-73.3,73.4,-73.3
6562,F,11,R,H,PRONATION,0.259,-0.862,-0.434,-4.001,-0.316,0.504,-116.7,-15.0,-73.3,73.3,-73.3
6572,F,11,R,H,PRONATION,0.259,-0.861,-0.434,-3.984,-0.277,0.424,-116.7,-15.0,-73.3,73.3,-73.3
6582,F,11,R,H,PRONATION,0.259,-0.861,-0.434,-3.921,-0.246,0.353,-116.7,-15.0,-73.3,73.4,-73.3
6592,F,11,R,H,PRONATION,0.259,-0.861,-0.434,-3.825,-0.198,0.292,-116.7,-15.1,-73.2,73.4,-73.2
6602,F,11,R,H,PRONATION,0.260,-0.861,-0.434,-3.719,-0.185,0.261,-116.8,-15.1,-73.2,73.4,-73.2
6612,F,11,R,H,PRONATION,0.260,-0.861,-0.434,-3.555,-0.198,0.241,-116.8,-15.1,-73.2,73.4,-73.2
6622,F,11,R,H,PRONATION,0.260,-0.861,-0.434,-3.366,-0.251,0.212,-116.7,-15.1,-73.2,73.4,-73.2
6632,F,11,R,H,PRONATION,0.260,-0.861,-0.435,-3.180,-0.310,0.190,-116.8,-15.1,-73.2,73.4,-73.2
6642,F,11,R,H,PRONATION,0.260,-0.862,-0.435,-3.006,-0.335,0.160,-116.8,-15.1,-73.2,73.3,-73.2
6652,F,11,R,H,PRONATION,0.260,-0.862,-0.435,-2.835,-0.351,0.133,-116.8,-15.1,-73.2,73.3,-73.2
6662,F,11,R,H,PRONATION,0.261,-0.862,-0.436,-2.673,-0.355,0.127,-116.9,-15.1,-73.1,73.2,-73.1
6672,F,11,R,H,PRONATION,0.262,-0.862,-0.437,-2.502,-0.362,0.143,-116.9,-15.2,-73.1,73.2,-73.1
6682,F,11,R,H,PRONATION,0.262,-0.862,-0.437,-2.336,-0.377,0.159,-116.9,-15.2,-73.1,73.1,-73.1
6692,F,11,R,H,PRONATION,0.263,-0.862,-0.437,-2.155,-0.411,0.167,-116.9,-15.2,-73.1,73.1,-73.1
6702,F,11,R,H,PRONATION,0.263,-0.862,-0.438,-1.936,-0.440,0.172,-116.9,-15.2,-73.1,73.1,-73.1
6712,F,11,R,H,PRONATION,0.263,-0.863,-0.439,-1.682,-0.461,0.184,-117.0,-15.2,-73.0,73.0,-73.0
6722,F,11,R,H,PRONATION,0.263,-0.863,-0.440,-1.430,-0.492,0.202,-117.0,-15.2,-73.0,73.0,-73.0
6732,F,11,R,H,PRONATION,0.264,-0.863,-0.440,-1.211,-0.498,0.230,-117.0,-15.2,-73.0,73.0,-73.0
6742,F,11,R,H,PRONATION,0.264,-0.864,-0.440,-0.945,-0.514,0.264,-117.0,-15.2,-73.0,73.0,-73.0
6752,F,11,R,H,PRONATION,0.264,-0.864,-0.439,-0.716,-0.526,0.325,-116.9,-15.2,-73.0,73.0,-73.0
6762,F,11,R,H,PRONATION,0.264,-0.865,-0.439,-0.492,-0.531,0.402,-116.9,-15.2,-73.0,73.0,-73.0
6772,F,11,R,H,PRONATION,0.264,-0.865,-0.439,-0.258,-0.552,0.481,-116.9,-15.2,-73.0,73.0,-73.0
6782,F,11,R,H,PRONATION,0.264,-0.865,-0.438,-0.069,-0.592,0.557,-116.9,-15.2,-73.0,73.0,-73.0
6792,F,11,R,H,PRONATION,0.264,-0.865,-0.437,0.079,-0.644,0.611,-116.8,-15.3,-73.0,73.0,-73.0
6802,F,11,R,H,PRONATION,0.265,-0.865,-0.437,0.207,-0.687,0.664,-116.8,-15.3,-73.0,73.0,-73.0
6812,F,11,R,H,PRONATION,0.265,-0.865,-0.436,0.349,-0.735,0.715,-116.8,-15.3,-73.0,72.9,-73.0
6822,F,11,R,H,PRONATION,0.265,-0.865,-0.436,0.475,-0.777,0.773,-116.7,-15.3,-73.0,72.9,-73.0
6832,F,11,R,H,PRONATION,0.265,-0.865,-0.436,0.560,-0.834,0.815,-116.7,-15.3,-72.9,72.8,-72.9
6842,F,11,R,H,PRONATION,0.266,-0.865,-0.435,0.602,-0.916,0.854,-116.7,-15.3,-72.9,72.7,-72.9
6852,F,11,R,H,PRONATION,0.266,-0.864,-0.435,0.585,-1.040,0.894,-116.7,-15.4,-72.9,72.6,-72.9
6863,F,11,R,H,PRONATION,0.266,-0.864,-0.435,0.531,-1.159,0.936,-116.7,-15.4,-72.9,72.5,-72.9
6873,F,11,R,H,PRONATION,0.266,-0.864,-0.435,0.429,-1.271,0.987,-116.7,-15.4,-72.9,72.4,-72.9
6883,F,11,R,H,PRONATION,0.266,-0.865,-0.435,0.290,-1.340,1.038,-116.7,-15.3,-72.9,72.4,-72.9
6893,F,11,R,H,PRONATION,0.266,-0.865,-0.435,0.120,-1.400,1.072,-116.7,-15.3,-72.9,72.3,-72.9
6903,F,11,R,H,PRONATION,0.265,-0.864,-0.434,-0.019,-1.439,1.096,-116.7,-15.3,-72.9,72.3,-72.9
6913,F,11,R,H,PRONATION,0.266,-0.864,-0.434,-0.123,-1.461,1.129,-116.7,-15.4,-72.9,72.2,-72.9
6923,F,11,R,H,PRONATION,0.265,-0.864,-0.434,-0.144,-1.494,1.183,-116.7,-15.3,-72.9,72.2,-72.9
6933,F,11,R,H,PRONATION,0.266,-0.865,-0.433,-0.085,-1.522,1.237,-116.6,-15.4,-72.9,72.1,-72.9
6943,F,11,R,H,PRONATION,0.266,-0.865,-0.432,0.035,-1.592,1.291,-116.5,-15.4,-72.9,72.1,-72.9
6953,F,11,R,H,PRONATION,0.266,-0.865,-0.432,0.246,-1.670,1.336,-116.5,-15.4,-72.9,72.0,-72.9
6963,F,11,R,H,PRONATION,0.265,-0.866,-0.432,0.492,-1.735,1.352,-116.5,-15.3,-72.9,72.0,-72.9
6973,F,11,R,H,PRONATION,0.265,-0.866,-0.432,0.752,-1.783,1.364,-116.5,-15.3,-73.0,71.9,-73.0
6983,F,11,R,H,PRONATION,0.265,-0.866,-0.432,1.006,-1.830,1.366,-116.5,-15.3,-73.0,71.9,-73.0
6993,F,11,R,H,PRONATION,0.265,-0.866,-0.431,1.309,-1.874,1.379,-116.5,-15.3,-73.0,71.8,-73.0
7003,F,11,R,H,PRONATION,0.264,-0.866,-0.431,1.646,-1.898,1.401,-116.5,-15.3,-73.0,71.7,-73.0
7013,F,11,R,H,PRONATION,0.264,-0.866,-0.431,2.058,-1.920,1.453,-116.5,-15.3,-73.0,71.7,-73.0
7023,F,11,R,H,PRONATION,0.264,-0.866,-0.429,2.494,-1.932,1.514,-116.4,-15.3,-73.0,71.7,-73.0
7033,F,11,R,H,PRONATION,0.265,-0.867,-0.428,2.915,-1.945,1.571,-116.3,-15.3,-73.0,71.6,-73.0
7043,F,11,R,H,PRONATION,0.265,-0.866,-0.427,3.299,-1.959,1.617,-116.2,-15.3,-73.0,71.6,-73.0
7053,F,11,R,H,PRONATION,0.265,-0.867,-0.426,3.632,-1.953,1.674,-116.2,-15.3,-73.0,71.6,-73.0
7063,F,11,R,H,PRONATION,0.265,-0.867,-0.425,3.881,-1.950,1.752,-116.1,-15.4,-73.0,71.6,-73.0
7073,F,11,R,H,PRONATION,0.265,-0.868,-0.424,4.014,-1.966,1.835,-116.1,-15.4,-73.0,71.6,-73.0
7083,F,11,R,H,PRONATION,0.265,-0.868,-0.423,4.085,-1.977,1.894,-116.0,-15.3,-73.0,71.5,-73.0
7093,F,11,R,H,PRONATION,0.264,-0.868,-0.423,4.154,-1.987,1.944,-115.9,-15.3,-73.1,71.5,-73.1
7103,F,11,R,H,PRONATION,0.264,-0.869,-0.422,4.242,-1.985,1.976,-115.9,-15.3,-73.1,71.5,-73.1
7113,F,11,R,H,PRONATION,0.264,-0.869,-0.422,4.268,-1.957,1.980,-115.9,-15.3,-73.1,71.5,-73.1
7123,F,11,R,H,PRONATION,0.263,-0.869,-0.421,4.276,-1.905,1.978,-115.9,-15.2,-73.1,71.5,-73.1
7133,F,11,R,H,PRONATION,0.263,-0.869,-0.421,4.282,-1.816,1.969,-115.8,-15.2,-73.2,71.5,-73.2
7143,F,11,R,H,PRONATION,0.262,-0.869,-0.420,4.283,-1.739,1.939,-115.8,-15.2,-73.2,71.5,-73.2
7153,F,11,R,H,PRONATION,0.262,-0.869,-0.419,4.334,-1.652,1.918,-115.7,-15.2,-73.2,71.5,-73.2
7163,F,11,R,H,PRONATION,0.262,-0.870,-0.418,4.381,-1.539,1.897,-115.7,-15.2,-73.2,71.4,-73.2
7174,F,11,R,H,PRONATION,0.262,-0.870,-0.417,4.383,-1.431,1.875,-115.6,-15.2,-73.3,71.4,-73.3
7184,F,11,R,H,PRONATION,0.262,-0.870,-0.416,4.319,-1.339,1.853,-115.6,-15.2,-73.3,71.4,-73.3
7194,F,11,R,H,PRONATION,0.262,-0.870,-0.416,4.160,-1.264,1.839,-115.5,-15.2,-73.3,71.4,-73.3
7204,F,11,R,H,PRONATION,0.262,-0.871,-0.415,3.901,-1.211,1.826,-115.5,-15.2,-73.3,71.4,-73.3
7214,F,11,R,H,PRONATION,0.262,-0.871,-0.414,3.571,-1.183,1.811,-115.4,-15.2,-73.3,71.4,-73.3
7224,F,11,R,H,PRONATION,0.261,-0.871,-0.412,3.211,-1.149,1.782,-115.3,-15.2,-73.3,71.4,-73.3
7234,F,11,R,H,PRONATION,0.261,-0.872,-0.411,2.862,-1.103,1.759,-115.2,-15.2,-73.3,71.4,-73.3
7244,F,11,R,H,PRONATION,0.261,-0.872,-0.410,2.534,-1.065,1.725,-115.2,-15.2,-73.3,71.4,-73.3
7254,F,11,R,H,PRONATION,0.261,-0.872,-0.409,2.255,-1.024,1.683,-115.1,-15.2,-73.3,71.4,-73.3
7264,F,11,R,H,PRONATION,0.261,-0.872,-0.409,2.033,-0.982,1.631,-115.1,-15.1,-73.4,71.4,-73.4
7274,F,11,R,H,PRONATION,0.261,-0.872,-0.408,1.855,-0.942,1.574,-115.1,-15.1,-73.4,71.4,-73.4
7284,F,11,R,H,PRONATION,0.260,-0.873,-0.408,1.752,-0.920,1.494,-115.1,-15.1,-73.4,71.4,-73.4
7294,F,11,R,H,PRONATION,0.260,-0.872,-0.408,1.730,-0.920,1.423,-115.1,-15.1,-73.4,71.4,-73.4
7304,F,11,R,H,PRONATION,0.260,-0.872,-0.408,1.783,-0.904,1.349,-115.1,-15.1,-73.4,71.4,-73.4
7314,F,11,R,H,PRONATION,0.260,-0.872,-0.408,1.949,-0.878,1.288,-115.1,-15.1,-73.4,71.4,-73.4
7324,F,11,R,H,PRONATION,0.261,-0.873,-0.408,2.207,-0.878,1.223,-115.1,-15.1,-73.4,71.4,-73.4
7334,F,11,R,H,PRONATION,0.260,-0.873,-0.408,2.583,-0.891,1.164,-115.1,-15.1,-73.4,71.4,-73.4
7344,F,11,R,H,PRONATION,0.260,-0.873,-0.407,3.021,-0.880,1.104,-115.0,-15.1,-73.4,71.4,-73.4
7354,F,11,R,H,PRONATION,0.260,-0.873,-0.406,3.486,-0.852,1.045,-114.9,-15.1,-73.4,71.4,-73.4
7364,F,11,R,H,PRONATION,0.260,-0.873,-0.405,3.984,-0.855,0.991,-114.9,-15.1,-73.4,71.4,-73.4
7374,F,11,R,H,PRONATION,0.260,-0.874,-0.403,4.497,-0.877,0.945,-114.8,-15.1,-73.4,71.4,-73.4
7384,F,11,R,H,PRONATION,0.261,-0.875,-0.402,4.945,-0.926,0.902,-114.7,-15.1,-73.4,71.4,-73.4
7394,F,11,R,H,PRONATION,0.261,-0.876,-0.401,5.256,-0.972,0.860,-114.6,-15.1,-73.4,71.4,-73.4
7404,F,11,R,H,PRONATION,0.260,-0.877,-0.399,5.423,-1.031,0.825,-114.5,-15.1,-73.5,71.3,-73.5
7414,F,11,R,H,PRONATION,0.260,-0.878,-0.398,5.478,-1.073,0.806,-114.4,-15.1,-73.5,71.3,-73.5
7424,F,11,R,H,PRONATION,0.260,-0.878,-0.397,5.496,-1.095,0.814,-114.3,-15.1,-73.5,71.3,-73.5
7434,F,11,R,H,PRONATION,0.260,-0.879,-0.396,5.517,-1.096,0.831,-114.2,-15.1,-73.5,71.3,-73.5
7444,F,11,R,H,PRONATION,0.261,-0.880,-0.395,5.502,-1.081,0.832,-114.2,-15.1,-73.5,71.3,-73.5
7454,F,11,R,H,PRONATION,0.261,-0.880,-0.394,5.523,-1.065,0.859,-114.1,-15.1,-73.5,71.3,-73.5
7464,F,11,R,H,PRONATION,0.261,-0.881,-0.393,5.647,-1.055,0.879,-114.0,-15.1,-73.5,71.3,-73.5
7474,F,11,R,H,PRONATION,0.261,-0.881,-0.393,5.833,-1.037,0.888,-114.0,-15.1,-73.5,71.2,-73.5
7485,F,11,R,H,PRONATION,0.261,-0.882,-0.392,6.070,-1.016,0.894,-114.0,-15.2,-73.5,71.2,-73.5
7495,F,11,R,H,PRONATION,0.262,-0.882,-0.391,6.361,-1.003,0.886,-113.9,-15.2,-73.5,71.1,-73.5
7505,F,11,R,H,PRONATION,0.262,-0.883,-0.390,6.712,-1.006,0.890,-113.8,-15.2,-73.5,71.1,-73.5
7515,F,11,R,H,PRONATION,0.263,-0.884,-0.389,7.037,-0.990,0.886,-113.8,-15.2,-73.4,71.1,-73.4
7525,F,11,R,H,PRONATION,0.263,-0.884,-0.387,7.266,-0.994,0.871,-113.7,-15.3,-73.4,71.1,-73.4
7535,F,11,R,H,PRONATION,0.263,-0.885,-0.385,7.381,-0.987,0.862,-113.5,-15.3,-73.4,71.0,-73.4
7545,F,11,R,H,PRONATION,0.263,-0.886,-0.383,7.412,-0.965,0.873,-113.4,-15.2,-73.5,71.0,-73.5
7555,F,11,R,H,PRONATION,0.262,-0.887,-0.382,7.338,-0.940,0.884,-113.3,-15.2,-73.5,71.0,-73.5
7565,F,11,R,H,PRONATION,0.262,-0.889,-0.380,7.165,-0.896,0.908,-113.1,-15.2,-73.6,71.0,-73.6
7575,F,11,R,H,PRONATION,0.262,-0.890,-0.379,6.881,-0.853,0.964,-113.1,-15.2,-73.6,71.0,-73.6
7585,F,11,R,H,PRONATION,0.263,-0.891,-0.378,6.569,-0.845,1.018,-113.0,-15.2,-73.6,71.0,-73.6
7595,F,11,R,H,PRONATION,0.263,-0.892,-0.376,6.301,-0.846,1.066,-112.9,-15.2,-73.6,71.0,-73.6
7605,F,11,R,H,PRONATION,0.262,-0.892,-0.375,6.176,-0.915,1.110,-112.8,-15.1,-73.6,71.1,-73.6
7615,F,11,R,H,PRONATION,0.262,-0.892,-0.374,6.226,-0.992,1.161,-112.8,-15.1,-73.6,71.1,-73.6
7625,F,11,R,H,PRONATION,0.262,-0.892,-0.373,6.444,-1.061,1.215,-112.7,-15.2,-73.6,71.1,-73.6
7635,F,11,R,H,PRONATION,0.262,-0.891,-0.372,6.830,-1.125,1.257,-112.6,-15.2,-73.6,71.2,-73.6
7645,F,11,R,H,PRONATION,0.262,-0.891,-0.370,7.367,-1.182,1.310,-112.6,-15.2,-73.6,71.2,-73.6
7655,F,11,R,H,PRONATION,0.262,-0.891,-0.369,8.010,-1.244,1.365,-112.5,-15.2,-73.6,71.2,-73.6
7665,F,11,R,H,PRONATION,0.263,-0.891,-0.368,8.823,-1.296,1.464,-112.4,-15.3,-73.6,71.2,-73.6
7675,F,11,R,H,PRONATION,0.264,-0.891,-0.366,9.476,-1.345,1.521,-112.3,-15.3,-73.5,71.2,-73.5
7685,F,11,R,H,PRONATION,0.264,-0.892,-0.365,10.040,-1.427,1.536,-112.2,-15.3,-73.5,71.2,-73.5
7695,F,11,R,H,PRONATION,0.265,-0.893,-0.363,10.533,-1.527,1.533,-112.1,-15.4,-73.5,71.2,-73.5
7705,F,11,R,H,PRONATION,0.265,-0.894,-0.361,10.946,-1.653,1.550,-112.0,-15.4,-73.5,71.2,-73.5
7715,F,11,R,H,PRONATION,0.265,-0.895,-0.359,11.319,-1.743,1.573,-111.8,-15.4,-73.5,71.2,-73.5
7725,F,11,R,H,PRONATION,0.265,-0.897,-0.357,11.510,-1.842,1.586,-111.7,-15.4,-73.5,71.2,-73.5
7735,F,11,R,H,PRONATION,0.265,-0.899,-0.354,11.535,-1.937,1.590,-111.5,-15.3,-73.6,71.3,-73.6
7745,F,11,R,H,PRONATION,0.265,-0.900,-0.352,11.370,-2.009,1.610,-111.3,-15.3,-73.6,71.2,-73.6
7755,F,11,R,H,PRONATION,0.264,-0.902,-0.350,11.043,-2.063,1.618,-111.2,-15.3,-73.7,71.3,-73.7
7765,F,11,R,H,PRONATION,0.264,-0.903,-0.348,10.572,-2.090,1.646,-111.1,-15.3,-73.7,71.3,-73.7
7775,F,11,R,H,PRONATION,0.264,-0.903,-0.346,9.937,-2.110,1.669,-110.9,-15.3,-73.7,71.2,-73.7
7785,F,11,R,H,PRONATION,0.264,-0.904,-0.344,9.181,-2.096,1.684,-110.8,-15.2,-73.7,71.2,-73.7
7796,F,11,R,H,PRONATION,0.264,-0.905,-0.342,8.304,-2.048,1.681,-110.7,-15.2,-73.8,71.2,-73.8
7806,F,11,R,H,PRONATION,0.263,-0.906,-0.340,7.395,-1.982,1.667,-110.6,-15.2,-73.8,71.2,-73.8
7816,F,11,R,H,PRONATION,0.262,-0.906,-0.338,6.473,-1.932,1.665,-110.5,-15.2,-73.8,71.2,-73.8
7826,F,11,R,H,PRONATION,0.262,-0.905,-0.337,5.655,-1.886,1.669,-110.4,-15.2,-73.9,71.2,-73.9
7836,F,11,R,H,PRONATION,0.261,-0.905,-0.336,4.931,-1.830,1.674,-110.4,-15.1,-73.9,71.2,-73.9
7846,F,11,R,H,PRONATION,0.260,-0.905,-0.335,4.311,-1.789,1.666,-110.3,-15.1,-74.0,71.2,-74.0
7856,F,11,R,H,PRONATION,0.259,-0.904,-0.335,3.801,-1.758,1.652,-110.3,-15.1,-74.0,71.2,-74.0
7866,F,11,R,H,PRONATION,0.259,-0.903,-0.334,3.386,-1.736,1.651,-110.3,-15.0,-74.0,71.2,-74.0
7876,F,11,R,H,PRONATION,0.259,-0.902,-0.334,3.132,-1.679,1.649,-110.3,-15.1,-74.0,71.2,-74.0
7886,F,11,R,H,PRONATION,0.259,-0.901,-0.334,2.980,-1.608,1.650,-110.3,-15.1,-74.0,71.2,-74.0
7896,F,11,R,H,PRONATION,0.260,-0.901,-0.333,2.863,-1.525,1.620,-110.3,-15.1,-73.9,71.2,-73.9
7906,F,11,R,H,PRONATION,0.260,-0.901,-0.332,2.734,-1.458,1.567,-110.3,-15.1,-73.9,71.2,-73.9
7916,F,11,R,H,PRONATION,0.260,-0.902,-0.332,2.579,-1.410,1.487,-110.2,-15.1,-73.9,71.2,-73.9
7926,F,11,R,H,PRONATION,0.259,-0.904,-0.331,2.350,-1.374,1.408,-110.1,-15.1,-74.0,71.2,-74.0
7936,F,11,R,H,PRONATION,0.258,-0.905,-0.331,2.035,-1.347,1.328,-110.1,-15.0,-74.1,71.2,-74.1
7946,F,11,R,H,PRONATION,0.257,-0.905,-0.331,1.675,-1.300,1.250,-110.1,-14.9,-74.1,71.2,-74.1
7956,F,11,R,H,PRONATION,0.257,-0.906,-0.331,1.239,-1.257,1.155,-110.0,-14.9,-74.2,71.2,-74.2
7966,F,11,R,H,PRONATION,0.257,-0.906,-0.330,0.741,-1.213,1.053,-110.0,-14.9,-74.1,71.2,-74.1
7976,F,11,R,H,PRONATION,0.257,-0.906,-0.330,0.284,-1.146,0.950,-110.0,-14.9,-74.2,71.2,-74.2
7986,F,11,R,H,PRONATION,0.257,-0.906,-0.329,-0.118,-1.077,0.862,-110.0,-14.9,-74.1,71.2,-74.1
7996,F,11,R,H,PRONATION,0.258,-0.905,-0.329,-0.411,-1.037,0.798,-110.0,-15.0,-74.1,71.2,-74.1
8006,F,11,R,H,PRONATION,0.258,-0.904,-0.329,-0.601,-1.018,0.735,-110.0,-15.0,-74.1,71.2,-74.1
8016,F,11,R,H,PRONATION,0.259,-0.903,-0.329,-0.770,-1.006,0.693,-110.0,-15.1,-74.0,71.2,-74.0
8026,F,11,R,H,PRONATION,0.260,-0.903,-0.329,-0.898,-1.027,0.661,-110.0,-15.1,-74.0,71.2,-74.0
8036,F,11,R,H,PRONATION,0.260,-0.903,-0.329,-0.987,-1.063,0.620,-110.0,-15.1,-73.9,71.2,-73.9
8046,F,11,R,H,PRONATION,0.260,-0.904,-0.329,-1.061,-1.108,0.580,-110.0,-15.1,-74.0,71.1,-74.0
8056,F,11,R,H,PRONATION,0.260,-0.905,-0.329,-1.192,-1.146,0.535,-110.0,-15.1,-74.0,71.1,-74.0
8066,F,11,R,H,PRONATION,0.260,-0.906,-0.329,-1.377,-1.162,0.501,-110.0,-15.1,-74.0,71.1,-74.0
8076,F,11,R,H,PRONATION,0.260,-0.907,-0.329,-1.646,-1.196,0.462,-109.9,-15.1,-74.0,71.1,-74.0
8086,F,11,R,H,PRONATION,0.260,-0.907,-0.328,-1.941,-1.231,0.431,-109.9,-15.1,-74.0,71.1,-74.0
8096,F,11,R,H,PRONATION,0.260,-0.908,-0.329,-2.262,-1.258,0.412,-109.9,-15.1,-74.0,71.0,-74.0
8107,F,11,R,H,PRONATION,0.260,-0.908,-0.329,-2.624,-1.258,0.408,-109.9,-15.1,-74.0,71.0,-74.0
8117,F,11,R,H,PRONATION,0.261,-0.908,-0.330,-3.053,-1.243,0.396,-110.0,-15.1,-74.0,71.0,-74.0
8127,F,11,R,H,PRONATION,0.261,-0.907,-0.331,-3.480,-1.244,0.367,-110.0,-15.1,-73.9,71.0,-73.9
8137,F,11,R,H,PRONATION,0.261,-0.907,-0.332,-3.879,-1.289,0.335,-110.1,-15.1,-73.9,71.0,-73.9
8147,F,11,R,H,PRONATION,0.260,-0.906,-0.333,-4.155,-1.363,0.337,-110.2,-15.1,-74.0,70.9,-74.0
8157,F,11,R,H,PRONATION,0.259,-0.906,-0.334,-4.371,-1.425,0.364,-110.2,-15.0,-74.0,70.9,-74.0
8167,F,11,R,H,PRONATION,0.259,-0.906,-0.334,-4.523,-1.452,0.422,-110.3,-15.0,-74.0,70.9,-74.0
8177,F,11,R,H,PRONATION,0.259,-0.905,-0.334,-4.615,-1.466,0.498,-110.3,-15.0,-74.0,70.9,-74.0
8187,F,11,R,H,PRONATION,0.259,-0.904,-0.335,-4.692,-1.474,0.576,-110.3,-15.0,-74.0,70.9,-74.0
8197,F,11,R,H,PRONATION,0.259,-0.904,-0.336,-4.749,-1.470,0.640,-110.4,-15.0,-74.0,70.8,-74.0
8207,F,11,R,H,PRONATION,0.260,-0.904,-0.336,-4.784,-1.463,0.687,-110.4,-15.1,-74.0,70.8,-74.0
8217,F,11,R,H,PRONATION,0.260,-0.904,-0.337,-4.765,-1.449,0.723,-110.4,-15.1,-74.0,70.9,-74.0
8227,F,11,R,H,PRONATION,0.260,-0.903,-0.338,-4.699,-1.418,0.761,-110.5,-15.1,-73.9,70.8,-73.9
8237,F,11,R,H,PRONATION,0.260,-0.903,-0.338,-4.599,-1.386,0.791,-110.5,-15.1,-73.9,70.8,-73.9
8247,F,11,R,H,PRONATION,0.260,-0.903,-0.339,-4.494,-1.363,0.805,-110.6,-15.1,-73.9,70.8,-73.9
8257,F,11,R,H,PRONATION,0.261,-0.903,-0.339,-4.379,-1.354,0.796,-110.6,-15.1,-73.9,70.8,-73.9
8267,F,11,R,H,PRONATION,0.261,-0.903,-0.339,-4.257,-1.352,0.769,-110.6,-15.2,-73.9,70.8,-73.9
8277,F,11,R,H,PRONATION,0.261,-0.902,-0.340,-4.119,-1.369,0.735,-110.6,-15.2,-73.8,70.8,-73.8
8287,F,11,R,H,PRONATION,0.261,-0.902,-0.340,-3.996,-1.399,0.688,-110.6,-15.2,-73.9,70.8,-73.9
8297,F,11,R,H,PRONATION,0.261,-0.902,-0.340,-3.890,-1.429,0.638,-110.7,-15.2,-73.8,70.8,-73.8
8307,F,11,R,H,PRONATION,0.261,-0.902,-0.341,-3.800,-1.449,0.591,-110.7,-15.2,-73.8,70.8,-73.8
8317,F,11,R,H,PRONATION,0.261,-0.901,-0.341,-3.705,-1.431,0.557,-110.7,-15.2,-73.8,70.8,-73.8
8327,F,11,R,H,PRONATION,0.262,-0.900,-0.342,-3.602,-1.391,0.536,-110.8,-15.2,-73.8,70.8,-73.8
8337,F,11,R,H,PRONATION,0.262,-0.900,-0.342,-3.453,-1.341,0.500,-110.8,-15.2,-73.8,70.8,-73.8
8347,F,11,R,H,PRONATION,0.262,-0.899,-0.342,-3.242,-1.320,0.458,-110.8,-15.2,-73.7,70.8,-73.7
8357,F,11,R,H,PRONATION,0.262,-0.898,-0.343,-2.976,-1.311,0.414,-110.9,-15.3,-73.7,70.8,-73.7
8367,F,11,R,H,PRONATION,0.262,-0.898,-0.343,-2.677,-1.319,0.385,-110.9,-15.2,-73.7,70.9,-73.7
8377,F,11,R,H,PRONATION,0.262,-0.898,-0.343,-2.374,-1.340,0.358,-110.9,-15.2,-73.7,70.9,-73.7
8387,F,11,R,H,PRONATION,0.262,-0.899,-0.343,-2.129,-1.345,0.332,-110.9,-15.2,-73.7,70.9,-73.7
8397,F,11,R,H,PRONATION,0.262,-0.899,-0.344,-2.007,-1.359,0.317,-110.9,-15.2,-73.7,70.9,-73.7
8407,F,11,R,H,PRONATION,0.262,-0.900,-0.344,-1.933,-1.372,0.309,-110.9,-15.2,-73.8,70.9,-73.8
8418,F,11,R,H,PRONATION,0.262,-0.900,-0.345,-1.922,-1.345,0.297,-111.0,-15.2,-73.7,70.9,-73.7
8428,F,11,R,H,PRONATION,0.263,-0.899,-0.345,-2.055,-1.322,0.267,-111.0,-15.3,-73.7,70.9,-73.7
8438,F,11,R,H,PRONATION,0.263,-0.900,-0.344,-2.243,-1.328,0.221,-111.0,-15.3,-73.7,70.8,-73.7
8448,F,11,R,H,PRONATION,0.264,-0.899,-0.345,-2.463,-1.339,0.174,-111.0,-15.3,-73.7,70.8,-73.7
8458,F,11,R,H,PRONATION,0.264,-0.900,-0.345,-2.623,-1.367,0.140,-111.0,-15.3,-73.6,70.8,-73.6
8468,F,11,R,H,PRONATION,0.265,-0.900,-0.345,-2.735,-1.397,0.118,-111.0,-15.4,-73.6,70.8,-73.6
8478,F,11,R,H,PRONATION,0.265,-0.899,-0.344,-2.834,-1.417,0.102,-110.9,-15.4,-73.6,70.9,-73.6
8488,F,11,R,H,PRONATION,0.266,-0.899,-0.345,-2.959,-1.455,0.082,-111.0,-15.4,-73.5,70.9,-73.5
8498,F,11,R,H,PRONATION,0.266,-0.899,-0.344,-3.025,-1.507,0.074,-110.9,-15.4,-73.5,70.9,-73.5
8508,F,11,R,H,PRONATION,0.266,-0.899,-0.343,-3.026,-1.561,0.056,-110.9,-15.5,-73.5,70.9,-73.5
8518,F,11,R,H,PRONATION,0.266,-0.899,-0.343,-3.003,-1.625,0.032,-110.9,-15.5,-73.5,70.9,-73.5
8528,F,11,R,H,PRONATION,0.266,-0.900,-0.343,-2.951,-1.682,0.006,-110.9,-15.5,-73.5,70.8,-73.5
8538,F,11,R,H,PRONATION,0.267,-0.900,-0.343,-2.857,-1.697,-0.009,-110.9,-15.5,-73.5,70.8,-73.5
8548,F,11,R,H,PRONATION,0.267,-0.901,-0.343,-2.716,-1.709,0.007,-110.9,-15.5,-73.5,70.8,-73.5
8558,F,11,R,H,PRONATION,0.267,-0.901,-0.344,-2.549,-1.747,0.011,-110.9,-15.5,-73.5,139.3,-73.5
8568,F,11,R,H,PRONATION,0.266,-0.901,-0.343,-2.381,-1.800,0.019,-110.8,-15.4,-73.6,139.3,-73.6
8578,F,11,R,H,PRONATION,0.266,-0.902,-0.342,-2.230,-1.848,0.033,-110.8,-15.4,-73.6,139.3,-73.6
8588,F,11,R,H,PRONATION,0.267,-0.902,-0.342,-2.117,-1.861,0.091,-110.8,-15.5,-73.5,139.3,-73.5
8598,F,11,R,H,PRONATION,0.267,-0.902,-0.341,-2.006,-1.896,0.162,-110.7,-15.5,-73.5,139.3,-73.5
8608,F,11,R,H,PRONATION,0.266,-0.902,-0.341,-1.886,-1.937,0.243,-110.7,-15.4,-73.6,139.2,-73.6
8618,F,11,R,H,PRONATION,0.266,-0.901,-0.340,-1.772,-1.984,0.328,-110.7,-15.4,-73.6,139.2,-73.6
8628,F,11,R,H,PRONATION,0.266,-0.901,-0.339,-1.684,-2.016,0.415,-110.6,-15.4,-73.6,139.2,-73.6
8638,F,11,R,H,PRONATION,0.266,-0.901,-0.339,-1.586,-2.023,0.519,-110.6,-15.4,-73.5,139.2,-73.5
8648,F,11,R,H,PRONATION,0.266,-0.901,-0.340,-1.471,-2.039,0.635,-110.7,-15.4,-73.5,139.2,-73.5
8658,F,11,R,H,PRONATION,0.266,-0.900,-0.340,-1.390,-2.073,0.744,-110.7,-15.5,-73.5,139.2,-73.5
8668,F,11,R,H,PRONATION,0.265,-0.900,-0.340,-1.339,-2.113,0.853,-110.7,-15.4,-73.6,139.2,-73.6
8678,F,11,R,H,PRONATION,0.265,-0.900,-0.340,-1.317,-2.125,0.956,-110.7,-15.4,-73.6,139.2,-73.6
8688,F,11,R,H,PRONATION,0.264,-0.900,-0.341,-1.328,-2.109,1.061,-110.7,-15.4,-73.6,139.2,-73.6
8698,F,11,R,H,PRONATION,0.264,-0.900,-0.342,-1.344,-2.078,1.162,-110.8,-15.4,-73.6,139.2,-73.6
8708,F,11,R,H,PRONATION,0.264,-0.899,-0.342,-1.382,-2.036,1.252,-110.8,-15.4,-73.6,139.2,-73.6
8718,F,11,R,H,PRONATION,0.265,-0.899,-0.343,-1.422,-1.972,1.323,-110.9,-15.4,-73.6,139.3,-73.6
8729,F,11,R,H,PRONATION,0.265,-0.899,-0.343,-1.474,-1.890,1.395,-110.9,-15.4,-73.5,139.2,-73.5
8739,F,11,R,H,PRONATION,0.266,-0.898,-0.345,-1.542,-1.814,1.423,-111.0,-15.5,-73.5,139.2,-73.5
8749,F,11,R,H,PRONATION,0.266,-0.898,-0.345,-1.609,-1.744,1.447,-111.0,-15.5,-73.5,139.2,-73.5
8759,F,11,R,H,PRONATION,0.266,-0.898,-0.345,-1.709,-1.662,1.461,-111.0,-15.5,-73.5,139.2,-73.5
8769,F,11,R,H,PRONATION,0.266,-0.898,-0.345,-1.806,-1.575,1.476,-111.0,-15.5,-73.5,139.3,-73.5
8779,F,11,R,H,PRONATION,0.266,-0.898,-0.344,-1.880,-1.497,1.501,-111.0,-15.4,-73.5,139.3,-73.5
8789,F,11,R,H,PRONATION,0.266,-0.897,-0.344,-1.988,-1.441,1.492,-111.0,-15.5,-73.5,139.3,-73.5
8799,F,11,R,H,PRONATION,0.265,-0.897,-0.345,-2.104,-1.387,1.471,-111.0,-15.4,-73.5,139.2,-73.5
8809,F,11,R,H,PRONATION,0.264,-0.897,-0.344,-2.182,-1.324,1.447,-111.0,-15.4,-73.6,139.2,-73.6
8819,F,11,R,H,PRONATION,0.264,-0.897,-0.345,-2.237,-1.247,1.410,-111.0,-15.4,-73.6,139.2,-73.6
8829,F,11,R,H,PRONATION,0.264,-0.897,-0.346,-2.263,-1.162,1.378,-111.1,-15.3,-73.6,139.2,-73.6
8839,F,11,R,H,PRONATION,0.264,-0.896,-0.347,-2.260,-1.077,1.344,-111.1,-15.3,-73.6,139.2,-73.6
8849,F,11,R,H,PRONATION,0.264,-0.897,-0.348,-2.222,-1.027,1.317,-111.2,-15.3,-73.6,139.2,-73.6
8859,F,11,R,H,PRONATION,0.264,-0.897,-0.348,-2.149,-0.995,1.287,-111.2,-15.3,-73.6,139.2,-73.6
8869,F,11,R,H,PRONATION,0.263,-0.897,-0.348,-2.105,-0.985,1.254,-111.2,-15.3,-73.6,139.2,-73.6
8879,F,11,R,H,PRONATION,0.263,-0.897,-0.348,-2.065,-0.976,1.229,-111.2,-15.3,-73.7,139.2,-73.7
8889,F,11,R,H,PRONATION,0.263,-0.897,-0.349,-2.024,-0.959,1.227,-111.3,-15.3,-73.7,139.2,-73.7
8899,F,11,R,H,PRONATION,0.263,-0.897,-0.349,-2.003,-0.936,1.218,-111.3,-15.3,-73.7,139.3,-73.7
8909,F,11,R,H,PRONATION,0.263,-0.898,-0.349,-2.054,-0.900,1.213,-111.2,-15.3,-73.7,139.3,-73.7
8919,F,11,R,H,PRONATION,0.264,-0.898,-0.348,-2.169,-0.858,1.201,-111.2,-15.3,-73.6,139.3,-73.6
8929,F,11,R,H,PRONATION,0.264,-0.898,-0.348,-2.303,-0.839,1.182,-111.2,-15.3,-73.6,139.3,-73.6
8939,F,11,R,H,PRONATION,0.264,-0.898,-0.348,-2.377,-0.835,1.180,-111.2,-15.3,-73.6,139.3,-73.6
8949,F,11,R,H,PRONATION,0.264,-0.898,-0.348,-2.414,-0.830,1.190,-111.2,-15.3,-73.7,139.3,-73.7
8959,F,11,R,H,PRONATION,0.263,-0.898,-0.348,-2.434,-0.849,1.202,-111.2,-15.3,-73.7,139.3,-73.7
8969,F,11,R,H,PRONATION,0.263,-0.898,-0.349,-2.426,-0.898,1.229,-111.2,-15.3,-73.7,139.3,-73.7
8979,F,11,R,H,PRONATION,0.263,-0.898,-0.349,-2.351,-0.922,1.257,-111.3,-15.3,-73.7,139.3,-73.7
8989,F,11,R,H,PRONATION,0.262,-0.897,-0.350,-2.247,-0.925,1.284,-111.3,-15.2,-73.7,139.3,-73.7
8999,F,11,R,H,PRONATION,0.263,-0.897,-0.351,-2.128,-0.892,1.290,-111.4,-15.3,-73.7,139.3,-73.7
9009,F,11,R,H,PRONATION,0.263,-0.897,-0.352,-2.011,-0.853,1.281,-111.4,-15.2,-73.7,139.3,-73.7
9019,F,11,R,H,PRONATION,0.263,-0.897,-0.351,-1.882,-0.820,1.278,-111.4,-15.3,-73.7,139.3,-73.7
9029,F,11,R,H,PRONATION,0.263,-0.896,-0.352,-1.768,-0.783,1.292,-111.4,-15.3,-73.7,139.3,-73.7
9040,F,11,R,H,PRONATION,0.263,-0.897,-0.352,-1.687,-0.742,1.294,-111.4,-15.3,-73.7,139.3,-73.7
9050,F,11,R,H,PRONATION,0.264,-0.897,-0.353,-1.660,-0.728,1.298,-111.5,-15.3,-73.6,139.2,-73.6
9060,F,11,R,H,PRONATION,0.263,-0.897,-0.353,-1.631,-0.717,1.295,-111.5,-15.3,-73.6,139.2,-73.6
9070,F,11,R,H,PRONATION,0.263,-0.897,-0.353,-1.659,-0.706,1.282,-111.5,-15.3,-73.6,139.2,-73.6
9080,F,11,R,H,PRONATION,0.263,-0.897,-0.352,-1.751,-0.698,1.237,-111.4,-15.3,-73.6,139.2,-73.6
9090,F,11,R,H,PRONATION,0.264,-0.897,-0.351,-1.891,-0.695,1.180,-111.4,-15.3,-73.6,139.2,-73.6
9100,F,11,R,H,PRONATION,0.263,-0.896,-0.351,-2.030,-0.683,1.139,-111.4,-15.3,-73.6,139.2,-73.6
9110,F,11,R,H,PRONATION,0.263,-0.895,-0.352,-2.166,-0.656,1.099,-111.4,-15.3,-73.6,139.2,-73.6
9120,F,11,R,H,PRONATION,0.263,-0.895,-0.351,-2.259,-0.634,1.079,-111.4,-15.3,-73.6,139.2,-73.6
9130,F,11,R,H,PRONATION,0.264,-0.894,-0.352,-2.283,-0.620,1.044,-111.5,-15.3,-73.6,139.2,-73.6
9140,F,11,R,H,PRONATION,0.264,-0.893,-0.352,-2.263,-0.622,1.001,-111.5,-15.4,-73.6,139.2,-73.6
9150,F,11,R,H,PRONATION,0.264,-0.893,-0.352,-2.186,-0.637,0.951,-111.5,-15.4,-73.5,139.2,-73.5
9160,F,11,R,H,PRONATION,0.264,-0.894,-0.352,-2.098,-0.652,0.877,-111.5,-15.4,-73.5,139.2,-73.5
9170,F,11,R,H,PRONATION,0.264,-0.894,-0.352,-2.011,-0.677,0.781,-111.5,-15.4,-73.5,139.2,-73.5
9180,F,11,R,H,PRONATION,0.265,-0.894,-0.352,-1.946,-0.713,0.684,-111.5,-15.4,-73.5,139.2,-73.5
9190,F,11,R,H,PRONATION,0.265,-0.894,-0.352,-1.910,-0.753,0.578,-111.5,-15.4,-73.5,139.2,-73.5
9200,F,11,R,H,PRONATION,0.265,-0.894,-0.353,-1.932,-0.791,0.454,-111.5,-15.4,-73.5,139.2,-73.5
9210,F,11,R,H,PRONATION,0.265,-0.894,-0.352,-2.044,-0.801,0.331,-111.5,-15.4,-73.5,139.2,-73.5
9220,F,11,R,H,PRONATION,0.265,-0.895,-0.353,-2.246,-0.807,0.221,-111.5,-15.4,-73.5,139.2,-73.5
9230,F,11,R,H,PRONATION,0.265,-0.895,-0.353,-2.462,-0.822,0.130,-111.5,-15.4,-73.5,139.1,-73.5
9240,F,11,R,H,PRONATION,0.264,-0.895,-0.353,-2.683,-0.840,0.050,-111.6,-15.4,-73.5,139.1,-73.5
9250,F,11,R,H,PRONATION,0.265,-0.894,-0.354,-2.838,-0.903,-0.030,-111.6,-15.4,-73.5,139.1,-73.5
9260,F,11,R,H,PRONATION,0.264,-0.893,-0.354,-2.887,-0.962,-0.110,-111.6,-15.4,-73.5,139.1,-73.5
9270,F,11,R,H,PRONATION,0.265,-0.892,-0.354,-2.862,-1.012,-0.176,-111.6,-15.4,-73.5,139.1,-73.5
9280,F,11,R,H,PRONATION,0.265,-0.892,-0.354,-2.893,-1.026,-0.219,-111.7,-15.4,-73.4,139.1,-73.4
9290,F,11,R,H,PRONATION,0.266,-0.892,-0.353,-2.988,-1.035,-0.244,-111.6,-15.5,-73.4,139.0,-73.4
9300,F,11,R,H,PRONATION,0.266,-0.892,-0.354,-3.064,-1.064,-0.259,-111.6,-15.5,-73.4,139.0,-73.4
9310,F,11,R,H,PRONATION,0.267,-0.891,-0.353,-3.066,-1.094,-0.269,-111.6,-15.6,-73.3,139.1,-73.3
9320,F,11,R,H,PRONATION,0.268,-0.891,-0.353,-3.068,-1.139,-0.274,-111.6,-15.6,-73.3,139.1,-73.3
9330,F,11,R,H,PRONATION,0.268,-0.891,-0.353,-3.044,-1.193,-0.286,-111.6,-15.7,-73.2,139.1,-73.2
9340,F,11,R,H,PRONATION,0.269,-0.891,-0.353,-3.120,-1.246,-0.299,-111.6,-15.7,-73.2,139.1,-73.2
9351,F,11,R,H,PRONATION,0.269,-0.891,-0.352,-3.157,-1.310,-0.322,-111.6,-15.7,-73.2,139.1,-73.2
9361,F,11,R,H,PRONATION,0.269,-0.891,-0.353,-3.272,-1.336,-0.337,-111.6,-15.7,-73.2,139.1,-73.2
9371,F,11,R,H,PRONATION,0.269,-0.890,-0.354,-3.341,-1.367,-0.347,-111.7,-15.7,-73.2,139.0,-73.2
9381,F,11,R,H,PRONATION,0.270,-0.890,-0.355,-3.393,-1.415,-0.340,-111.7,-15.7,-73.2,139.0,-73.2
9391,F,11,R,H,PRONATION,0.270,-0.891,-0.354,-3.393,-1.416,-0.334,-111.7,-15.7,-73.1,139.0,-73.1
9401,F,11,R,H,PRONATION,0.270,-0.892,-0.355,-3.390,-1.429,-0.348,-111.7,-15.7,-73.1,138.9,-73.1
9411,F,11,R,H,PRONATION,0.271,-0.892,-0.357,-3.576,-1.449,-0.409,-111.8,-15.8,-73.1,138.9,-73.1
9421,F,11,R,H,PRONATION,0.272,-0.894,-0.357,-3.749,-1.440,-0.503,-111.8,-15.8,-73.1,138.9,-73.1
9431,F,11,R,H,PRONATION,0.272,-0.895,-0.358,-3.900,-1.422,-0.628,-111.8,-15.8,-73.1,138.9,-73.1
9441,F,11,R,H,PRONATION,0.271,-0.896,-0.358,-3.977,-1.394,-0.789,-111.8,-15.7,-73.2,138.9,-73.2
9451,F,11,R,H,PRONATION,0.270,-0.897,-0.359,-3.982,-1.335,-0.930,-111.8,-15.6,-73.3,138.9,-73.3
9461,F,11,R,H,PRONATION,0.268,-0.898,-0.359,-3.860,-1.292,-1.052,-111.8,-15.5,-73.4,138.8,-73.4
9471,F,11,R,H,PRONATION,0.266,-0.898,-0.359,-3.726,-1.212,-1.157,-111.8,-15.4,-73.5,138.9,-73.5
9481,F,11,R,H,PRONATION,0.265,-0.898,-0.359,-3.587,-1.164,-1.240,-111.8,-15.3,-73.6,138.9,-73.6
9491,F,11,R,H,PRONATION,0.264,-0.898,-0.359,-3.458,-1.103,-1.314,-111.8,-15.2,-73.6,138.8,-73.6
9501,F,11,R,H,PRONATION,0.263,-0.898,-0.360,-3.314,-1.060,-1.356,-111.8,-15.2,-73.7,138.8,-73.7
9511,F,11,R,H,PRONATION,0.263,-0.897,-0.359,-3.150,-1.066,-1.378,-111.8,-15.2,-73.7,138.8,-73.7
9521,F,11,R,H,PRONATION,0.263,-0.897,-0.360,-2.958,-1.134,-1.376,-111.9,-15.2,-73.7,138.8,-73.7
9531,F,11,R,H,PRONATION,0.263,-0.896,-0.359,-2.763,-1.243,-1.320,-111.9,-15.3,-73.6,138.8,-73.6
9541,F,11,R,H,PRONATION,0.264,-0.896,-0.359,-2.625,-1.386,-1.217,-111.8,-15.3,-73.6,0.0,-73.6
9551,F,11,R,H,PRONATION,0.265,-0.896,-0.358,-2.564,-1.550,-1.063,-111.8,-15.4,-73.5,0.0,-73.5
9561,F,11,R,H,PRONATION,0.267,-0.896,-0.357,-2.590,-1.708,-0.852,-111.7,-15.5,-73.4,0.0,-73.4
9571,F,11,R,H,PRONATION,0.268,-0.895,-0.357,-2.629,-1.878,-0.620,-111.7,-15.5,-73.3,0.0,-73.3
9581,F,11,R,H,PRONATION,0.270,-0.895,-0.357,-2.713,-2.067,-0.393,-111.8,-15.6,-73.2,0.0,-73.2
9591,F,11,R,H,PRONATION,0.271,-0.895,-0.357,-2.808,-2.250,-0.188,-111.8,-15.7,-73.1,0.0,-73.1
9601,F,11,R,H,PRONATION,0.272,-0.894,-0.357,-2.956,-2.425,-0.024,-111.8,-15.8,-73.1,0.0,-73.1
9611,F,11,R,H,PRONATION,0.274,-0.893,-0.358,-3.104,-2.536,0.111,-111.8,-15.9,-73.0,0.0,-73.0
9621,F,11,R,H,PRONATION,0.275,-0.893,-0.358,-3.256,-2.611,0.232,-111.8,-16.0,-72.9,0.0,-72.9
9631,F,11,R,H,PRONATION,0.277,-0.892,-0.358,-3.402,-2.672,0.331,-111.9,-16.1,-72.8,0.0,-72.8
9641,F,11,R,H,PRONATION,0.278,-0.890,-0.359,-3.462,-2.752,0.377,-111.9,-16.2,-72.6,0.0,-72.6
9651,F,11,R,H,PRONATION,0.279,-0.888,-0.359,-3.398,-2.844,0.371,-112.0,-16.3,-72.5,0.0,-72.5
9662,F,11,R,H,PRONATION,0.280,-0.886,-0.360,-3.217,-2.925,0.278,-112.1,-16.3,-72.5,0.0,-72.5
9672,F,11,R,H,PRONATION,0.280,-0.885,-0.360,-2.953,-2.969,0.162,-112.1,-16.3,-72.5,0.0,-72.5
9682,F,11,R,H,PRONATION,0.280,-0.884,-0.360,-2.564,-2.977,0.018,-112.2,-16.3,-72.5,0.0,-72.5
9692,F,11,R,H,PRONATION,0.279,-0.884,-0.360,-2.146,-2.953,-0.119,-112.2,-16.3,-72.5,0.0,-72.5
9702,F,11,R,H,PRONATION,0.279,-0.884,-0.361,-1.751,-2.890,-0.245,-112.2,-16.3,-72.5,0.0,-72.5
9712,F,11,R,H,PRONATION,0.278,-0.884,-0.362,-1.378,-2.815,-0.362,-112.3,-16.2,-72.5,0.0,-72.5
9722,F,11,R,H,PRONATION,0.278,-0.884,-0.362,-1.066,-2.719,-0.483,-112.3,-16.2,-72.6,0.0,-72.6
9732,F,11,R,H,PRONATION,0.277,-0.885,-0.363,-0.849,-2.616,-0.615,-112.3,-16.2,-72.6,0.0,-72.6
9742,F,11,R,H,PRONATION,0.277,-0.886,-0.364,-0.741,-2.464,-0.748,-112.3,-16.1,-72.6,0.0,-72.6
9752,F,11,R,H,PRONATION,0.277,-0.886,-0.365,-0.635,-2.314,-0.877,-112.4,-16.1,-72.7,0.0,-72.7
9762,F,11,R,H,PRONATION,0.276,-0.887,-0.365,-0.625,-2.101,-1.017,-112.4,-16.1,-72.7,0.0,-72.7
9772,F,11,R,H,PRONATION,0.276,-0.888,-0.366,-0.751,-1.869,-1.157,-112.4,-16.0,-72.8,0.0,-72.8
9782,F,11,R,H,PRONATION,0.275,-0.889,-0.366,-1.068,-1.620,-1.337,-112.4,-16.0,-72.8,0.0,-72.8
9792,F,11,R,H,PRONATION,0.275,-0.891,-0.367,-1.462,-1.379,-1.563,-112.4,-15.9,-72.9,0.0,-72.9
9802,F,11,R,H,PRONATION,0.274,-0.892,-0.367,-1.823,-1.166,-1.811,-112.3,-15.9,-72.9,0.0,-72.9
9812,F,11,R,H,PRONATION,0.273,-0.893,-0.366,-2.128,-0.981,-2.111,-112.3,-15.8,-73.0,0.0,-73.0
9822,F,11,R,H,PRONATION,0.271,-0.893,-0.365,-2.393,-0.836,-2.437,-112.3,-15.7,-73.1,0.0,-73.1
9832,F,11,R,H,PRONATION,0.270,-0.892,-0.364,-2.645,-0.685,-2.777,-112.2,-15.6,-73.2,0.0,-73.2
9842,F,11,R,H,PRONATION,0.269,-0.892,-0.364,-2.873,-0.525,-3.105,-112.2,-15.6,-73.2,0.0,-73.2
